label,x0,y0,z0,x1,y1,z1,x2,y2,z2,x3,y3,z3,x4,y4,z4,x5,y5,z5,x6,y6,z6,x7,y7,z7,x8,y8,z8,x9,y9,z9,x10,y10,z10,x11,y11,z11,x12,y12,z12,x13,y13,z13,x14,y14,z14,x15,y15,z15,x16,y16,z16,x17,y17,z17,x18,y18,z18,x19,y19,z19,x20,y20,z20
unknown,0.0,0.0,0.0,-0.2746330496890704,-0.03300417363535598,-0.1584316899251806,-0.5917581377718399,-0.183741571258088,-0.28448950486989283,-0.8739673490403405,-0.25017780569183745,-0.41625938243895,-1.1088941758619728,-0.23846194242642205,-0.5447288781832724,-0.5161833139151569,-0.8912892449175658,-0.1504872397518503,-0.5570459693644256,-1.3215694486536174,-0.2988001981454429,-0.5901264803441507,-1.6155485421649267,-0.3661777132602731,-0.5998238818726991,-1.8670421364219054,-0.4090471026421063,-0.31888297933131515,-0.9345268873544982,-0.15802892869439122,-0.2852561659038979,-1.0268481628239627,-0.3561683876760785,-0.24948437260835007,-0.6463089177821993,-0.35053818867964526,-0.27295121147448664,-0.6004539137353511,-0.30112550188942505,-0.1100159022907046,-0.9289802756178211,-0.19239366978404357,-0.0796863788123423,-0.9834993550177628,-0.3841879246336538,-0.0805002173533356,-0.6478603996750205,-0.30148046343298146,-0.1255092557831619,-0.6122161195971618,-0.20428758244205186,0.0830173595446663,-0.8776818645121579,-0.24391656172569737,0.11113963917569185,-0.93442112388297,-0.3567565192924496,0.07805969681678138,-0.6668000217699757,-0.2930774028032211,0.02984505854426533,-0.5945573158872459,-0.21863042056303114
unknown,0.0,0.0,0.0,-0.1902473329173424,-0.14313575525932695,-0.16724198783847322,-0.40611698940183294,-0.3723106349347719,-0.29729247875259734,-0.6129955166283059,-0.5456642360195678,-0.4275634119385075,-0.8105745631599104,-0.6302215480797255,-0.5509637827605637,-0.2618869063466016,-0.9985523224045725,-0.17666881410684548,-0.21780856674949176,-1.4419131972457855,-0.32099355569831695,-0.17387376749804556,-1.7274179197002981,-0.39023046454890353,-0.12674731519281113,-1.9613538764576117,-0.4348283012001382,-0.09936398214140141,-0.9795874446932477,-0.1747433468042685,0.08199917023142812,-1.0714889650713315,-0.3811186275287034,0.02504860842391003,-0.7378405131882746,-0.3905053480295113,-0.07860864314432137,-0.6639411833534996,-0.3524217887546168,0.06748062206681713,-0.9081837831688823,-0.19650151592354684,0.22915078274695008,-0.9323196832394324,-0.3968635159832877,0.14700465100099788,-0.6465884199077737,-0.34208974723642116,0.031604757932171754,-0.600810503119417,-0.262781828333024,0.21029211001676915,-0.8002479880745678,-0.23433726357577223,0.351565559444273,-0.8313969868159483,-0.3621280538643077,0.2686411861558209,-0.6148825143745126,-0.3259905818716975,0.1581424893456667,-0.5608220965216529,-0.271012100792479
unknown,0.0,0.0,0.0,-0.2388483397940502,-0.1164083876897075,-0.16859967331861353,-0.48106472978290826,-0.35284191532614784,-0.26311861157332744,-0.6870091682268626,-0.5624573342963329,-0.3488810328660342,-0.8771734680151946,-0.6668802676007245,-0.4283318841617667,-0.3811454758122529,-0.9360452305533691,-0.14929633336242312,-0.46113778271105205,-1.360789084074196,-0.2679941932678869,-0.48698337857068363,-1.639270233529814,-0.34536795441545376,-0.5096670491951126,-1.8643641553982644,-0.39624302506733305,-0.20489511424275325,-0.9669001088402559,-0.15205976352786518,-0.1617504128234989,-1.4318171847743864,-0.336837502449706,-0.08247400538314768,-1.4016275737158141,-0.4125481135066817,-0.042402335113236704,-1.2534555167449513,-0.4164654586697331,-0.03455649706601077,-0.9019311901347735,-0.17118880347023716,0.0618754620542102,-1.13931435976934,-0.36975269536248784,0.08305325535686074,-0.8878758556596313,-0.3870466945466285,0.05605275558887505,-0.6530027212973005,-0.33825822556626023,0.12074406007800127,-0.7682681439283728,-0.202463087794088,0.2099919961818018,-0.9438995552528048,-0.34415529811960377,0.20004046149559265,-0.774832785175037,-0.34311438864983107,0.1540701364151465,-0.5992482662001034,-0.30411340305320866
unknown,0.0,0.0,0.0,-0.22208526870781323,-0.15519421388557114,-0.1748167961486037,-0.39776028935176866,-0.4188973716492945,-0.26306364260009846,-0.5625821073646058,-0.6465523265274238,-0.3429485662042887,-0.735876620952015,-0.7914696117065344,-0.4119884512765436,-0.21701578935330168,-0.9742292343386764,-0.1068043334497328,-0.21019899604835401,-1.3557790981930493,-0.2023674177115138,-0.2015113453161774,-1.5872380642647834,-0.276494208719468,-0.1883346859601528,-1.8061729743143797,-0.3327909841686153,-0.06751087060920907,-0.992466192536075,-0.1022405938095684,-0.084909516806969,-1.4185172823224623,-0.21140756736062238,-0.08221674115356103,-1.676795281422691,-0.28837933381478503,-0.06778418760033036,-1.9106047211579933,-0.3386481843378688,0.07693138859013122,-0.9030899626371633,-0.12153754061132892,0.16567573688480958,-1.1943944642988813,-0.2915845132514515,0.16490981978876915,-0.9675452961738467,-0.328168858104274,0.14605304580440345,-0.7775574620980107,-0.3140112937070575,0.22115384007492295,-0.7529164402362875,-0.15511054600487315,0.29420265850902994,-0.9391727891723044,-0.3112761893305764,0.2672869677922168,-0.7846107191913421,-0.34076180076249,0.227674627406281,-0.6358622747297771,-0.33387267812903787
unknown,0.0,0.0,0.0,-0.2203901408440791,-0.19264830542116096,-0.1472497586762263,-0.3882657015801542,-0.47932053759043214,-0.22817408585020565,-0.5516654867854164,-0.7254737443059982,-0.3063050330628403,-0.7133541821223472,-0.8857024416112687,-0.3755926013696444,-0.11842143829421793,-1.015542204258648,-0.08001491128257938,-0.06660702583306298,-1.3854601424128896,-0.15331647924009617,-0.025711830829694204,-1.5980378089077842,-0.21657518472931592,0.016138503072891646,-1.7901245354635513,-0.2713787204283253,0.038347622846969645,-0.9951600217319939,-0.09047646637863373,0.09129696505895898,-1.4214074771269947,-0.17083122175315346,0.13819094068664023,-1.6717179459673464,-0.24033294383940915,0.1886064893566029,-1.8885635048208715,-0.29564352920300113,0.16957407594662963,-0.8611612579114132,-0.12281496627970187,0.2946188807923931,-1.2118010417372134,-0.2723381902269628,0.28037580671992257,-1.0233823696095323,-0.32251898408239277,0.2475372217087453,-0.8384867420266382,-0.33103018801915907,0.2946127272364598,-0.6534458370145356,-0.16666907691550778,0.40385627062906926,-0.8171954384973121,-0.33226394254055325,0.3788262805513792,-0.6990380680164071,-0.38884247813717976,0.33319257993343515,-0.5702668837341464,-0.4063152326639637
unknown,0.0,0.0,0.0,-0.21651544522190716,-0.19099928299804664,-0.14885710525932083,-0.3293846763236038,-0.5321635968189167,-0.20512541602090928,-0.33445308722684175,-0.8750997432696445,-0.2567511206482345,-0.37534051001937757,-1.1604330844303326,-0.2934183537518297,-0.24526094052666442,-0.9734411457518007,-0.06901556710316051,-0.2721814325842515,-1.378449166069775,-0.16262596567076967,-0.2862382842161259,-1.622154214439344,-0.2261822348080454,-0.29104292715504854,-1.84448923585417,-0.2706304762487861,-0.08678187570214724,-0.9935404210168011,-0.0731186560008783,-0.14152689063177576,-1.4386762280285,-0.19025279288971508,-0.16250973644917643,-1.705976910711793,-0.27485695388450454,-0.16632094895728078,-1.9516613916949914,-0.32408903591174504,0.06284766966347664,-0.9008072154597179,-0.09876638455155409,0.11850870486048302,-1.2077592344031698,-0.2834807262800652,0.12729879833532107,-0.9678019326332953,-0.32372198923610557,0.11946017220606928,-0.7691432136991458,-0.30276058108181253,0.21213877362429467,-0.7436979456317021,-0.13497870262479647,0.25967278422118467,-0.9517636935856841,-0.2975787590763288,0.23615677551328879,-0.8129346905019602,-0.326633992774953,0.19885055018092423,-0.6707543746858577,-0.3139671683413882
unknown,0.0,0.0,0.0,-0.25514793989767137,-0.20560091445986486,-0.0642265614384055,-0.3698092734070722,-0.5455957139643155,-0.07429610240148668,-0.3846790724377805,-0.8701508434959999,-0.08552441749702354,-0.42439083762380747,-1.1467399034615684,-0.08853425400504242,-0.24938135140208026,-0.9731449127337344,0.07142991356239872,-0.28402046109782586,-1.3291656485603582,0.04386212934989408,-0.285979868920042,-1.5309922775908922,-0.006210135722296066,-0.2788348130549869,-1.7243705725161504,-0.049755741251579604,-0.10621571456712568,-0.992605112534104,0.058764892156404826,-0.14170174626032228,-1.3802518581313865,0.051091593497409375,-0.15450050249775707,-1.605528514562119,0.006761183482853025,-0.1681068108691362,-1.8120876727024537,-0.035590285526627505,0.021234872109208353,-0.9407858089529514,0.025757484467755026,-0.0004507170580762619,-1.2916458553504713,0.012004403097894632,-0.020385548236795416,-1.502293004676036,-0.012776219790945217,-0.044231362858984005,-1.684535580701641,-0.042302256576023996,0.16883906944449087,-0.8337613935290735,-0.02029891175225893,0.158267477872856,-1.1039577066394064,-0.03518413369202993,0.13876717720355652,-1.2730363370040148,-0.04117852175262592,0.10963849081724329,-1.4307292446142352,-0.05271232531988515
unknown,0.0,0.0,0.0,-0.24547016574635933,-0.18811161837229187,-0.08766801144431319,-0.37704580402791094,-0.532290282614,-0.11322907619911525,-0.4270788225110596,-0.8500529801550659,-0.13541114550667258,-0.5154438372189267,-1.0879705116065173,-0.15281121338597983,-0.22825907821665664,-0.9773247587829812,0.009214383669234728,-0.2389767553006178,-1.3347209575368606,-0.0455900893385274,-0.22862340197922434,-1.5460909285021804,-0.10984962972478315,-0.20976877174317557,-1.7438452937542248,-0.1621644804686615,-0.07463139908373358,-0.9972098532586258,-0.0016318194491095552,-0.08447970819130245,-1.3911977204241308,-0.035380172580041926,-0.08278840967570626,-1.6261366689906454,-0.08791766156991919,-0.08341178217245045,-1.8371914516149148,-0.13417671089956867,0.059089642397372036,-0.9379822496345314,-0.033048816881844835,0.05622694694288206,-1.2971492337954031,-0.07218086219927884,0.04452772879280126,-1.5169762279588068,-0.10363679129113702,0.027989679801462806,-1.7132763757571763,-0.13484773308154238,0.20273646352105218,-0.8156588218370873,-0.07813212482050903,0.2104504063272048,-1.0803488966982482,-0.11631640967411651,0.20369688590708124,-1.2523815585921254,-0.13131373686952474,0.18623332933247655,-1.4176663246389687,-0.14681740829800938
unknown,0.0,0.0,0.0,-0.243616085596372,-0.19000079580567053,-0.09098317811909595,-0.3814220663714046,-0.5329364766256829,-0.12221974273497846,-0.43905136342065565,-0.8470640812669744,-0.1496435583095989,-0.5321471590836356,-1.0839106505814318,-0.17187153692557586,-0.22762821814954082,-0.9776419656248658,-0.005805890725489609,-0.2365589761783341,-1.3404867662685385,-0.06866561816342301,-0.22324297935295073,-1.5543627746346613,-0.1359795054159078,-0.2010978838491398,-1.7519951240915628,-0.1889726219614225,-0.07575413096534497,-0.9969805634217603,-0.01706070927349327,-0.08383345218273304,-1.3950508059922673,-0.05858291738249593,-0.07812017549106269,-1.631782041236654,-0.11145961992610262,-0.07386744366835912,-1.8422082040362466,-0.15597819995391532,0.05943510208937658,-0.9371170927872033,-0.048655680408681214,0.05617044826955003,-1.3021034181400404,-0.09400407873510955,0.04799996225412804,-1.5234492156436734,-0.1248211593984108,0.03435842229530025,-1.721941800375046,-0.15371944632495352,0.2039354411907353,-0.8124396909736891,-0.09396783807775158,0.21502426079903403,-1.0808441211889603,-0.13725503079723683,0.20864558708729514,-1.2527756300019903,-0.1525778324914342,0.1899499131276981,-1.4159604064715603,-0.16659964096392152
unknown,0.0,0.0,0.0,-0.24332394260351853,-0.19796149923434053,-0.06334951977926853,-0.36402767921270107,-0.542735603956167,-0.0802988714555077,-0.3980212644583975,-0.8319939715054282,-0.10095869234822585,-0.4490913141456749,-1.0803308235556541,-0.11739034534128057,-0.2505044428692294,-0.9661116487020572,0.03956863763383522,-0.2822854278918332,-1.3130122666947872,-0.006991240998225873,-0.2934935972692213,-1.515047996493311,-0.0690097304188377,-0.2979682563249576,-1.7149906337968415,-0.12201845025049829,-0.1139397026686656,-0.9933695507583182,0.015319261796615006,-0.15580300114705853,-1.3804477357089293,-0.01764041831259667,-0.17876193602837318,-1.6131618753347112,-0.07990075810284324,-0.20214282113928805,-1.8379591194559235,-0.13403268890692566,0.013003682455920037,-0.9485000379663387,-0.027367847814282562,-0.014673790022368724,-1.3104073086319092,-0.0648257376972395,-0.03741181667901524,-1.5308971010468297,-0.10736226304392425,-0.06365747275779239,-1.7291115841731204,-0.14668509107116032,0.15544209815518858,-0.8456555155503129,-0.08165170152433733,0.13104627684953388,-1.131693693044248,-0.11958875725509566,0.10858047948520672,-1.3191496869544657,-0.14073562387476504,0.08093580696346118,-1.498199372759327,-0.16153334426932228
unknown,0.0,0.0,0.0,-0.19633599760162035,-0.17055648310925106,-0.11921744805093676,-0.33835227221651937,-0.4318357243448219,-0.18867687839398065,-0.4033727847565378,-0.701538548257947,-0.24871414270331224,-0.37592737808766685,-0.9541444342821515,-0.29911260782291466,-0.2739929970846008,-0.9617047833681505,-0.0549361423726527,-0.3142033542275096,-1.336002836868607,-0.13753707495940928,-0.3286410334273515,-1.5589923143466613,-0.21926586557314326,-0.3270713299096381,-1.767055060865481,-0.2816664097088814,-0.12726093435677782,-0.9903510378714476,-0.05485869460337628,-0.1757584611702321,-1.3928468364430662,-0.11302888040561146,-0.19882704537995866,-1.6286366395630598,-0.1778129059734706,-0.22476459545387428,-1.8556297116052083,-0.22992480113565358,0.016322976912092047,-0.9435349842073235,-0.07435305531783534,-0.011511795087973124,-1.3143132482489632,-0.13096890990144236,-0.03150027535273236,-1.5376081445923602,-0.1661855255054329,-0.060210602632048804,-1.7378393059063497,-0.1960709641908427,0.18080494748196532,-0.832040165973537,-0.10852579045811758,0.19230720319881894,-1.1062231555329345,-0.15796571770657403,0.19006163523728906,-1.2854084767883276,-0.1733854453526335,0.1730298830510183,-1.457006182255272,-0.18501111668334563
unknown,0.0,0.0,0.0,-0.23754517932039548,-0.22379491172163518,-0.13119310518282412,-0.37556638643774654,-0.5484531581377124,-0.1760858387028174,-0.42808511310936054,-0.8692571579480173,-0.20976652630005774,-0.464553291946138,-1.1483316044602268,-0.23222014855034845,-0.22439918678152956,-0.9840569726284165,0.0029797618545996693,-0.22941772857540219,-1.3444045436239438,-0.055625139995678696,-0.22545626138145794,-1.5615878173618958,-0.1258521084524065,-0.21946427379239195,-1.7736987763099346,-0.18296182668745994,-0.06686806286771713,-0.9976202143302063,0.016809822368845685,-0.06951554907520278,-1.3666254817412158,-0.019780546907048523,-0.0680123457153847,-1.594673747963594,-0.07907714211572628,-0.07599385280697862,-1.8138789188930666,-0.13028229964020463,0.07017416658797945,-0.9369990930146286,0.004434382474288649,0.08513038107525278,-1.2832716433097398,-0.04275776438542827,0.08593217630819829,-1.48865829317044,-0.08367873981284017,0.07012942355042669,-1.6833686034632318,-0.1175293848551119,0.214523991638748,-0.8210698827154203,-0.02443666247008963,0.23466014825899334,-1.0795282831918864,-0.07449320774957356,0.23165553126085928,-1.2458542612690247,-0.10096827828630965,0.2138386910053944,-1.4124718012490523,-0.12109694044776492
unknown,0.0,0.0,0.0,-0.24457010048844674,-0.23383751885764908,-0.0866810666374359,-0.37126002140257847,-0.5902379647546895,-0.10677897337146935,-0.39153519746830073,-0.9272544063268525,-0.12355362707890849,-0.4130166641139093,-1.2007109864634606,-0.13133436715016492,-0.2165204479677526,-0.9832602865843606,0.040966003774719574,-0.23195431816701423,-1.3369243213607367,-0.007196121884306057,-0.2256343593053862,-1.539165482407856,-0.07026995741487432,-0.21537042004642196,-1.7340285630034644,-0.12174488050656479,-0.06641567086855214,-0.9971043370866778,0.03703916340870744,-0.08494142989480755,-1.3822516049673539,0.008523385326112392,-0.08632466014236771,-1.6074770610163476,-0.042194745943200995,-0.09196307361740037,-1.8165570121457537,-0.08646774405029123,0.06641279380078509,-0.9390897840164717,0.010557331755594826,0.05674185017603027,-1.2954254958887534,-0.025508791835427386,0.04945775393824287,-1.5024486632389125,-0.05102586549489792,0.03579583780929,-1.6865368053727081,-0.07508599903000548,0.2200360649419941,-0.8217333906128587,-0.029855037254672714,0.21263448843705202,-1.1000577296556744,-0.06364083864102094,0.19386433848769521,-1.2662594611558933,-0.07231746564751826,0.16544977787187978,-1.420485398075751,-0.08100817829829177
unknown,0.0,0.0,0.0,-0.24719240267757323,-0.19076737274753738,-0.03783491621642584,-0.3923784960428616,-0.5050835919389651,-0.04184996500595737,-0.43549754391198725,-0.8064814404069853,-0.05301375602817029,-0.47770443391552847,-1.0187526188885756,-0.057431802314392946,-0.2846713115814154,-0.952801598013471,0.09684923722464193,-0.29739178790888277,-1.247149588721988,0.06979712626722312,-0.30754246202791297,-1.4084440777634217,0.013617910151152648,-0.32447492208384693,-1.564409468467902,-0.03795808215356849,-0.15351497932995734,-0.9855808495459587,0.07115855626408658,-0.16436475145778595,-1.305631136917272,0.054969961133387986,-0.18502508994302708,-1.4719807424037596,0.005303730246306003,-0.22252176622501713,-1.6290050391096569,-0.04001856834270228,-0.029486041973602075,-0.95088309287597,0.02739439784703845,-0.03778972651068883,-1.2670797548717954,0.004317715970769762,-0.06621284809617951,-1.4207992449016893,-0.015926964192730073,-0.11025000107043703,-1.5444571488507803,-0.03702460947437171,0.11956984582469365,-0.8499435696575023,-0.02663301639830051,0.1078520740849201,-1.1234319150154453,-0.050491271544382224,0.07752100371212499,-1.2711920108271013,-0.05470450512240995,0.02848482419579509,-1.3985175402348347,-0.06024969269129427
unknown,0.0,0.0,0.0,-0.2886359614060099,-0.10900007873740776,-0.05861695467568521,-0.45857708878935044,-0.4370173141289625,-0.06373386749791085,-0.5271210965007508,-0.7616567400344593,-0.07499584696149679,-0.6215793245687915,-0.9987656259835745,-0.08100971766901614,-0.37877252919113696,-0.8882741800465527,0.0755741926481535,-0.4482181140571607,-1.2090886989617047,0.03785478900975454,-0.4991798908241948,-1.3959650339003407,-0.021208385524395704,-0.5487093141356246,-1.5813053613679555,-0.07404536308929346,-0.24964390021484373,-0.9669696807617548,0.051454441723054294,-0.3362916657768346,-1.320451064435049,0.02538832556936642,-0.40385124260029964,-1.5329303320011605,-0.031932130548271195,-0.47631786217623334,-1.7336601759144081,-0.08313477154237427,-0.12124089277085742,-0.9684976112965096,0.006442701133897029,-0.19198113235646225,-1.320024028998262,-0.029857391971095902,-0.25359043891745614,-1.5145466171177284,-0.06733223488135236,-0.3292012013447773,-1.6864807068125727,-0.10177191115725721,0.026497301333603358,-0.9140654876714639,-0.05070503108583914,-0.028879389590708713,-1.1885952535860163,-0.09163883009419146,-0.08469753284879891,-1.3612916149970855,-0.11288100963298091,-0.15561589927614658,-1.51706748972057,-0.13182519224304995
unknown,0.0,0.0,0.0,-0.23925009794639343,-0.13899142762188932,-0.04234237836958167,-0.42139810686518336,-0.4560376740322339,-0.05410870101745915,-0.48485217752248644,-0.7355572621411841,-0.07806759125533592,-0.5089013131791954,-0.9627509437373862,-0.098449323171816,-0.33853535166929827,-0.9094920208422126,0.08160750989750028,-0.416315587782773,-1.1861032695883384,0.016611157597871316,-0.4740135800431879,-1.2969507039613077,-0.06131643003728212,-0.5034170310681395,-1.3757313219170095,-0.11470851167371797,-0.22547085998563876,-0.9731970683327784,0.045280873289079926,-0.27833097364177617,-1.329989888861281,0.005498841785167091,-0.3329244853809494,-1.5314835046179622,-0.053677554928465286,-0.3713805392904094,-1.7041764329970797,-0.09861944596974256,-0.10115157233836337,-0.9611473218300922,-0.013715226131570129,-0.15269320006804923,-1.3206788770277185,-0.056309006291513794,-0.2040466904563238,-1.5232135606964075,-0.08841285227287671,-0.24396768108673988,-1.6949565122237293,-0.11314752914868866,0.0335580037523331,-0.8846799975562256,-0.08404653188720873,-0.006242691414152002,-1.1694212187098352,-0.11519500558656205,-0.049102655064147925,-1.3370526856679512,-0.12042585731330875,-0.09001025906586974,-1.483339306640295,-0.12577475343045347
unknown,0.0,0.0,0.0,-0.24873989794503124,-0.19496284014288723,-0.04967809086295214,-0.33924284995012166,-0.5780892178603501,-0.03936713049184226,-0.32533668673598254,-0.9003328004244999,-0.033747287315026964,-0.35554410203525927,-1.1461161868281804,-0.02230533596179007,-0.18803941351480385,-0.9673207020471296,0.09082001750840742,-0.1973869100160768,-1.2992174295891488,0.07131525542768316,-0.1923920679872887,-1.49766753799956,0.027376512462429635,-0.18031867233806897,-1.6842171258087053,-0.011933637819887894,-0.0467447839216454,-0.9961835336401005,0.07371087084305288,-0.054963256961591725,-1.3622079748397986,0.06988798319332352,-0.054165717754008504,-1.588455694518461,0.030070452122192243,-0.05269880725938466,-1.7900836035179608,-0.006742625981377152,0.07777534954672075,-0.9492080249955853,0.03651397216917732,0.08420845805633922,-1.284299851864435,0.02281486375327453,0.08342439838465882,-1.4899389337602151,-0.0023414410111659146,0.0751268454007493,-1.6708953004759532,-0.029426776621256215,0.20751116477374945,-0.8493556668883023,-0.012810798434562686,0.21622062990895582,-1.1111216266824848,-0.029116285691592716,0.21156288860720393,-1.2776911723996824,-0.03591138468067422,0.19796922596707842,-1.438392739149987,-0.04627405872962792
unknown,0.0,0.0,0.0,-0.24699954670739555,-0.16594342228540704,-0.09372187058324631,-0.4881954481390034,-0.38193853653117815,-0.1690059579818051,-0.7291838747554418,-0.46185841977056014,-0.24470008818262107,-0.9472779912510191,-0.4595512608634689,-0.3271304166855537,-0.2706453442456428,-0.9601749374612066,-0.10066693173626774,-0.3788749224998587,-1.339529292374335,-0.17819347609544997,-0.4395127977407083,-1.5742623046104052,-0.2448751267942922,-0.48608884821990933,-1.7841894136515766,-0.300505358726286,-0.08417993537151207,-0.9869613971898339,-0.13718942720902025,-0.0687149769420155,-1.413211489128354,-0.19670178810483158,-0.052250925001160575,-1.6831625232883027,-0.2578867442374179,-0.0333352610307279,-1.9123872252906482,-0.30921187375464504,0.0853744253519925,-0.9028446783230378,-0.18859491668986933,0.16926993515529098,-1.297794126103722,-0.2686173806403899,0.2161412232705384,-1.5459652723777177,-0.3330376776114055,0.25300628352760973,-1.7773403096005709,-0.38204244970630413,0.22337040559797178,-0.7331415786123202,-0.24806916748172053,0.36671319690229986,-0.9506022637825232,-0.3282143751887977,0.4543158822880093,-1.1215167047145778,-0.363710953968395,0.5263624372127673,-1.2986242201764329,-0.3899680363487864
unknown,0.0,0.0,0.0,-0.2550122826830482,-0.18730930860275483,-0.13407328507069471,-0.5090654967103116,-0.4303935506520816,-0.23512275629983048,-0.7648612289049964,-0.5733374487369828,-0.32965540934837434,-0.9933981740624876,-0.6651716181167172,-0.4330502834600999,-0.2248032685765985,-0.9478497829043994,-0.19345522336594306,-0.3213548144810357,-1.3943163157022562,-0.3099886107601094,-0.3799903714136539,-1.6848619466217711,-0.3972879563698949,-0.4207900635823459,-1.9456325201825246,-0.4657546700827259,-0.017897636931139053,-0.9745177099497127,-0.2235954104776058,0.01303615767413131,-1.4545805438253605,-0.3201054032051973,0.04025004594614513,-1.771322713242588,-0.4021106946837291,0.06666681143246111,-2.0536912414056068,-0.47033090156915824,0.16643516476356113,-0.8766793247063204,-0.26847994478530585,0.268616414585383,-1.2970803303061578,-0.3885032414364539,0.3213795427426358,-1.5753735439839027,-0.47388289815747126,0.3582713937899104,-1.8456955298046693,-0.5377957085494913,0.3242166016499808,-0.6881386456494547,-0.3220714939495563,0.5045215089375343,-0.9258034224917853,-0.4409072279590557,0.6286824013524374,-1.0957403030450725,-0.49312759501757975,0.7312924683224777,-1.274164310873819,-0.5309979094356196
unknown,0.0,0.0,0.0,-0.23755805088538076,-0.19825322665478434,-0.10768823393481515,-0.46899469640688063,-0.4497986176752906,-0.18829689553409004,-0.6912576313422537,-0.5939591792657141,-0.26297563313040206,-0.8841711875800298,-0.6693498586362331,-0.3445230857371381,-0.22344963309159788,-0.9600183288668034,-0.14215864918808696,-0.3309438865628028,-1.3516344615413873,-0.23781116703135535,-0.3895887459768961,-1.6064636877442897,-0.31429857177565745,-0.43040014302738877,-1.8296868464892269,-0.373933088952428,-0.04060360276723437,-0.9844916111978779,-0.17066814267263564,-0.025335135898502312,-1.4329905934528882,-0.24717382046060984,-0.01226714622320318,-1.7284184524978996,-0.31791809112492553,-0.0029127188769147976,-1.9768171954071425,-0.3733729012712727,0.12345431112763938,-0.8916383287041468,-0.21257245196470315,0.20253301769462861,-1.2857276846355086,-0.30354339673929714,0.2492636812577831,-1.5467668322825416,-0.37683342586071156,0.27864090867375496,-1.7839907842357885,-0.43149664689829964,0.2646747335645943,-0.7192311119754056,-0.26204987746534947,0.4055426340711059,-0.9418044101660207,-0.34932317652458844,0.4917446143565562,-1.0950078362103912,-0.3877976805057937,0.5531641486927893,-1.2477498304133818,-0.41580072362460496
unknown,0.0,0.0,0.0,-0.25346515362305816,-0.18384756642540517,-0.10925664445139605,-0.49515694422526313,-0.41669490598761666,-0.19306590032252038,-0.7246300610661938,-0.5490194296740466,-0.2729811530278915,-0.9286467712765035,-0.6077289496023753,-0.3590233371044173,-0.2974013314521118,-0.9418459556292939,-0.13755630567483035,-0.42618499084121986,-1.3176449772925323,-0.24088109262038687,-0.4987519918006051,-1.5706870878657389,-0.32046131779946285,-0.549365892542404,-1.7968862511994037,-0.3827214360639311,-0.11014039079531432,-0.9788465015879041,-0.17241989631297405,-0.12160347056111458,-1.4248315610873559,-0.26129655927253853,-0.12475419802830459,-1.7250626551514863,-0.3369300839562448,-0.12843202800456438,-1.9806270016236245,-0.3951369441499683,0.061204793401155005,-0.8980588033502795,-0.2228563231302246,0.1170733522657281,-1.2923190756956162,-0.3299743379436429,0.13627111650437915,-1.5638026243055403,-0.4075608080038401,0.1418214137530118,-1.81427279508249,-0.4624156054894317,0.20906828871792923,-0.7327288244334037,-0.280851403373213,0.3384005861002168,-0.9714127970409708,-0.38108262879414884,0.4100257111265789,-1.1587782278666687,-0.4280790850571316,0.4592949362405661,-1.3490788590345864,-0.46139060258774495
unknown,0.0,0.0,0.0,-0.2168854341247154,-0.2159290573705986,-0.10808864268382445,-0.406217568337308,-0.45701619146713146,-0.19715716615762727,-0.603454959989921,-0.6054589381403345,-0.2831584771614944,-0.7842384889700802,-0.6889811906765152,-0.3750432424233513,-0.1674525459808844,-0.9701408895010057,-0.13760745078782416,-0.25023792076660495,-1.3734470908959648,-0.25197148486297527,-0.2994346786994505,-1.6359330725331516,-0.34201745197295064,-0.33175026719728473,-1.8659751913110272,-0.4093379034269605,0.012279923629177006,-0.9854269450212221,-0.1696553550637384,0.0321558630413099,-1.4321361515780902,-0.2618103259867452,0.05387374983146456,-1.7205325662410664,-0.3374205286343676,0.07345642013218526,-1.9741621829775269,-0.39560991210224233,0.17246776065032918,-0.8916381329351664,-0.21694373341354511,0.2423045055399188,-1.2891849966317803,-0.31594955764014926,0.2693881796767763,-1.5283785607414044,-0.3771021364910337,0.27936344610026825,-1.7454516311111812,-0.4216030483347735,0.3187932393647798,-0.7125316389158032,-0.2738691451244294,0.45010353717342916,-0.9447628197751575,-0.36261400842540786,0.5281160847866161,-1.1133562501122571,-0.3951020016170369,0.5864814132547962,-1.2836628594696446,-0.41770731151706136
unknown,0.0,0.0,0.0,-0.1754113467018733,-0.20167893318102958,-0.13084104107707542,-0.32991434526185826,-0.4663252235505416,-0.21526817987114769,-0.4915895978343753,-0.6350912233898637,-0.28912575099449855,-0.6605563080350499,-0.7328619610037584,-0.36607196081517046,-0.08372203115353145,-0.9804263053318224,-0.14824092710400372,-0.10554461329332387,-1.387389741455118,-0.24938709466388875,-0.12652207236335986,-1.6486176728699853,-0.3311179202644536,-0.1429555303591178,-1.8814453428620344,-0.3921829864202429,0.09595228815558217,-0.9824944541017839,-0.15968032457678005,0.1582655537096058,-1.4184427078399082,-0.23538990301391072,0.2027638219277995,-1.6936808847194988,-0.3022055035636025,0.2400217440396351,-1.9297256089848192,-0.35482090972474,0.24999562263081113,-0.8778631408749027,-0.18692824193045335,0.34361562921856037,-1.2533444266554392,-0.26776395790235885,0.4078673968751235,-1.4940344411071753,-0.3247562550833192,0.4565381312516566,-1.7084181533755347,-0.36840942145747146,0.38264343635271286,-0.6973494718905217,-0.22648828386905992,0.526518464687063,-0.9172023717000203,-0.29657230492240283,0.6270366588548373,-1.0644429494100127,-0.32266762349835076,0.7105661303215888,-1.2039521028706421,-0.34278463453237645
unknown,0.0,0.0,0.0,-0.2299654072794034,-0.1544150977017613,-0.10361792201615205,-0.4760844689310633,-0.4191421028324683,-0.16076665377882526,-0.6909923955558249,-0.580433542111775,-0.2105438365252835,-0.8731006122021209,-0.6270409193190069,-0.2640074514840798,-0.2846074747550585,-0.9348454468984319,-0.09268224088927325,-0.40592154624685634,-1.2887789814747217,-0.16464001649522816,-0.47432436471616385,-1.5176156806005716,-0.22640018666184858,-0.5213670544301349,-1.71480742298904,-0.2768191352730215,-0.1077373899888072,-0.9878648264964276,-0.11187376533210397,-0.1245322621389196,-1.4018486427424421,-0.16932389005843534,-0.12890310137358757,-1.6623546336622048,-0.22718660361033968,-0.13039372224174867,-1.8849854987500998,-0.2735590707898868,0.058562160077639897,-0.9330776256205603,-0.14667900185910576,0.0908717488634856,-1.3098864641116224,-0.22229863346264983,0.10026148523467529,-1.5537284660231556,-0.28453262471870916,0.10037040105525748,-1.7756366457025017,-0.33144989023591076,0.20742798795134879,-0.7992825201800021,-0.19010578717773008,0.3100596638451992,-1.039052719047033,-0.26284366577156265,0.377807584288655,-1.2130830123334828,-0.29779531822202626,0.42890050434836613,-1.3836912266613348,-0.3244118191880685
unknown,0.0,0.0,0.0,-0.2704443174238965,-0.1298805714350313,-0.10641741920471535,-0.5375404704840047,-0.3468991400813699,-0.17537254923226894,-0.7681288721759821,-0.47461508799786206,-0.24031093381816984,-0.963004442415,-0.49843582271018066,-0.30810931167322736,-0.4087162369061818,-0.880367238506475,-0.10091793307118582,-0.571475719187161,-1.2178012121485353,-0.18915087715999446,-0.6718765043433161,-1.4390942653654393,-0.2597795091539494,-0.7512942282773518,-1.6338439658775488,-0.31458226978108256,-0.24190354202257622,-0.9619700292964135,-0.12687134858741272,-0.31202428794015435,-1.3878297328835265,-0.1987509992539297,-0.35374884321921635,-1.6690620093102564,-0.2613260179974882,-0.3904491767509181,-1.9080760287985952,-0.3088909236670953,-0.06990594273513344,-0.937572930734556,-0.17013314160713902,-0.09061988272867275,-1.3284769964318375,-0.25613269429650004,-0.11311555339553828,-1.5856050967055058,-0.3185286980430108,-0.14582035021360118,-1.8150052170682076,-0.3629814018792461,0.09838015383991684,-0.8374519328960404,-0.2228254362767322,0.16928594366427788,-1.114391108476393,-0.2983753449756102,0.20332074253198792,-1.3166159103575357,-0.332227783348431,0.21882765586290034,-1.508786293758883,-0.3575083402406604
unknown,0.0,0.0,0.0,-0.25699872465696,-0.13563832783312596,-0.09546465242493367,-0.5206539930787021,-0.3486730420604129,-0.15455490888350545,-0.7417258242839436,-0.4599976480121466,-0.2097792804334882,-0.9273921975579366,-0.48953991192754887,-0.26837285008669376,-0.3855244438889153,-0.8883489306008439,-0.09930469331174425,-0.5442816009503643,-1.2503346429311353,-0.18614565706802494,-0.6367612295470741,-1.4819856762057233,-0.2567729612830266,-0.7085942925527916,-1.689435508627476,-0.3126267169113146,-0.22150355589330198,-0.9670196280749048,-0.1257346954682577,-0.29317402670818743,-1.3956617406644831,-0.19427933489156138,-0.3284114680726908,-1.6775029943110844,-0.25861664058978273,-0.36005685989020697,-1.9174704303798724,-0.31020149930353835,-0.05030594039149357,-0.9399333546690937,-0.16738976465588212,-0.07163458648192166,-1.3311624338933177,-0.24665290134025022,-0.08832024496383402,-1.5801175045039149,-0.3082621458280324,-0.11890454540080479,-1.800373175764073,-0.35500315855210446,0.12125399560399956,-0.8352590335868576,-0.21780367099103126,0.1835414087816647,-1.107717090509677,-0.2909849695842854,0.20696775839829357,-1.3001249894377578,-0.3263049066658009,0.21010026594484535,-1.483136478418678,-0.35396129588873826
unknown,0.0,0.0,0.0,-0.2537187007631951,-0.1642264869066446,-0.09588108214107251,-0.4948270250998601,-0.38281406090458725,-0.16062667386440105,-0.7037130737486198,-0.5090736410539531,-0.22246381398292336,-0.8811794194338257,-0.5701783428704413,-0.2871459111653577,-0.33717762685162245,-0.9123990838233805,-0.09457299311103352,-0.4788945918369108,-1.2730610319686184,-0.1871663770819909,-0.5586771613347983,-1.5001343528323203,-0.26430448154528197,-0.6200031493458398,-1.7060327787372878,-0.323598838585702,-0.17147002532194952,-0.9775843652555879,-0.12217544443921333,-0.2212322981498629,-1.4043530160365825,-0.19419787115395934,-0.24360517886911795,-1.6768062448026548,-0.2598523060940763,-0.26765921278540034,-1.911190301840976,-0.3112032920137396,-0.005801464135734071,-0.9350483563547239,-0.16581095292443085,-0.006357702657561837,-1.3227175849284079,-0.24460616665640852,-0.012599666243811685,-1.5612589203103024,-0.29698448798573795,-0.03456314159141092,-1.7754781217181892,-0.3357457188992261,0.15435135295049363,-0.8123075894630076,-0.21904696339220203,0.20764867705501674,-1.0787161292987082,-0.28615740016804586,0.22123713500657444,-1.264154996803602,-0.31048458692986863,0.21655022085308656,-1.4432069677657822,-0.3293324787619228
unknown,0.0,0.0,0.0,-0.19413410873872727,-0.27535277286254584,-0.06092831387186722,-0.3717828463670335,-0.551242519693219,-0.11026492994200278,-0.5710947896608416,-0.6817461141718842,-0.1638844145686418,-0.7400532883469116,-0.7372936385744717,-0.221637806183943,-0.08380532899377449,-0.9792905075192384,-0.02933944306069878,-0.16399779622212812,-1.34993678901917,-0.09250770169516655,-0.20981717226757543,-1.563863704165291,-0.15497528384184156,-0.23690958117458,-1.7540410085004554,-0.2040210788989591,0.0687281631051372,-0.9956510952494823,-0.06289146305103786,0.07364111452828932,-1.4012842489990767,-0.10092021174346916,0.07242256202511432,-1.6505584216083684,-0.15005722226898227,0.07339154776793481,-1.8488099314114281,-0.19403964730895018,0.20877836188963772,-0.9280207556009947,-0.11134515646439916,0.2720845294575423,-1.2914316282174716,-0.14623290166402592,0.29462166926580174,-1.5179546822979835,-0.18164628136734723,0.30295557732818157,-1.70943342773543,-0.2159294592549927,0.330178175393566,-0.7978820511510067,-0.1695567792864309,0.41368123128951034,-1.0520986817228066,-0.19382582344145105,0.4523154271406356,-1.2269219992772078,-0.19976201547511352,0.4701189071694633,-1.3853763951933027,-0.21104166440904915
unknown,0.0,0.0,0.0,-0.23840294372858936,-0.2001673874035923,-0.09964966111342113,-0.46113008761185365,-0.4159256748790131,-0.17684694898379624,-0.682070293405333,-0.5177829989680025,-0.2502202306127547,-0.8713617503009241,-0.5362906442344602,-0.32760559506469517,-0.23008310282978855,-0.9496462479939551,-0.09770464141413085,-0.34706656811148534,-1.3142287848509173,-0.1727582415884547,-0.40887158179381,-1.538601872557267,-0.24039213428841183,-0.45510894177085875,-1.7380791123973365,-0.2944154899367171,-0.06151696087938987,-0.9905035901814534,-0.12295650190947661,-0.06940826006435084,-1.4162596144293937,-0.18171830510956782,-0.07483039083678657,-1.6845425617746927,-0.2433263142579555,-0.08175241760766169,-1.9016542762940782,-0.2927358557273237,0.09514872591537646,-0.9231561710475729,-0.1631050299537883,0.15059400537430923,-1.2952454313297883,-0.22956669724689008,0.17340846117447092,-1.5415235028579108,-0.2888386992346355,0.18073376186945475,-1.7558125525864325,-0.3346342729647271,0.23220458645561357,-0.7847242266785789,-0.21246712061969059,0.33500103006294296,-1.0378510483873562,-0.26808302082878277,0.3905150379099444,-1.2140408194034975,-0.2919513750821381,0.4267355722298502,-1.3825277889460719,-0.31219079043080117
unknown,0.0,0.0,0.0,-0.24674116140998367,-0.14518469794706615,-0.09505268756093892,-0.49516916533552946,-0.3495998522959979,-0.15883950031542424,-0.7180016508844607,-0.4409215635159944,-0.21564722982390824,-0.9033097916774747,-0.4497511046985952,-0.27575492200683044,-0.31503873113025566,-0.9207375960953618,-0.09963268060012556,-0.4534523553690545,-1.2756354141549475,-0.16299686203325492,-0.5279365767002683,-1.493541090182898,-0.2185877206801186,-0.583817989149357,-1.677832049940111,-0.26350710079805284,-0.14414347846798586,-0.982191508061365,-0.12050933203404145,-0.1725365627504509,-1.4185283578968044,-0.16849433348416876,-0.18687351886259218,-1.6865092583693415,-0.22006477923246795,-0.19783491507895243,-1.9056447116932913,-0.2614916882513752,0.022413471297202787,-0.9327802535431168,-0.1544741457997226,0.058014740590792785,-1.3297529807186386,-0.21592794058668474,0.06376441481778097,-1.5716942207692401,-0.2743271456111759,0.05940803286865148,-1.7850057418338996,-0.31897071974619484,0.1759956880423665,-0.8038093851486177,-0.19605502807857483,0.2781806329220459,-1.0633160982504817,-0.2562769028670727,0.333533869213515,-1.2395943551804187,-0.2845393659984885,0.3685148261434909,-1.4089844932799382,-0.3052191901231596
unknown,0.0,0.0,0.0,-0.2768037940974989,-0.09414210414784349,-0.10272945076859452,-0.5513842312476759,-0.28136282267689366,-0.1702405976706124,-0.795015350166833,-0.3539888575859358,-0.23042630058487076,-0.9945263965143886,-0.35735732897011624,-0.29365976423147827,-0.3936568320498183,-0.8811323924101765,-0.09234478440490178,-0.5483968544649664,-1.2073895374989023,-0.15393211239719326,-0.6355707638928642,-1.415373450752432,-0.2124594507631883,-0.6987064233089585,-1.5904393082639519,-0.26071694110932175,-0.22554759320013243,-0.9677553353140768,-0.11215121119616374,-0.285855410066939,-1.387222038846001,-0.15728296394408475,-0.32541430037391555,-1.6408503492348856,-0.20968827705651824,-0.3565620806988918,-1.8449685590267293,-0.2536532304494198,-0.05549777627384047,-0.9466534197450289,-0.14728398222350972,-0.05201978999570804,-1.343700260031329,-0.20805306462447878,-0.06722620761580571,-1.5886527725234305,-0.2671901651212536,-0.08831153980858161,-1.8001540306526733,-0.314380504435859,0.1018796490741215,-0.8395572219907548,-0.19119996619849125,0.18758307606901906,-1.1228400550503068,-0.25020526115918224,0.23494444491196195,-1.3136740112899414,-0.2792182009997949,0.26348938895206797,-1.4911233522456429,-0.3023125715384296
unknown,0.0,0.0,0.0,-0.2980292895165512,-0.032527087943086175,-0.12619085069650027,-0.5874894241177836,-0.15095810294421508,-0.21864516606164885,-0.8001388819413232,-0.22309148019951133,-0.29872060564066794,-0.932853545799228,-0.2805878356207561,-0.38262651230860584,-0.5157576451867408,-0.8189491435841416,-0.16263112268234348,-0.6913393773251707,-1.1152320698110978,-0.2797644797961932,-0.8113291660053314,-1.258255915016729,-0.3721251750855782,-0.9207840693950017,-1.3645671315124372,-0.43414658237583775,-0.3316292632949153,-0.9244322819479748,-0.18827370453393577,-0.43022565902942367,-1.3467289717188937,-0.280036708385293,-0.5051006123145088,-1.5990123494157622,-0.3578481659504877,-0.5744055846181869,-1.813597717110062,-0.41353977512584433,-0.14302268034217763,-0.8978344421726462,-0.2308862734471244,-0.17825416187361465,-1.3162748747777842,-0.3348596555860519,-0.21964059551557344,-1.591671845876733,-0.4142497361035274,-0.26985795218813763,-1.8389148594099953,-0.4689072726938791,0.04391572495596868,-0.7734646737179786,-0.28139000015111476,0.09915354992435184,-1.0763417521719911,-0.37807359690578163,0.11722086165648206,-1.2868411050329276,-0.42044988491604773,0.11500668920393244,-1.4837877841514735,-0.4472337766821808
unknown,0.0,0.0,0.0,-0.3018921908171649,-0.05108152853399458,-0.10564210942135761,-0.5824245968095508,-0.13792565759028003,-0.1905344517442371,-0.8045580113156181,-0.1419581187614641,-0.2746176272941937,-0.9826669923866638,-0.07179550660225929,-0.36483098377640266,-0.5606921912799427,-0.7723849960108357,-0.110052923480446,-0.7720205559089883,-1.0802773134558077,-0.2059273652445272,-0.9020090410661393,-1.2801058242482473,-0.2853031654748382,-1.0076952591598205,-1.455506190389083,-0.346807185476699,-0.4021111448695135,-0.9034913720874141,-0.14835756716571968,-0.5499008813593375,-1.3169082831072985,-0.22747847248129405,-0.6517749672684795,-1.5802276058384328,-0.29958021880397623,-0.7343869593089709,-1.8043325744680334,-0.35513403113918235,-0.2255951057896363,-0.9153727185503928,-0.20397544168765586,-0.2834485029059666,-1.3309695874352638,-0.2968218865471943,-0.3408496624630965,-1.5946041514305949,-0.3648349012482531,-0.3999031309928924,-1.8267794577312981,-0.41418415829592936,-0.04501221244012374,-0.8315243032620594,-0.2692997168671574,-0.015455578647426428,-1.124356591496735,-0.3517519855149248,-0.01920131544508939,-1.3301506053790098,-0.38472376180802753,-0.035721755117262464,-1.526921126123052,-0.4092331651955871
unknown,0.0,0.0,0.0,-0.30457729266281786,-0.07674913897359611,-0.12290029023276211,-0.5988595345419819,-0.1713926179245476,-0.20416255223215832,-0.8499249141713588,-0.17084871227639423,-0.27850108072342566,-1.0550416303675478,-0.1020054263175279,-0.3583589430789309,-0.4570412018099343,-0.8557656660133841,-0.12826466196219669,-0.6132353712194875,-1.2410506086707425,-0.21124045240658634,-0.6882396743805381,-1.482122631122163,-0.2825777431682973,-0.7478937731168839,-1.6930934110822815,-0.34061759279916975,-0.2831795145850362,-0.9473833775835626,-0.14924509505422362,-0.3468702425962337,-1.396186317948383,-0.2136104615271066,-0.38946280817680573,-1.6648473959510253,-0.2801949416155079,-0.4186022156083597,-1.8942870064889308,-0.33638261588794216,-0.10728084356394385,-0.9159132149670554,-0.18712123047000767,-0.08351497198367207,-1.3242055743371555,-0.27022621149307463,-0.08222455972960047,-1.588025398556079,-0.3442252859757792,-0.08362692200007804,-1.820338695884025,-0.4018404852979007,0.0554900646284381,-0.786881729990556,-0.23544289008911878,0.16241843447483462,-1.0266969771417902,-0.31864909042081263,0.21760823409407246,-1.1938258838846578,-0.3581492316067829,0.2617601776873898,-1.3631449589299274,-0.3886089868826424
unknown,0.0,0.0,0.0,-0.35492506742766583,-0.024993791251712683,-0.12785840739648618,-0.68968188748289,-0.1757744955142707,-0.17650869701879682,-0.9642233243045624,-0.333477760231803,-0.21798092955914708,-1.183909199895687,-0.43404834963921185,-0.25120083718990954,-0.6620415984956998,-0.7173129878219234,0.0019014036367479689,-0.8603237712031236,-1.044350341027487,-0.0658617420678722,-0.9625860742693575,-1.2454763168062637,-0.13889980027102017,-1.0477359402074284,-1.4364927748166407,-0.19475716430850443,-0.5132209164181442,-0.8582431271277726,0.004798509024945564,-0.6981747043746899,-1.2200900867450921,-0.04093042579239128,-0.8066283185689498,-1.4499482970447426,-0.09887093728976709,-0.9049291448153084,-1.6518913942441504,-0.1448748858012847,-0.3393715262258801,-0.9251050772389356,-0.020210124699732553,-0.49115913926008914,-1.2810457408874187,-0.07517699517793033,-0.5897528327831533,-1.497336661584115,-0.11417141476799905,-0.6854021493041306,-1.6815872673571732,-0.14309992090183038,-0.1421901535676363,-0.9397357440331222,-0.061322074783555565,-0.2361659666597722,-1.225929222049219,-0.11050789030625248,-0.3123695976860897,-1.4054176020821227,-0.1292884429741104,-0.38806935666075637,-1.5749894259579191,-0.14263149823710256
unknown,0.0,0.0,0.0,-0.34916667698711595,-0.04281301005167293,-0.10902876462782958,-0.6724000469893786,-0.19552925061440954,-0.14165161438384666,-0.9331007259128581,-0.3358125077218814,-0.17207002040547362,-1.1433197537703517,-0.4171777648375999,-0.19508404322858608,-0.6497846646985749,-0.7211452007118906,0.034555011104320826,-0.8487442418704696,-1.0380086010880054,-0.02823095233901859,-0.9560612742658835,-1.2331656200356833,-0.09993747782586967,-1.0508482054486732,-1.4209404157485392,-0.15597219489011643,-0.5134039493425685,-0.8576204864742436,0.03005804350145183,-0.7053258325041099,-1.204358582689621,-0.01360562009137913,-0.8187308746104528,-1.436917401300231,-0.07283441432021492,-0.9207212368288602,-1.6407863607113635,-0.1197648242356263,-0.34914709422620577,-0.920135982933691,-0.002347606333152166,-0.5016695769025384,-1.2510427702334155,-0.05621391914482297,-0.6014380122001131,-1.4666900438895472,-0.0979207818215879,-0.7022104222155704,-1.6514457510240317,-0.12852872667950402,-0.15596029207741768,-0.9314564108341564,-0.049996666197063756,-0.24180984223212848,-1.203898467412951,-0.09654796858812713,-0.3180383660307254,-1.3746241612166423,-0.1156080349617949,-0.3995707930566527,-1.5341287738093639,-0.13030054861709953
unknown,0.0,0.0,0.0,-0.3139150233514765,-0.03269228570244407,-0.11258963183072826,-0.6389940235540573,-0.17252993891264862,-0.15298694223036985,-0.8721468376519474,-0.32144602605826017,-0.18634643560668318,-1.0559081374193464,-0.4574816849154736,-0.21025325173399034,-0.6440700717527086,-0.7336747909004327,-0.02277470280167727,-0.8385095753283002,-1.0560817992814748,-0.09498781167997113,-0.9402411743341,-1.2600493369498176,-0.16567828316174332,-1.0287085283276458,-1.4489774372438187,-0.2184094171373089,-0.5142279791783674,-0.8572567334733346,-0.0260859798505033,-0.6964775404316635,-1.2094460309528074,-0.07741437163882563,-0.7943272766335947,-1.4374318844670795,-0.1328661347616022,-0.8805715987348827,-1.6433053810794072,-0.1749816072078938,-0.3545743070717065,-0.9081878362386754,-0.05219052635711973,-0.4983980202030566,-1.2419464082933236,-0.11149531201023287,-0.5829763088270234,-1.4529281245644756,-0.14432528676050724,-0.6665391957428409,-1.6375682974055579,-0.1668006529742553,-0.15747337543761794,-0.9085309984805215,-0.09279509058507779,-0.22893179047757,-1.1849437026911398,-0.14217588109551108,-0.2822397399273395,-1.3581151501230604,-0.15344600575877235,-0.34109046383379343,-1.516952211335179,-0.1592462619360398
unknown,0.0,0.0,0.0,-0.31607753950258266,-0.06363327646109754,-0.11309502819725076,-0.6271651923906427,-0.2415567932597654,-0.14252020378677668,-0.8481617624430969,-0.4254610036819793,-0.16465157109775702,-1.0258507773855174,-0.5875772376064246,-0.1750468151277078,-0.6246572121490521,-0.7650623874882712,0.021203064004886796,-0.7894137511985299,-1.0914470902332425,-0.03838812115252992,-0.8678732812255735,-1.3009916912475203,-0.10560105205122641,-0.9310119689905549,-1.50082605765001,-0.1560824145333471,-0.48720066543175244,-0.8729224858912943,0.025334664557098145,-0.6424076500850503,-1.223881972808592,-0.010736626844189856,-0.7200328163150217,-1.4556600875513408,-0.06382433858459544,-0.783044556931972,-1.6660817483226193,-0.10526039084613999,-0.32514342363514714,-0.905387059758007,0.0033300865250222747,-0.44611607058653574,-1.2414850933866697,-0.043772046560878096,-0.5105840367680639,-1.4531341815250476,-0.07613000274902944,-0.5719306349478099,-1.63991531743037,-0.0987672234821948,-0.1298413474522231,-0.8897541458804382,-0.03394368255566493,-0.1890000221281618,-1.1588372852446733,-0.07327021879754289,-0.23374571405639177,-1.3263863356274777,-0.08361189426803686,-0.2814749084058719,-1.4834706388241885,-0.08962732419199697
unknown,0.0,0.0,0.0,-0.3054579679279843,-0.09009434271668953,-0.15690201007098814,-0.59658909750374,-0.2869862907242411,-0.20030760955921373,-0.8187872115832373,-0.4934997744139446,-0.22712904503471126,-0.9961245913689706,-0.6986750606880173,-0.2383941876901796,-0.579083319898876,-0.8073459694670395,0.032063645468916636,-0.7314528289972352,-1.1479957343109273,-0.008988185516171492,-0.7936026474297663,-1.3622794941442986,-0.07313569467771663,-0.8483356133039592,-1.5663478283571857,-0.12648868048656597,-0.4328178236892566,-0.8991355351372511,0.06499246841246005,-0.5746514774672647,-1.2580706841984035,0.050559259898651066,-0.6383265066924173,-1.50094645530838,0.004929621856839604,-0.6956747782824299,-1.7064668086378398,-0.03616105731223397,-0.27670516548903595,-0.9081703847861936,0.06497461173263665,-0.39099483210771924,-1.2450251324113348,0.037278867558236714,-0.45322331718419245,-1.4534428963812271,0.012226469174736942,-0.5134900348175963,-1.6431614838235948,-0.010530581562146686,-0.0818836198138073,-0.8827382944526996,0.044142746108120266,-0.14419365309627183,-1.1588014479171822,0.0172404164061434,-0.18863137408121883,-1.321447471751468,0.008274991015992309,-0.23485652800526102,-1.488238910749678,-0.0013917158246044197
unknown,0.0,0.0,0.0,-0.3151065768411059,-0.07979193611459641,-0.1492042631596993,-0.5985223598289882,-0.2741784660953162,-0.19710829305164568,-0.8218909522653427,-0.4871307012748584,-0.23086787439976073,-0.9987356872915562,-0.6913233585878886,-0.250662593471613,-0.5598483952039767,-0.8081777583801609,0.0221362809955031,-0.7142429976999787,-1.1565205132045424,-0.024873001199121406,-0.7814179413241247,-1.3700997004608177,-0.09121048054670801,-0.8379038279781479,-1.576248720952969,-0.1457107000577242,-0.41309658806931676,-0.9095368973871565,0.04575850977506196,-0.5552878783946825,-1.2849227167999842,0.02644282006841421,-0.6237800130868933,-1.5247806376557957,-0.019102787416448164,-0.6851333323596251,-1.7272835858018238,-0.05991883562379939,-0.2556876246857139,-0.923066147597794,0.03769752393650101,-0.3688749851256039,-1.2825319635586703,0.006939613633600946,-0.43441347320600754,-1.4927025330305073,-0.01842687078771268,-0.4987917011854399,-1.6858309140037326,-0.04270687306281089,-0.06353157254876804,-0.8915124753928669,0.009652789365218874,-0.12419491009404868,-1.1770238013192107,-0.02206997454983979,-0.169649578816909,-1.3431358731475598,-0.032048398336480446,-0.21616777642167953,-1.514318744692138,-0.042470443536900326
unknown,0.0,0.0,0.0,-0.2868736913747375,-0.07248144044060209,-0.14848171118335307,-0.5563547435584371,-0.27044843409592223,-0.2074296925215392,-0.7728390412331007,-0.4698861609840867,-0.25121638543933156,-0.9524218694778668,-0.6448091379212246,-0.28298181458668414,-0.5270665490826114,-0.8256304541572508,-0.03327039427544728,-0.6778068177804532,-1.1704067933372617,-0.0994623217099791,-0.7464451743372955,-1.3829960393810388,-0.17081841467073025,-0.7986000973320346,-1.5896961439572772,-0.22567027116175484,-0.3853585507703427,-0.9226321632476894,-0.015769549425093562,-0.5246643054798089,-1.3005954276669522,-0.04983585381009642,-0.5944110007143107,-1.537072016590803,-0.09385027209766124,-0.6548281056648549,-1.7422464308918817,-0.13184816613929765,-0.2252475314932528,-0.9338951376813898,-0.026065871305854117,-0.3369370275205161,-1.2943413622406077,-0.06756105927668386,-0.4031811885769871,-1.5048597165559614,-0.09131742647549636,-0.4707365004923822,-1.6976790289234345,-0.1134500746372155,-0.03777549335391884,-0.8928944247646388,-0.055358810209921006,-0.09248189476511211,-1.1761005958615072,-0.09699916403190095,-0.13353733477839483,-1.3480548577575824,-0.1080796118139466,-0.1764866082666159,-1.5209763865929886,-0.1172281413506208
unknown,0.0,0.0,0.0,-0.28566021310515294,-0.06198710580888554,-0.1461794767649031,-0.5577921450119594,-0.24155274027282475,-0.21405951743305007,-0.7903752481875531,-0.40997708250669074,-0.26855896989072825,-0.9921050781772214,-0.5479468765507352,-0.31301158555756914,-0.5405299214971564,-0.8190335235167748,-0.0389194895993186,-0.702500279802488,-1.1578472409204883,-0.10253695971934833,-0.7794358872720334,-1.3660054783613498,-0.172045797580964,-0.8355044398614386,-1.5667202907698994,-0.2270398170199792,-0.4000254873798388,-0.9161391430931592,-0.025858846437040964,-0.5487957028729735,-1.2874537502493324,-0.0608713703470539,-0.6265519913709146,-1.5201007387744419,-0.10817757816213261,-0.6890428085894441,-1.7191630203588024,-0.14949852729444718,-0.23731352291928845,-0.9331913937808822,-0.039391062880775256,-0.35284526326100807,-1.291308538629034,-0.08265702144327094,-0.421422611960682,-1.5022547237877522,-0.11443333043031395,-0.4924535154823204,-1.6937181110976225,-0.1438820892330793,-0.047827342501863414,-0.8989834696193318,-0.07097629170883973,-0.09641505468817396,-1.1812693747182397,-0.11679851936072243,-0.13468014529467529,-1.3536500294274538,-0.13549149688159096,-0.17773619036416777,-1.5291622948273573,-0.15122020674978842
unknown,0.0,0.0,0.0,-0.27311172826420815,-0.056340095689593805,-0.12641238939112578,-0.5422466430124445,-0.2170103393165437,-0.19253831387125633,-0.783004018670976,-0.3437856537495191,-0.24947331470710934,-0.9826673146263712,-0.44495222327631395,-0.29867319699016937,-0.5289363958870347,-0.8180703450946835,-0.04419131535998098,-0.6950022279730135,-1.1500853081928089,-0.10895037915042412,-0.7833837052066432,-1.3527301941709013,-0.17552113721454002,-0.8497378547544582,-1.5385563539743632,-0.22864329515378387,-0.38081151769703886,-0.9235233328219611,-0.04568634065774167,-0.5296690419641871,-1.2874048298762306,-0.08701709962567242,-0.6164658736725472,-1.5118140580783028,-0.1359743413511041,-0.692082252852934,-1.6974838343623724,-0.17719190588804623,-0.2071015612521991,-0.9482205036059703,-0.0707779450045036,-0.30500458116882134,-1.3173745633368898,-0.12381457911265129,-0.37181227352630203,-1.5381972737471874,-0.16298440449469526,-0.44316743132896524,-1.7270366471160805,-0.19577220365868714,-0.01629979403950457,-0.9082095812471955,-0.11073330938920868,-0.023682973165094004,-1.2000481594500463,-0.16478625785340625,-0.03868599792963874,-1.3915313630029496,-0.18894598142807584,-0.06057418202742286,-1.575949561074741,-0.20740322791348073
unknown,0.0,0.0,0.0,-0.25354934811535157,-0.0682343580988496,-0.13011418011468096,-0.5162281591887973,-0.2245009607851048,-0.21098892565484914,-0.7475835287967947,-0.3320974728892336,-0.2810107507813985,-0.9425144236878541,-0.4026570973457374,-0.3475236885433974,-0.47137067384834663,-0.8418886894344427,-0.10038627606347816,-0.6342392147793373,-1.1759096428100901,-0.1833708268742977,-0.7314151931670078,-1.3819182348904107,-0.2575536265586934,-0.8059940858018088,-1.5656491614259556,-0.3153741459040784,-0.3161925311982778,-0.942444567034512,-0.10872222073503439,-0.44140754315327635,-1.3211603886231578,-0.17223884322523583,-0.5182567329758885,-1.5564116100521606,-0.2332697184520755,-0.5837560225085747,-1.7585863668107857,-0.2815111331964638,-0.13758325135291366,-0.9521735815470156,-0.13648625429281527,-0.19876041372345615,-1.3426358918913457,-0.21126161325941492,-0.24421057947208596,-1.5814624878338397,-0.2632008278438798,-0.29730322166126166,-1.7932648656522612,-0.30258148108901,0.055513223677871794,-0.8888835417106322,-0.17656754422439808,0.08021517055931346,-1.195324506942112,-0.2480990174373131,0.08707134121457288,-1.3985527513644431,-0.2780363152653057,0.08013430245367903,-1.594665923865219,-0.29890475716862086
unknown,0.0,0.0,0.0,-0.2508071711321179,-0.05989824439068528,-0.1354306245385234,-0.5152002279699792,-0.22329806508293426,-0.21609850880241577,-0.752738148689072,-0.34207074485603145,-0.28395023393064717,-0.9535395834802766,-0.4203001997887852,-0.34924457924382774,-0.47044226072201795,-0.8413863278322234,-0.10708550954407703,-0.6283202077139822,-1.1794865987227467,-0.18380421550646023,-0.7251130939652821,-1.3852912915943447,-0.2534138486783554,-0.8019387128530475,-1.5738198745200642,-0.3107919478179063,-0.3099704270624332,-0.9439256271627351,-0.11367825091973466,-0.42315056427778003,-1.32668910111249,-0.17258929422573652,-0.49262953283449834,-1.5579920718681515,-0.23305005948757623,-0.5533939154416284,-1.7628831635721232,-0.28426149224508,-0.13166820998108056,-0.9501446483333509,-0.13945467625194705,-0.18830776296034324,-1.3338656287019948,-0.2184094774697243,-0.22826930386406385,-1.5721129871274997,-0.27794441197046926,-0.2746146521300652,-1.7932622014598518,-0.3256109606151775,0.05187627792971412,-0.8831330255267085,-0.1773099577330832,0.09001045478455005,-1.1799344646283563,-0.2642255168018756,0.12746122982782965,-1.3735486987303014,-0.30527597666521317,0.1533721200455861,-1.5661354852672387,-0.3344632861513709
unknown,0.0,0.0,0.0,-0.25795759263331974,-0.05672190759926741,-0.12707469731105758,-0.5415263183718398,-0.22522479639828405,-0.1951271553987538,-0.7821173091342665,-0.3484436783584754,-0.2503333389824539,-0.9771299593026082,-0.4254567122958432,-0.30171168552827904,-0.4732366390355829,-0.8422788252724451,-0.0863570454179963,-0.6284227460302741,-1.1808993421267808,-0.15032606832435683,-0.7197853091286948,-1.386507628188388,-0.2125117169388629,-0.7920817204972446,-1.5726171374154216,-0.26599576358223775,-0.314152733841731,-0.9448805379872924,-0.09224331277990401,-0.4332348610746516,-1.3264426049720366,-0.14245448943953776,-0.5008841369155734,-1.5607481287345828,-0.1994441136919057,-0.5582364345937599,-1.7650200788599395,-0.24851810382018477,-0.1348223075283593,-0.9532289963465238,-0.1172880809838757,-0.19821997779008693,-1.3308193782564313,-0.19162831977751807,-0.24258548125038595,-1.5725977174563117,-0.25437832302404806,-0.2916758000747525,-1.7966212831807469,-0.30428378704613135,0.05318459239108441,-0.8908355503765809,-0.15339930530070495,0.0930384448822332,-1.1847209776738072,-0.23627008353503778,0.12985701845187614,-1.3785859537742828,-0.27944095607321656,0.15588704614381438,-1.573539282036281,-0.31108729662711143
unknown,0.0,0.0,0.0,-0.27058383030215255,-0.11333695061057053,-0.11770578251455698,-0.5468865425026043,-0.3324929567911272,-0.18660082629479025,-0.7845989386115401,-0.48573398709370624,-0.24591099440279696,-0.9743395518585657,-0.5595175800330576,-0.30606958152471747,-0.38209442358953827,-0.8915347919442023,-0.09681877639758046,-0.5092843456754136,-1.2375285724905734,-0.17326573094076048,-0.5799497515260336,-1.4542159621043298,-0.24062241778975016,-0.6291823643334332,-1.6444127991182358,-0.2957368991672948,-0.2115445267775353,-0.9709493852165018,-0.11183114297084629,-0.29145826102042655,-1.3907855779362717,-0.18013189863231088,-0.3397852257828986,-1.6539590621018592,-0.24739565913391193,-0.3750978226928413,-1.8809817112986444,-0.3010684660968361,-0.03509720665077127,-0.9553319829453436,-0.1443340978760651,-0.051206731065338414,-1.3634260433522454,-0.23517553372297934,-0.06949808715478466,-1.6462544370130996,-0.31297276256273954,-0.09249717535151145,-1.9058662319473443,-0.370698741163563,0.1481370269106043,-0.8629868090700092,-0.1852286455805576,0.2333376927289214,-1.1573476110252545,-0.27930814606328186,0.27859216589213337,-1.3710294072363367,-0.3335290430051193,0.30934837415592414,-1.5867643200675554,-0.3724121026803834
unknown,0.0,0.0,0.0,-0.252995238563956,-0.10689644898790743,-0.11439701942889013,-0.52144890276645,-0.3240717870722149,-0.17699147659196826,-0.7350398729758252,-0.4789548845502738,-0.22966758241435947,-0.9058449598355857,-0.5543913325743338,-0.2817255657407084,-0.36262161293514866,-0.8988886532961807,-0.0906098985381764,-0.4742071817088809,-1.228601928611353,-0.16522980303195406,-0.5384198363851098,-1.4341864853844912,-0.23400619775344178,-0.5815980236791819,-1.613483189899365,-0.2890771391319906,-0.1992766018864901,-0.9747821766712066,-0.10044174423374948,-0.2542516613306216,-1.348250393588086,-0.16194688285812855,-0.2814582024148408,-1.5772427065867196,-0.2205176929924067,-0.2964244103701035,-1.7755019435786257,-0.2685933599732053,-0.03179807245097346,-0.9566965147698352,-0.12817656420990506,-0.025448899396547115,-1.3288844931452184,-0.2038852621701808,-0.015580392409797453,-1.5623053776025118,-0.2599362320593074,-0.008801260233070984,-1.7722274433125946,-0.30247195601030535,0.13683921632182378,-0.862389084357502,-0.16651705503784947,0.21854435133292915,-1.148801417999041,-0.2404020084708636,0.2694335989501786,-1.3515647618362354,-0.2774511217256191,0.3114693791555153,-1.5491932745992754,-0.30443218180466836
unknown,0.0,0.0,0.0,-0.2788386731704492,-0.09058962611223491,-0.1032438884586828,-0.5584130852964769,-0.2864296245004984,-0.15711301860276464,-0.7842826690779593,-0.4094790114071995,-0.20621588354091852,-0.972547451537632,-0.43796676954058694,-0.2576023062511916,-0.4227814777170974,-0.8695845708840872,-0.0566559159023977,-0.5639539801078958,-1.1895108465102358,-0.11939654434721969,-0.6477011274166864,-1.3964533568346424,-0.18053754819223772,-0.7136587497522995,-1.576337028727951,-0.23155847383909528,-0.2576488489836442,-0.9633184691240652,-0.07506395714236563,-0.32680685830943224,-1.3622529217225294,-0.12686996433252906,-0.37917601736156215,-1.6019331526560887,-0.18245767871144092,-0.4307263545384127,-1.8066620067033166,-0.22792792938966544,-0.08903186978446548,-0.9640044357944151,-0.11271218212012317,-0.10300887644242339,-1.35047068886,-0.18448058561047795,-0.13675758449112835,-1.602897902223663,-0.24410527775433716,-0.1796809515059035,-1.8273093710810728,-0.28933988474364347,0.07396684484473859,-0.8881498269408579,-0.1604199463649684,0.14188141853896774,-1.1749491607507008,-0.22606209810964895,0.17547267573984818,-1.3769703153315735,-0.2588427158440085,0.19234044510389803,-1.5677024571565557,-0.28544762425549425
unknown,0.0,0.0,0.0,-0.42624951689027896,-0.4308361037845748,-0.11292042222408526,-0.7835623021093606,-0.9234421492305618,-0.19076270199184178,-1.015662115356844,-1.243799608778981,-0.2612465683061114,-1.2071919378924796,-1.5096901444471758,-0.3370317685753467,-0.4734243816727301,-1.1721883915263724,-0.2853650953394175,-0.7055616055980742,-1.2925691509409527,-0.49622988512684185,-0.9010471349604444,-1.3329711714880617,-0.6424215087730326,-1.065062537586377,-1.4038893464861584,-0.7440239028582643,-0.3360259205734769,-0.8740797045073421,-0.35081512349256694,-0.6887795156067971,-0.9131088665426507,-0.559665877317077,-0.9409271065028597,-0.8832377628705355,-0.6639070467912163,-1.1300031286678993,-0.8969459421642514,-0.7422857706445731,-0.2309347918349096,-0.48638869309403227,-0.42790358046321386,-0.612418464865591,-0.4353423899814422,-0.6477998133082687,-0.8929996824783909,-0.41073750051809377,-0.7171879766061271,-1.100945045939395,-0.4640182413901871,-0.7518228955353332,-0.15334920269362395,-0.05969761683930555,-0.5096968316783418,-0.5037393120231028,0.007863044292194293,-0.7066155867826968,-0.7478111090144901,0.023733863074771572,-0.7722184696751865,-0.9300936921770825,-0.00488530548872971,-0.8062303024280522
unknown,0.0,0.0,0.0,-0.4219932684415327,-0.45878191607482205,-0.12592297091902963,-0.7993091529429376,-0.9571375257703044,-0.21331549415613177,-1.0441146570501543,-1.2894067996425511,-0.2885706803550869,-1.224511677145898,-1.540047956388647,-0.3720082994005584,-0.5153199914744654,-1.1554542587473622,-0.3382295699812904,-0.7506206765847494,-1.2906843927154528,-0.5651128316034549,-0.9434822475078489,-1.3330370230918145,-0.7185716242075252,-1.126680541237586,-1.3967513456548313,-0.8252578050506628,-0.37488670125878704,-0.8372549272371438,-0.39807555568815073,-0.7292143106415107,-0.8498937820805725,-0.6269417402708191,-0.9864480920130452,-0.8139543176493552,-0.7377085060422587,-1.191474861411691,-0.7915956752196203,-0.823334733469172,-0.2660784215211729,-0.4334790058073276,-0.4686805665623602,-0.6264001417392057,-0.3622759106983405,-0.7019501707843699,-0.9173952555382615,-0.3510689070274703,-0.7815264451802444,-1.1524061339712197,-0.3925020980375599,-0.8246834418169772,-0.1844860052175913,0.0006639971170877767,-0.5438217774079797,-0.5311096825514814,0.0809541925075999,-0.7514103671961948,-0.7890538530180945,0.07838373328262295,-0.8319487501232837,-1.002741031048843,0.03451715893314262,-0.8794645403711465
unknown,0.0,0.0,0.0,-0.45599776828105476,-0.4595612009472977,-0.10117316184711996,-0.8238011030894647,-0.9696328428540322,-0.17461944195201226,-1.0641118236884441,-1.2970066333049675,-0.2438733311155802,-1.2491928698923125,-1.5417435324699356,-0.3194096795056468,-0.4908100139865677,-1.194696309959477,-0.27101250303116714,-0.7497261868789324,-1.3228057712594317,-0.4802407932090726,-0.9525864042843297,-1.3676540484891373,-0.6245785258839168,-1.1131932641921174,-1.437405689439714,-0.7225629488851143,-0.34582651056467995,-0.8756746787521952,-0.33704284828920045,-0.7075734417046612,-0.9101719143371991,-0.5372207783828665,-0.9706275111739425,-0.9142143533018403,-0.6369377570468636,-1.165039538977737,-0.9577903714751387,-0.7131787019375384,-0.24505725491176433,-0.4658438391568193,-0.4143504604038443,-0.6473553434072591,-0.41587216096106516,-0.6367229774192438,-0.9324211746063633,-0.429999123916935,-0.7139985396405661,-1.1422305152701895,-0.5244952871215566,-0.7515469823443429,-0.17792936189219086,-0.028227197780302606,-0.493455515493232,-0.5390562003828306,0.03249720769260848,-0.6945468556143589,-0.7801554008592053,0.02670903991467369,-0.7640579433820015,-0.9605217955927886,-0.029599496414374617,-0.799163912160486
unknown,0.0,0.0,0.0,-0.44501878018849395,-0.39378256474853984,-0.10206518720358093,-0.8120930612165664,-0.8584839668934082,-0.1840598813745704,-1.0496637440989285,-1.1786984412998216,-0.2571813192616856,-1.2402525341088477,-1.449362350552753,-0.3365173539562606,-0.5014250585578871,-1.148567629391226,-0.3134008926047557,-0.7514318993933645,-1.2745744753954218,-0.5233160249207434,-0.9528633693848368,-1.3015134703463136,-0.6630949198174309,-1.1117001991239153,-1.3657371949699517,-0.7609921544270597,-0.3519823264556869,-0.8545274749499377,-0.3819571133236368,-0.6926463413494318,-0.8887957581140387,-0.5889579972884595,-0.9579694912763462,-0.8695513753182111,-0.6851755643987906,-1.1593071062940155,-0.8857209794304399,-0.7601995286074612,-0.2356827396045451,-0.4598243088248906,-0.4591037049851571,-0.6049154980679907,-0.40663733084178505,-0.676789987065573,-0.8927210273869411,-0.4048342683570091,-0.7480077301180127,-1.116945981703534,-0.480434262793344,-0.7870402749752184,-0.14099559749781782,-0.029637605890881102,-0.5385224470383699,-0.47797571118873966,0.04068295278797724,-0.7433549445765614,-0.735340258476506,0.04800999745599575,-0.8184002692050667,-0.9470323954346923,0.002294024957300003,-0.8604010243493218
unknown,0.0,0.0,0.0,-0.21253821794376332,-0.3914822985410719,-0.022696974877787487,-0.26459470693939013,-0.8298706790769831,-0.041083749435138296,-0.26985541428600934,-1.1458359948989387,-0.07280976425010398,-0.3033559912559582,-1.4296161972309107,-0.10525862541604492,-0.07020674340846449,-1.0668302191206072,-0.008694859424289523,-0.11446676367658572,-1.4587701150423589,-0.10543268240018634,-0.1685091175264788,-1.7400604189231041,-0.19167497636529218,-0.22154661458752722,-1.979260363080606,-0.25914216933136036,0.01166340164176562,-0.9969096603932193,-0.07768586793502978,-0.05204983887082617,-1.4338719331313612,-0.17478970754546297,-0.11555967729037706,-1.752132459268138,-0.26941113726115296,-0.17892137844712702,-2.031322240970468,-0.3389514349729995,0.07033240783573214,-0.8560407546847693,-0.1573981836430179,0.010171021910638046,-1.2646842735605668,-0.26216989662584045,-0.05680077975427747,-1.5500519065453862,-0.33341179502105606,-0.1245318422197098,-1.8033769450941395,-0.38145458972751173,0.0964444668374987,-0.6524102642541667,-0.2406153516016853,0.017054359708618436,-0.9177062153880541,-0.3474887046718339,-0.06311266544869763,-1.1343404515797277,-0.39880903631776,-0.13321713452402092,-1.3346814233804862,-0.43084369073412876
unknown,0.0,0.0,0.0,-0.7602188188105362,-0.839307146254992,-0.29242681122875464,-1.4638639988001794,-1.3132695137295363,-0.575745046147236,-2.047481431155278,-1.456882691943607,-0.8565833352749905,-2.505396183509223,-1.4832894755993344,-1.169951042239679,-0.5962480292142864,-1.5476247807864536,-0.5685647510808863,-1.4010752053766418,-1.4285173861082332,-1.0006473339695499,-2.0683917394370566,-1.2901983165036182,-1.3603656063343093,-2.565961368152365,-1.1623052934915747,-1.616199125383628,-0.20634964735432362,-0.6861148124970148,-0.697614712508941,-1.0825301665141995,-0.18751082626113855,-1.1133394596504433,-1.8490237410977446,0.09596966591329106,-1.3841672644156229,-2.4187236071359046,0.24231964670606893,-1.619051318600308,-0.012215467777231368,0.20245685928529444,-0.8487974126184997,-0.9837616712228109,0.7093862973768316,-1.2636665191209198,-1.6803281726763912,0.8792794335003894,-1.3297799836436475,-2.1829316746584606,0.9525569933527541,-1.3723659727946589,-0.007637266249012236,1.0485931908050565,-1.0210797067035084,-0.900420176539681,1.4065571269764319,-1.378234175816912,-1.476854281792147,1.5359471096162307,-1.3819416631542416,-1.9108620344613438,1.5991687045617746,-1.3665027076600669
unknown,0.0,0.0,0.0,-0.14268873652752875,-0.15792889022927514,-0.5833760589764961,-0.1299521576835542,-0.31904319892932914,-0.9604834066493002,-0.016731599034213968,-0.3206244443266519,-1.2358660051099943,0.18065314692482673,-0.32102415014724145,-1.5233557540168163,0.38311548151553154,-0.48660273214239524,-0.9638949811699378,0.7263219035697304,-0.481958603965628,-1.3241441817738702,0.9394856036196487,-0.5165411821332724,-1.58186094208591,1.1318551751764991,-0.540923491941193,-1.7609650697359789,0.534467949973921,-0.21942906968126305,-0.8162076291174261,0.9289421843737976,-0.21962981422340747,-1.157273625228608,1.1948492201045464,-0.21713375454836822,-1.4147169093147696,1.4545056618174588,-0.23550111589871067,-1.6155974890042375,0.6008713403429818,0.03614344340840426,-0.6867049175740727,0.9352460215506547,0.07205964807113237,-0.9769119782306197,1.1730495856370573,0.11725672128064095,-1.1921556643217481,1.3809480722389544,0.12835448078500258,-1.3564106825241211,0.6105697473473444,0.2497825106101519,-0.5906792880808058,0.8307630728997156,0.3445329154944856,-0.8281981031672313,0.967058426937489,0.3903541309987325,-0.9824365928588928,1.0865034675290697,0.4022355075229371,-1.1083427799608006
unknown,0.0,0.0,0.0,-0.1317432041985804,-0.13325556919834655,-0.5781036424895901,-0.10332707174696189,-0.2662362101442251,-0.9446802923236902,0.013707341138984275,-0.2701288203590554,-1.211088624688299,0.20048084895621213,-0.3652911201134595,-1.489281877314153,0.41114858148049976,-0.4886617335601803,-0.9374270152267086,0.766155204217642,-0.49993586880090546,-1.2985978461098378,0.9816322340761787,-0.535203530029681,-1.5607018249088946,1.1623590078118593,-0.5538355656778171,-1.7411417282772692,0.5621903730630157,-0.22916087618463302,-0.7946239848265081,0.9553556872645177,-0.23962502450590575,-1.1345134478457921,1.2204903671205258,-0.24024731253344664,-1.3998249229236424,1.4757024476020493,-0.27153850913233324,-1.6047571951857493,0.6283447566533359,0.02238160009610152,-0.6724732194688184,0.9605019599261544,0.05014390176033509,-0.9640182757060318,1.1973403178957132,0.08600892834220686,-1.1946248617168511,1.4087090006387577,0.07681661525118981,-1.3698215276433274,0.6389680466353856,0.23683602146882948,-0.5837405154015586,0.8614553575150683,0.34468863551703993,-0.8238509479339535,1.0005225828604865,0.3821705206035111,-0.9887899213397005,1.1231224106777666,0.3793207685474759,-1.122477353756159
unknown,0.0,0.0,0.0,0.049492749084713725,-0.5762337530254963,-0.03063589892604308,-0.12226865612250788,-1.076672654285395,-0.08720910107757412,-0.37334732519920233,-1.4258533129920665,-0.13143204772307937,-0.5281881820956411,-1.7193262130565863,-0.1869762840664932,-0.29374206683344456,-1.1409137898021324,-0.2611761687339963,-0.7448131560883334,-1.4867526431229379,-0.37779915066576325,-1.0235098930119464,-1.685440487747945,-0.4316184417654884,-1.2495727883362806,-1.8354162366504443,-0.460414782494554,-0.4483246816916489,-0.8427969494298837,-0.2978225676770716,-0.9443583596314575,-1.2303303860921726,-0.4219984319039618,-1.2547274016935155,-1.4564713816188892,-0.47254262820735576,-1.4759260025676848,-1.625567617419813,-0.5013088387616184,-0.5793424200096079,-0.5414912499014344,-0.32003635139329106,-1.029064421244773,-0.9191722065685429,-0.4179057546690752,-1.2906123527184978,-1.1619680702532953,-0.4434444917929682,-1.470496411414562,-1.3548472123261153,-0.45298776704344873,-0.6748998771530388,-0.2509801140594024,-0.3362715471840609,-0.9982698136188154,-0.573425864796988,-0.41189201003049963,-1.1648494098626154,-0.7677486984084889,-0.4179858887308946,-1.2815690001176416,-0.9376078058291119,-0.40964084724017896
unknown,0.0,0.0,0.0,-0.3437753965846362,-0.15013865040535443,-0.017813880174115802,-0.5055111334775948,-0.5912995560070928,0.021163552043687302,-0.5145315478667682,-0.9661389190327689,0.04440489198922963,-0.534994542682539,-1.2211351918784275,0.06798633352261833,-0.31477214920894114,-0.9065735185142707,0.14648101869803554,-0.3739083498592088,-1.2868943854164303,0.13538141889709318,-0.3861010726773294,-1.5443362432353567,0.0892746340990807,-0.4039751704155811,-1.767541089739772,0.04289029716853799,-0.14027368143675936,-0.9836766089127369,0.11271035167240394,-0.2500766761405203,-1.2626258871705032,0.07145589857787471,-0.33893975455516423,-1.4235004258378117,-0.001966486538274678,-0.4240593381685209,-1.5677946525055568,-0.047048224991944616,0.045946921103097976,-1.0119292720301947,0.06198008070377284,-0.02893829296873217,-1.3923122948501283,0.012609403696162367,-0.10870392489705628,-1.6913090659235697,-0.044027329557005994,-0.192777168131583,-1.9521678790421126,-0.08331738132429284,0.25512912743767774,-0.9846310410150481,0.005427599580816514,0.27159617426954386,-1.2737108501365433,-0.033255654693993594,0.27307686962826827,-1.465253000802404,-0.048219788556420284,0.2587522872038433,-1.6339627200429447,-0.05749645802306316
unknown,0.0,0.0,0.0,-0.23565478506538073,-0.16404725999414393,-0.005087554569350744,-0.37983444305559877,-0.5479304541149003,0.015139198102685561,-0.39771103434902516,-0.8652060239978275,0.016054217834085432,-0.4207993790772301,-1.113142203806935,0.023464189090012848,-0.28735063292234825,-0.912874092963516,0.138350751180716,-0.3618464861543581,-1.1723106503030385,0.07889090221648176,-0.4280661812507678,-1.2223910800180562,0.006984373841201997,-0.49548734639401915,-1.2220947779678597,-0.0337835879415515,-0.1410797015293992,-0.9858384167490897,0.09065943899023461,-0.24442283600649276,-1.3165236170400045,0.06544680650803957,-0.3264759616277894,-1.5455873076731172,0.0030186076949305727,-0.3993819670688884,-1.7450057650978046,-0.04265602311174013,0.03161684185432072,-0.9876747716960687,0.01999999005815522,-0.03294706086165664,-1.35066743762068,-0.03128826724438192,-0.10589175828130136,-1.5853720822737725,-0.092905723223479,-0.17951373355149,-1.779097659921765,-0.13373684948597298,0.22774334088407244,-0.9345667226975133,-0.05478306349685165,0.26257116835503885,-1.227914948746437,-0.093783056827587,0.2853655661969587,-1.41491944934438,-0.11504793692557835,0.2944217321899083,-1.5826154189907173,-0.12977887036323701
unknown,0.0,0.0,0.0,-0.34037463383095806,-0.22518717081958822,-0.07964859821842711,-0.5510548233287035,-0.7932333877128446,-0.2427283371412537,-0.4519305553492365,-1.3037933635687866,-0.3997736277047496,-0.3038359622317043,-1.6427620634521136,-0.528317745345827,-0.6838756133579056,-0.867815785553351,-0.44101305591532824,-0.5609095268987534,-1.762963679387884,-0.640933571784291,-0.43318527094031456,-1.5433016879188786,-0.7291906756666047,-0.4136998728077903,-1.2432830949716047,-0.7553595734462315,-0.3911263101955132,-0.7739340054564684,-0.4980425329938703,-0.2690284232149248,-1.8284333682300333,-0.655424236748949,-0.19877498533945828,-2.337302461652637,-0.6760110125020539,-0.15470107203532976,-2.7434689736036435,-0.698143469215912,-0.09329420315341795,-0.7256891234268998,-0.5412295323809347,-0.038366103603960415,-1.6121982819818756,-0.6030669273907565,-0.012164949279581887,-1.429928302890773,-0.43580931350340774,-0.0012372218739152363,-1.1917685466215524,-0.32220627692345505,0.21284278863217493,-0.7246181685241827,-0.5971378829339462,0.14003271394732408,-1.4845786011772673,-0.5447764357099547,0.1657085474000326,-1.319961509924138,-0.33503843355253227,0.20273548716357398,-1.0905044377695507,-0.19439085860913094
unknown,0.0,0.0,0.0,-0.3709433531895843,-0.20714424030410283,-0.09144768365216843,-0.6144894876988605,-0.7757095921035204,-0.25957623404127067,-0.5545672973529091,-1.2936481700341091,-0.4104935327926114,-0.4260315351609604,-1.6207623995754274,-0.5312821862873113,-0.6962779362769784,-0.830353918802393,-0.5140937900270608,-0.5742396314060152,-1.7364086891611492,-0.6973318816406411,-0.45639365578135604,-1.5161857951848672,-0.7570410752331496,-0.4259074631116149,-1.2212096835399469,-0.7674755153769024,-0.37746673888001503,-0.7400417588466417,-0.5566480541621028,-0.2761453932578078,-1.7979176957171503,-0.7257654117292993,-0.23538791710982307,-2.326821861241128,-0.7404427894552735,-0.19703332859242803,-2.750320098676289,-0.7570406911091577,-0.06605472987474434,-0.7032699532373826,-0.5760408419801899,-0.048234449648013204,-1.6054035858880327,-0.6382841015464814,-0.04866313202284145,-1.421218436572715,-0.46044088735097666,-0.030317562237349,-1.1775393951622823,-0.3390175889986052,0.2425283979930509,-0.7151470670632691,-0.6064740735545641,0.13236029271612204,-1.4825296192729485,-0.5526581582594676,0.13369762039350963,-1.3187057303899972,-0.3406069020146015,0.17200400134993607,-1.082093802180362,-0.1972733512291297
unknown,0.0,0.0,0.0,-0.3779205952992545,-0.18713073564238658,-0.1044365002819469,-0.6356156803212419,-0.7577201420756622,-0.2847319411153958,-0.5925396516773594,-1.2988436929581018,-0.4467736084495846,-0.5147705033481993,-1.6370342250484295,-0.5771097300235605,-0.7582733041386842,-0.7911504561460635,-0.5243659815968295,-0.6446106275030422,-1.7250108564959787,-0.7212972506857108,-0.516947552061578,-1.5060244017645654,-0.796387680428389,-0.48106458625559223,-1.20839973963539,-0.8185055075669191,-0.43843824629024136,-0.6995786624925932,-0.5642354111317476,-0.34338532631583646,-1.775575893593512,-0.7430736058753298,-0.3060952007215266,-2.303735344329921,-0.7724368682500501,-0.26695311670688693,-2.7189726670765872,-0.804800663173129,-0.12235913537749475,-0.6704527629762452,-0.5823502461840875,-0.09626741192960428,-1.6025183206492544,-0.6459489687897163,-0.10048634847038296,-1.4186255782145294,-0.47636719201567995,-0.08659509550302145,-1.164234013023652,-0.36848939151984006,0.18361009774552184,-0.7087101397733995,-0.6137250780977465,0.0833173951175688,-1.4792386829137039,-0.567115599635101,0.08525033270836925,-1.319437439295871,-0.36750803253276815,0.11420664541119523,-1.0821794235209594,-0.23661305199156746
unknown,0.0,0.0,0.0,-0.3624102089640362,-0.2059254049139038,-0.096625623349044,-0.624358628366273,-0.7888315040854018,-0.26345391046627037,-0.6154768598377203,-1.3337852247900261,-0.409572666721212,-0.5620908147477345,-1.7007245603789822,-0.5225644341699063,-0.6957379516373302,-0.8146126565093402,-0.5253192868099501,-0.5794205259260818,-1.7475054509717294,-0.7156577671682146,-0.4593870083797189,-1.5408779945013409,-0.7741912185069237,-0.4274160625261523,-1.2403754381552432,-0.7792004302216878,-0.38738046462893394,-0.730450824763137,-0.5624748600841855,-0.2784466309796311,-1.8165836700408973,-0.739856388093565,-0.2254666173684651,-2.35391783783375,-0.751097959486814,-0.17856638578577266,-2.7694639422883265,-0.7622211131306752,-0.07886534644326498,-0.7011590258239081,-0.5768492782383182,-0.03345337863908988,-1.616730661231008,-0.6422182568891394,-0.03847269740837703,-1.4479471267578035,-0.46069060131133316,-0.030992310862730143,-1.2127866779031462,-0.3357581264094021,0.2267307766495774,-0.7176440204838492,-0.6026435503964932,0.12961792073069997,-1.4966436929155327,-0.5484616719460348,0.13165837954575482,-1.3487728204490925,-0.3346111943832746,0.16983136391423714,-1.1201112076527486,-0.1891906873914696
unknown,0.0,0.0,0.0,-0.3671009494248868,-0.23262514202861947,-0.0977834033246884,-0.6208031026257348,-0.8350320323769905,-0.27880668598166986,-0.5339512362596732,-1.3783192116827139,-0.44802411036013334,-0.31238686128011733,-1.7292038352218175,-0.5637408448055337,-0.7929553821011186,-0.6375343826124343,-0.5231629917952808,-0.7949289429764722,-1.7553596062886145,-0.8219350555345821,-0.6082476218368942,-1.5124101646785746,-0.9085614682896832,-0.5172752629738512,-1.1722911480750433,-0.8890511698654985,-0.4745776302067797,-0.6534821987639056,-0.5896923679394269,-0.6040964670756958,-1.9879583845012716,-0.8269329329611574,-0.6064520167192862,-2.5152713838395613,-0.8581553566266055,-0.6412379256287072,-2.9215612860027944,-0.8573850746993584,-0.1255376140953879,-0.7041454292734203,-0.6462253802835862,-0.18999972319222735,-1.7297844122994226,-0.8445590782336869,-0.10607194789224805,-1.471050495571591,-0.7124862466934204,-0.0797482507802997,-1.1710583531155876,-0.5702303912377057,0.2231909077991446,-0.7589901902451335,-0.7057050147267631,0.08711407170959995,-1.5295959339274072,-0.7443485660223889,0.13505122633596678,-1.2905867365508672,-0.557315595995172,0.1991433823196827,-1.012858836675048,-0.40575302694153925
unknown,0.0,0.0,0.0,-0.3575601995129314,-0.3717337165470913,-0.14628419028382528,-0.5700666700857101,-1.0236472593359984,-0.3148444733392774,-0.5576519891087836,-1.6080173843840935,-0.4586918361184629,-0.3248611796543114,-1.9041323681330196,-0.5670196963568952,-0.28618454769471946,-0.9243153220393808,-0.5373672067722711,-0.22244625467937568,-1.8191599741131288,-0.7785748273229794,-0.27440179505937656,-1.6347757169486832,-0.8402257002395711,-0.28379939212733657,-1.4114848657358448,-0.828291567580833,0.04270704474766607,-0.8303262640864343,-0.5556387346983525,0.10040976773721819,-2.072451997264749,-0.7817973931085501,0.06486192891265684,-2.597745235621919,-0.8122508355070398,0.10819015174165776,-2.970620349365865,-0.8066113307759593,0.34642433210299667,-0.774895117827723,-0.5617531789161873,0.2818755629454146,-1.821058563553597,-0.7657422884042069,0.16449393869100276,-1.6352926642458663,-0.6643999355904022,0.1540171089745836,-1.3633601572253853,-0.5348039708068532,0.6006852808848708,-0.7521227948023534,-0.569468944508479,0.4968915181823671,-1.570224143375384,-0.6341561232667647,0.376021668178518,-1.4094656864195418,-0.4944112117043861,0.3777529274812,-1.142706391591848,-0.3690423777863995
unknown,0.0,0.0,0.0,-0.32266770977180254,-0.45741362538398667,-0.11772910829611646,-0.47414171249991577,-1.0843928465283907,-0.23011090372871706,-0.44070002551841897,-1.625059160497054,-0.3176810858618407,-0.2627531293282827,-1.8589566697744482,-0.37491041184129914,-0.1626969347066776,-0.9943166630234543,-0.4177121142121378,-0.08744759975552453,-1.8231539870796278,-0.5918728846965893,-0.15345790383643912,-1.63366714378537,-0.6097802446443333,-0.17412481866829707,-1.3649567718893243,-0.5655066749201326,0.16569579553150526,-0.8978132535052042,-0.408015030573117,0.21270479247653395,-1.925419061285761,-0.5474720721741768,0.2205406905397026,-2.435927607053397,-0.5644691853988407,0.24345696403798073,-2.8290855900326046,-0.559579045996491,0.45560016251520763,-0.8249474973341145,-0.38498411072776867,0.39456409845546925,-1.648948636343145,-0.5250384052035657,0.3010224794449454,-1.5298689776145127,-0.4712022382637367,0.2529294952963984,-1.3139245802997912,-0.3862209863583555,0.6681502822893528,-0.7910204874655079,-0.35891033568700964,0.5539886189628465,-1.4958282002210086,-0.40631264550076773,0.4677204518249864,-1.4228358936570553,-0.3025637466335295,0.4624722323337386,-1.2086934546299433,-0.19905186344316111
unknown,0.0,0.0,0.0,-0.3378858884248147,-0.3456958810001666,-0.0872526108163055,-0.5199475275811567,-0.9543182334867947,-0.18056968934143583,-0.5164019895838162,-1.4510536244661127,-0.2535745518260896,-0.3517410743740758,-1.6626913854873004,-0.29462585339892716,-0.24246371057431823,-0.9972807537409075,-0.36739416361683475,-0.19386552191152215,-1.7692099733237097,-0.5175182197721482,-0.2595807914811325,-1.5562144858210043,-0.5375829506189128,-0.27366240141316317,-1.2772899746999726,-0.5020442964821705,0.048720800927833784,-0.9298039546302554,-0.36481624074441693,0.09394183910394123,-1.8821137992157326,-0.4812203402726038,0.08830249232730689,-2.3602865106834416,-0.48546665845307846,0.13112033010867524,-2.721644473711975,-0.4763038438868105,0.31044403738672516,-0.8632606435640905,-0.34707692813675817,0.2578401060251471,-1.5921554103639577,-0.4449836136402469,0.16165773213141685,-1.4662685804346418,-0.36382939082041654,0.13139702512011034,-1.2431126232358116,-0.27166353928710274,0.5145754755423045,-0.8026787408240589,-0.3282391118112491,0.40891680839135985,-1.443543623232553,-0.3399930556126483,0.329670049252188,-1.3557659113996074,-0.21730571610682597,0.34072558848308804,-1.1444367245787646,-0.10861074779388656
unknown,0.0,0.0,0.0,-0.34328976615137397,-0.3304863903449684,-0.07960527409826955,-0.4998387131968435,-0.896092370248509,-0.1758599065518826,-0.4156753968369632,-1.3387004296440865,-0.26107063129923785,-0.18426148912139145,-1.4204071834076386,-0.31938046894765365,-0.2715161537312225,-1.0091339961369514,-0.3131161330314334,-0.22830635217233702,-1.6777681958949848,-0.4692707267249888,-0.24376926762905593,-1.4742910311457635,-0.5175593923447563,-0.23229952052716038,-1.2393215519940357,-0.5053369225890023,0.010410098831471785,-0.9453204800468441,-0.325976716724252,0.07930112837468756,-1.7987838100791436,-0.42924416298065515,0.08712346271181788,-2.2396206438515436,-0.4392558325188959,0.13786734032014009,-2.5893196227208595,-0.4365018467964098,0.2643799281431138,-0.8668999479405859,-0.33073039784562835,0.25206971711806353,-1.518524400453119,-0.42146258805669434,0.16319007841254626,-1.3930743550600841,-0.3518744760762959,0.14069898598961186,-1.1786761758530102,-0.2683438229863937,0.47465103588180374,-0.7893754476201704,-0.33754829000508346,0.4059510208665777,-1.3821463946193957,-0.34138191781664273,0.3235712785438054,-1.2934292147346536,-0.22225129384259676,0.3285592659959166,-1.0921404204667042,-0.11796081043363457
unknown,0.0,0.0,0.0,-0.3425056845109375,-0.32465288384025076,-0.055790291280586136,-0.5071877781753009,-0.8428913283028362,-0.13692544982685093,-0.43222258090939236,-1.2643197050100023,-0.21237807940655087,-0.23793982335952918,-1.4431778829048925,-0.2620661361042322,-0.24641978969495645,-1.0139500192613202,-0.2561011367101407,-0.2181588077530347,-1.653200193544563,-0.3989634124312652,-0.23251764496565477,-1.451042530208095,-0.45213408176510034,-0.21281185823744403,-1.2172499837218287,-0.44584111960649603,0.02383653604488109,-0.9603080296067226,-0.27792140583667735,0.0761905161167421,-1.7775373817348081,-0.3672626090270113,0.07977490620628111,-2.2054306926765035,-0.3805251183189864,0.1306862395567112,-2.5461158763273577,-0.3816111402632503,0.2628360227454877,-0.8854723931867471,-0.2928106208890913,0.24746273550752637,-1.4996949075189496,-0.36994729212778327,0.15709993459855465,-1.3885636169900522,-0.30470457250643007,0.12999018246067182,-1.1820424887412129,-0.22816220465688175,0.461415565065607,-0.8062617035675939,-0.30852082331805314,0.3924280240726173,-1.370107085573947,-0.3121627986442835,0.30419024900324615,-1.2897846803090454,-0.1956816496548489,0.2968383358982451,-1.0955471360749183,-0.09220934995807546
unknown,0.0,0.0,0.0,-0.28593908081249325,-0.29765681971654817,-0.0008257057026371145,-0.38315353742434055,-0.7691238737767373,-0.06749770803734223,-0.2515251382220757,-1.1529425590352447,-0.13837507772225602,-0.051306961938349764,-1.282272862526693,-0.18528861075487865,-0.440866456976226,-0.9339709743811413,-0.17993909963597052,-0.3389495009986058,-1.5257326990683717,-0.2907284298494975,-0.24919901915863724,-1.380410101021005,-0.3363976356277975,-0.21391725661605857,-1.1868038087936297,-0.33468771392934926,-0.19533397711546932,-0.9534705271145539,-0.22964884347226341,-0.09323459815207197,-1.6895874113983147,-0.28573410342533256,-0.013491707522930866,-2.047186182373039,-0.29237660977426594,0.052123435876674645,-2.336698873430202,-0.29554026548945145,0.05366236992517362,-0.9290088522130135,-0.26907697742793835,0.08879316795524092,-1.4705245248534111,-0.31018013948815165,0.08492703006836333,-1.3253541568893192,-0.2437461492050396,0.07982497193294967,-1.1407455304034442,-0.1816097095425754,0.3002924612295907,-0.8685084226564574,-0.3074022342615973,0.2685262734723812,-1.3405731877086975,-0.2786163074562456,0.2380137239543978,-1.1847098315673943,-0.15545110764239134,0.25069510459699823,-0.9990299898280702,-0.05816028174477994
unknown,0.0,0.0,0.0,-0.33234484572564627,-0.2534890059603148,-0.02668318798839695,-0.4818085025427418,-0.7412513610081534,-0.11704178226565767,-0.3289696363079332,-1.1863647642928843,-0.208105188613629,-0.07273882748124444,-1.3815710682679831,-0.2724826850438564,-0.5244449848408748,-0.9131281414031484,-0.21362924085247048,-0.4142666944466924,-1.5719269617148093,-0.3426344419815161,-0.3332035480339849,-1.412065461883772,-0.4073462627321972,-0.32352512974502107,-1.1958109123783374,-0.4205187202131452,-0.2660056012856261,-0.9273010621014476,-0.26335102109200115,-0.1527306566404524,-1.7394855029850256,-0.3324856184100554,-0.09768388648958862,-2.1431949988823376,-0.35022316815290716,-0.07319871825725845,-2.4870123864252487,-0.3668791503193564,-0.0042396180913791045,-0.9058381540239888,-0.3052101167877106,0.0659892540332742,-1.4944882026724438,-0.3392854659932942,0.07420071373937352,-1.3520049100787814,-0.25155469587912355,0.06086768547851897,-1.1693126652666261,-0.18268699002273528,0.25049908187563186,-0.8594132791890677,-0.35139019911743025,0.23465694364564205,-1.3879793165306304,-0.31361250196705515,0.24115332355056782,-1.2280575828433598,-0.17073266981985585,0.25473531841718733,-1.0449259479009965,-0.06558542547675157
unknown,0.0,0.0,0.0,-0.32820200279355094,-0.23356944917193903,0.005013962710601946,-0.4972327730886681,-0.690414680085809,-0.07245225163045352,-0.38483472722365114,-1.1179891272017006,-0.15523448981361074,-0.17399778700223517,-1.338934780216442,-0.2131994120940998,-0.5853525259389418,-0.8711586018339011,-0.20187894138379256,-0.5036794268892482,-1.5491100366624106,-0.30862235779591063,-0.41083690876756823,-1.3979338108431754,-0.35452875687926033,-0.39001153043996956,-1.1770057113934895,-0.3578438386188422,-0.34762994608843545,-0.9012207945344445,-0.25875567642325475,-0.2574776188454502,-1.7101753416439105,-0.31432335970039676,-0.20355285292696673,-2.117559335724334,-0.31365477223625393,-0.17816461802426048,-2.4452441505523463,-0.31731043595148656,-0.09699093930718358,-0.8960767437017053,-0.3028671432042256,-0.0429167540178615,-1.5040707997478946,-0.31895570805667695,-0.0180784594642733,-1.3717854209464178,-0.213536140848153,-0.015728850561229395,-1.1826774395172277,-0.13472633330572764,0.15725232814285023,-0.8590308009234556,-0.34912498820745247,0.12587768535260543,-1.4041075281139286,-0.2970088281763225,0.1428222273278642,-1.2552911864553307,-0.1416718187522915,0.1683870682204585,-1.0654690746233932,-0.027416339457489527
unknown,0.0,0.0,0.0,-0.30028141698865535,-0.20962208300486904,0.0027659350246580575,-0.469571652538037,-0.6543645040042005,-0.0679146370185252,-0.3890347674683436,-1.085074129916121,-0.1446580928398495,-0.21516583921561663,-1.3229305820304713,-0.2002493864953468,-0.5858806461439786,-0.8507832456165874,-0.16202111292276,-0.4765983167148001,-1.45189461113154,-0.2584442164996148,-0.36206781985081427,-1.3131978138919884,-0.31135099714835235,-0.33760547941873403,-1.1070456272202578,-0.32981872387126826,-0.39014852792486404,-0.8939443966304843,-0.22056187769200022,-0.2733756178888969,-1.6195710673484596,-0.26057036851373105,-0.21002146631281904,-1.99028226403223,-0.26980421777267105,-0.18584027367831263,-2.2944816989639607,-0.29018261003563983,-0.16606515892761378,-0.898129347033054,-0.27013825001250524,-0.04918574667619333,-1.446476310920352,-0.276718146421053,-0.0075454111965240645,-1.292082170196357,-0.18645723677399706,-0.007514949757782116,-1.1043738205821585,-0.1300614367777998,0.07249190627780142,-0.8737475601834247,-0.3243421802610041,0.09704788742897727,-1.346610176307027,-0.2850157577192521,0.13079780771333405,-1.190988101141301,-0.1572568310833758,0.14367284248826415,-1.0207573968757975,-0.0682036469698484
unknown,0.0,0.0,0.0,-0.2736531831189083,-0.2418712010872413,0.023766663399198206,-0.42485619458750395,-0.6721520639297432,-0.04022428093280351,-0.3488178247230013,-1.0683787384027412,-0.11708402573474828,-0.20844829770418064,-1.284363292030754,-0.17284855762078527,-0.6219693367596253,-0.8353061300936859,-0.12512536209940486,-0.4927419431278215,-1.4454526273509272,-0.22111183050270572,-0.35275263243576926,-1.3243580399680324,-0.27523925835332136,-0.3215058905550896,-1.1109349927768877,-0.29526516020239485,-0.4578683431160177,-0.8666848170638511,-0.19802527172861437,-0.3143726965742266,-1.5807529918770564,-0.24946710123344548,-0.23388222897298347,-1.9628114212905783,-0.26903212774345014,-0.19807708730467039,-2.274311864423901,-0.2933441469340102,-0.25447638638523223,-0.868477032342941,-0.261517580982972,-0.0854593891248908,-1.433850084861907,-0.26931685289127777,-0.02598222605761911,-1.2656821052975131,-0.17925906958049403,-0.025873359702866895,-1.0669030980910035,-0.12208169368745458,-0.019137632820189165,-0.8513749905499389,-0.3302566599120914,0.061778042984625796,-1.3298381904338035,-0.29329761064692794,0.11025947110339111,-1.1662761668377057,-0.16795671091199832,0.12080015867614519,-0.9948997769083125,-0.07837920277317319
unknown,0.0,0.0,0.0,-0.3051887875489455,-0.22565347661521054,0.011616293473555084,-0.49494674557924606,-0.6610377113316108,-0.08580258599337197,-0.45541078038837873,-1.0829677863596743,-0.19398184140178357,-0.3572362613203486,-1.334590202715128,-0.2784107769433966,-0.6944728497692634,-0.8058236871356512,-0.2189125709396802,-0.6036149764216985,-1.4759268793118678,-0.3428730464229404,-0.4638904341811112,-1.347760211747271,-0.40457804972834005,-0.4356316981579375,-1.1106808876935284,-0.4300381588321833,-0.5200735151180725,-0.7984712889066352,-0.3032608442653106,-0.42469563671889765,-1.603601891464761,-0.39539143681432265,-0.36449074908477147,-2.0363138014243907,-0.41618359441573133,-0.34611933424981695,-2.3784377344245344,-0.44108991936139424,-0.3027933694760482,-0.785115740712471,-0.37329886934307943,-0.20031709923213586,-1.4206086351993912,-0.3990344538620712,-0.12278790127819054,-1.2575031207492737,-0.2733001252615547,-0.10837169533035539,-1.0445831454147503,-0.19381807797107317,-0.055622490949947284,-0.7695729802304988,-0.4504430852196568,-0.041688125999704014,-1.314011713087615,-0.41475369854066374,0.02229390900836745,-1.1601997477719432,-0.25708306195287256,0.04081183902542197,-0.9673628678288053,-0.14645592078897843
unknown,0.0,0.0,0.0,-0.24326411584091992,-0.06791940239412204,-0.10733642828502109,-0.448175600952593,-0.2968881688040042,-0.18691303427490674,-0.43475038647698644,-0.5274069985351553,-0.26861314485290716,-0.31378501469144315,-0.6782940337742582,-0.34409599791749007,-0.48516765264665956,-0.9087762667945002,-0.12541211111224362,-0.5872286563371311,-1.3357303500086706,-0.22336511895517733,-0.6678849179667995,-1.6042758108205755,-0.282377119672258,-0.7421590262121037,-1.8458054351786715,-0.33311463715836526,-0.3039212380300972,-0.940979927787511,-0.14895857335267274,-0.39571927198891144,-1.2236365506367335,-0.35845897301416335,-0.40756456793171797,-0.938159332601325,-0.42693674611346366,-0.3979986210821784,-0.6976777706286724,-0.42788588301473074,-0.11553533480440346,-0.9138863233230201,-0.18220677550154102,-0.16205336588741145,-1.1419076683024592,-0.38096730454234,-0.19773299211328338,-0.8440752080498658,-0.3760469429717642,-0.2176919233253415,-0.6128942667726617,-0.3190927698918268,0.07042001712768824,-0.8536105773843695,-0.22300848159968967,0.11565764486454708,-1.2160530861399943,-0.35860421621058386,0.13988659362906006,-1.4545894847742604,-0.3812574297834287,0.1523118992862091,-1.7063937561040075,-0.3710164903086674
unknown,0.0,0.0,0.0,-0.19974322771533676,-0.13524754717263673,-0.12175161276426186,-0.3563888807754011,-0.3851551749512488,-0.2098273178680926,-0.25199414095586264,-0.6077997459486165,-0.2955198696819476,-0.06774293264808572,-0.7100581180491143,-0.37519318420892356,-0.35901239220099157,-0.9515206547240469,-0.16595140874088213,-0.45563518901250055,-1.3838934462617318,-0.2776320097859968,-0.5029594451345146,-1.6422560019146006,-0.34447457052716834,-0.547640069163848,-1.882050088161823,-0.3999812033204803,-0.166258189980909,-0.9704251392700994,-0.17502360794155739,-0.21792202686833725,-1.2070809603586743,-0.36303705962342997,-0.20305173607386365,-0.8986900427083565,-0.40062229807564087,-0.1792091926979481,-0.7100920996201999,-0.3899817068479724,0.019430528208976696,-0.922720826103049,-0.196293556357769,0.004133679272191491,-1.1401814190061184,-0.3711154795147621,-0.010807480983033049,-0.854627346721659,-0.3336019209390599,-0.010294180409266059,-0.6572749013825696,-0.26224822280015947,0.19912619392457157,-0.8482048297864768,-0.2294399660596063,0.2894700012261417,-1.1884337967884082,-0.3527364238334725,0.32203038252629235,-1.389514601739306,-0.3586610380942858,0.3430184739310158,-1.5953757418463765,-0.338287633069167
unknown,0.0,0.0,0.0,-0.19751673150817145,-0.15665074180151556,-0.12233247948689105,-0.31444681283612935,-0.40546651718277205,-0.2197424582010836,-0.19546615608362236,-0.6225947739400112,-0.30862502754661764,-0.020582874610685288,-0.7594877831334442,-0.3903102699528974,-0.3240551840497485,-0.9704468697249088,-0.21523810383551886,-0.410433435941138,-1.430753770407514,-0.35169893199431335,-0.44841429769988905,-1.707767023600388,-0.44417709491398494,-0.48994981152938016,-1.9600893655865859,-0.5186946190926477,-0.13232638185441048,-0.967021440170849,-0.21762183464721066,-0.15798451097456845,-1.2263551939302073,-0.3921215369823244,-0.13148287786009463,-0.8676518496176169,-0.416603666605101,-0.11594886239579459,-0.6908217379733091,-0.4102540611801342,0.053432477785239,-0.9085130193014481,-0.23115325973561784,0.0634471080655082,-1.1700864769999992,-0.3809041675542418,0.04729727730413349,-0.8792961066624146,-0.32125896725413394,0.03886636880911038,-0.6825455292584681,-0.25098966200194567,0.2228916269061564,-0.8205634399692188,-0.2582490754256795,0.32366384410136523,-1.1972533880267247,-0.38412864806149244,0.3721381250743019,-1.4145160316108134,-0.39090910040763754,0.41703044051382543,-1.643987333959978,-0.37575893664197535
unknown,0.0,0.0,0.0,-0.20512641130608303,-0.18809185156204886,-0.10631881408355535,-0.34106229750632305,-0.4559108759217443,-0.1913628173659757,-0.24930389622311272,-0.6743820653237548,-0.27421327246636995,-0.07133668255594847,-0.7592791361491142,-0.35454436280575646,-0.3152500984354991,-0.9627977374193875,-0.15537993158176894,-0.40183249951627525,-1.3973943950592713,-0.26268476712508565,-0.4469235025897209,-1.6550040290973984,-0.3355460893354582,-0.496046687115076,-1.8963871895291124,-0.3982700890377525,-0.1379337834052666,-0.9756176154860531,-0.17071771949278416,-0.18488843583987166,-1.260050827553431,-0.34856985348991626,-0.17767724736467,-0.9649494320280363,-0.39053473505432035,-0.17615283371671706,-0.7648978830285448,-0.38749147316776666,0.03967181990804669,-0.9214131274696785,-0.19633627339404006,0.017098745581842722,-1.1694964757453088,-0.35240699135721726,-0.007673597715188563,-0.9151179432220756,-0.3214078590209169,-0.023957815974981995,-0.7191923683600235,-0.26216715580451866,0.21325609008006613,-0.8392540120391487,-0.23341695736108234,0.2802496062797934,-1.20680234691005,-0.35528718957483124,0.332916798279359,-1.4398970590217932,-0.37453836428635406,0.37932293300846637,-1.662575471887624,-0.36766573350494536
unknown,0.0,0.0,0.0,-0.23058464541550194,-0.1678152815235991,-0.09288254506750988,-0.3815503763455027,-0.42049998887493073,-0.16402698979227132,-0.32565860379459,-0.6526844213343735,-0.24024775644810664,-0.18378142681894657,-0.7896810581330949,-0.3117523675774321,-0.3732915748722328,-0.9595883329798293,-0.10724649768988602,-0.4546474409951187,-1.376757648274505,-0.20173986114737394,-0.5069887966885247,-1.63415808834482,-0.2608058976528545,-0.5554970085052848,-1.8741648682735645,-0.30864015427227925,-0.20048471516749522,-0.971507889495468,-0.12640529906720668,-0.25473191223579145,-1.2475004303516004,-0.30203665884505854,-0.26396439570401753,-0.974306233820215,-0.35525929121951266,-0.26157101351229484,-0.7646160948661935,-0.35593339221254683,-0.01992898902565787,-0.9343874881216337,-0.15525603718820935,-0.06708188402624757,-1.1758563073180803,-0.3203860097923515,-0.09957519646597696,-0.9140980921285089,-0.30454428654637145,-0.10923480301344707,-0.7108515398792495,-0.24969145414520383,0.1550720376279436,-0.8731685740091933,-0.19236823026420027,0.22629008731125105,-1.2324210728147162,-0.3027702444832086,0.26865808411334025,-1.4509765233490717,-0.31554658400249475,0.2993325660512313,-1.6725999819326998,-0.3029075257132114
unknown,0.0,0.0,0.0,-0.23258852734382565,-0.13000543846279836,-0.09876935819648615,-0.43284985756765576,-0.38190519925455824,-0.17934972860345494,-0.4442154442408386,-0.6609862999094213,-0.2616888554418698,-0.3127140668476416,-0.8169458471554389,-0.33781456288212597,-0.4143762827737585,-0.9351361738528723,-0.1318573846286099,-0.5188140673405349,-1.3821763479207654,-0.22075525822327485,-0.5832300897791768,-1.6352672482872752,-0.27609281326859303,-0.6403993936272042,-1.863763466579719,-0.32893152619288885,-0.25832908472955857,-0.954552444372226,-0.1486462745103184,-0.34727030410198395,-1.2562119589796323,-0.31965142299451293,-0.36685959801638135,-0.9885253421831257,-0.35978106994571796,-0.3702472833803244,-0.8028504956786767,-0.3570931820795738,-0.09313814582656245,-0.9252702431754009,-0.17493072248504526,-0.16308684012529207,-1.1931609388481128,-0.32575790182409603,-0.1988092766451889,-0.9124189095250964,-0.2922148046781541,-0.20293641819571168,-0.6896906773081066,-0.23571260913660616,0.07013023097239296,-0.8577944764576702,-0.21268690332870166,0.14605045064878486,-1.2094662655113273,-0.332665378252252,0.1811460220894797,-1.4509438547873568,-0.3594618819501488,0.2093477563336098,-1.7054545541980193,-0.3613097430319357
unknown,0.0,0.0,0.0,-0.22832240966618544,-0.10969118307240865,-0.11280197827739051,-0.442308433045676,-0.36965382174571293,-0.1939980646187844,-0.497051154389763,-0.6380980527155867,-0.2758137802661609,-0.36352527806479257,-0.7772732272842413,-0.3474345216715655,-0.4238993167747501,-0.9389521431905605,-0.12164805795130669,-0.528443320674392,-1.376688173559022,-0.21363306087234973,-0.6035369707743781,-1.6145050983052769,-0.2593319511112261,-0.6631461494233255,-1.836495670284241,-0.30036333573071033,-0.26908261329170524,-0.9533828373466043,-0.1365859168327565,-0.3736228253055498,-1.237325728759533,-0.3396253469298319,-0.38742431105701397,-0.9378989774900491,-0.38590005337488215,-0.3680222099827487,-0.7030847370197704,-0.3703805681396656,-0.10526397292556648,-0.9220158687546937,-0.16363753590884914,-0.19880796076466337,-1.167145873377427,-0.3494644649216047,-0.23231624396205058,-0.8736243114835051,-0.3267117740494493,-0.2309152033193493,-0.6505904816346614,-0.2606685602750953,0.05794123817366581,-0.8629459941212579,-0.2010201478400342,0.11968757258560221,-1.2181149344396929,-0.32636900592119633,0.1437036647619571,-1.4532516075216497,-0.3505284864241975,0.15495700325754969,-1.7072000095229916,-0.34527418647765346
unknown,0.0,0.0,0.0,-0.2470377325119496,-0.10766609477122183,-0.09589778424893396,-0.4743525559976213,-0.3643648354147589,-0.17004348753451884,-0.5626646645764587,-0.6084915282614679,-0.2503126850536031,-0.45011300641691565,-0.7741192315542689,-0.3217583565499698,-0.4506372117641123,-0.9297654662345969,-0.10681078936022786,-0.5775314428476559,-1.3800243671697303,-0.20396075968400776,-0.6594033867979621,-1.6251570978681502,-0.251902253403886,-0.7250209053116217,-1.8517054042415853,-0.29111489395689016,-0.301958391814675,-0.9449716078416486,-0.12589594904469611,-0.4265658849061518,-1.171665428138906,-0.33424641985022385,-0.4489703351772738,-0.8717773429701416,-0.38531663737138366,-0.4287586160825669,-0.6434186759228208,-0.37373578424484777,-0.1462058444332456,-0.9244982935325371,-0.1562165090095201,-0.26572682029565603,-1.1654692245177949,-0.34779393108233636,-0.3194989725780108,-0.8764769225639346,-0.3292191484820337,-0.3280765553308327,-0.6518912146225259,-0.26508068322110695,0.005155785409020318,-0.8723643463925711,-0.19465408493449196,0.05960970911824701,-1.233001005975271,-0.3244001891128989,0.07849911641870644,-1.473997944244211,-0.35032374202823385,0.09094785163144088,-1.7305457157775923,-0.34337253427534525
unknown,0.0,0.0,0.0,-0.2678784564761899,-0.07060311229265355,-0.10719646805644055,-0.5125928608220721,-0.3087187513769633,-0.19142802234122192,-0.6153872270204718,-0.5574897287886399,-0.27961766614461925,-0.5142183239149664,-0.7402722515468813,-0.3564109890310374,-0.4858773857105134,-0.9127116959929695,-0.13142471561905583,-0.6309609279333608,-1.3723839699215845,-0.22939568550956965,-0.7186653556311398,-1.6111995205810912,-0.2728634225310794,-0.792415797572,-1.834223483416408,-0.30874996493236334,-0.3375215296296028,-0.9297197076777955,-0.14731083528378888,-0.47846802766972135,-1.1545804705426732,-0.35290715362059805,-0.5054037958057117,-0.8666044194485928,-0.3960527388284668,-0.4898560274454561,-0.6582203182854611,-0.3810379913631878,-0.18247801577422706,-0.9099783514762343,-0.17488290337907728,-0.32495413340085777,-1.1117598108621936,-0.36453075197373624,-0.3788029452710465,-0.8056409983961507,-0.34076924858572377,-0.384477896763294,-0.5834960688913332,-0.27379869875601426,-0.02920406445369779,-0.8598607527073576,-0.21250966710230546,0.004222327525925063,-1.2258610373546348,-0.34305395325825455,0.006065276511264881,-1.467101816377166,-0.37001555369216454,0.003951238779840407,-1.7244946991746712,-0.36362906107792065
unknown,0.0,0.0,0.0,-0.26260201487171675,-0.05778334763803074,-0.10215525019465858,-0.5055812071467058,-0.28495456661860363,-0.18530849293200305,-0.6068737316332559,-0.5090671346494157,-0.27492770377041403,-0.5257616997958415,-0.659748855292716,-0.35519740689250473,-0.4734835601086909,-0.9164305575859825,-0.1497288532809481,-0.6214598954525893,-1.4079128976500679,-0.25782182897889944,-0.7233383512435761,-1.6518581490599988,-0.30237104088815353,-0.8118746979332458,-1.8777623685436806,-0.33665620676822255,-0.32868521654613997,-0.9285326692777427,-0.17260680898495045,-0.49368531865044224,-1.18993190205198,-0.3961301928691986,-0.5363585500491023,-0.8877529417650063,-0.44125431839181395,-0.522636732838845,-0.6648076194058554,-0.4215458026422766,-0.17472547048188558,-0.9026855157824739,-0.20596407541567585,-0.3305745232164158,-1.1144764577431443,-0.41069970773312897,-0.39778691580729314,-0.8042354856398216,-0.3896059009590258,-0.4070399575173075,-0.5836029690098123,-0.31854920860270824,-0.01728987023247624,-0.8507828869886156,-0.24835135400992908,0.006818236912709049,-1.2365195966709932,-0.3887961531301685,8.53433848391784e-06,-1.4796620606346829,-0.417308853352982,-0.0041149502211310085,-1.7334041729953986,-0.40821145838990797
unknown,0.0,0.0,0.0,-0.26780534874006,-0.055977622555912855,-0.10575316157770029,-0.5147913778633033,-0.26494005550892763,-0.19627727499415443,-0.6287085466018669,-0.4714926494070454,-0.29220908887035796,-0.5583521133753468,-0.6044144330839714,-0.38205222575067,-0.4853293814188041,-0.9159268828411798,-0.17539339595690082,-0.636812416302885,-1.3989942131154893,-0.29416699420213066,-0.7469543791415536,-1.6499372315356386,-0.3524362183725921,-0.8452953564301379,-1.884575786993527,-0.3986930875657718,-0.33352730102651085,-0.921094481286724,-0.20085939363921226,-0.5069749762728949,-1.125893249453117,-0.4299314193058275,-0.5432918283267434,-0.8079506743083702,-0.4807392742481177,-0.5217705516956476,-0.5850395660466894,-0.47114820868837726,-0.17399985298284432,-0.8863712921281102,-0.2361436150072629,-0.33370766201822427,-1.0956965806724979,-0.44964275631621525,-0.39960599256155577,-0.7708839301817193,-0.42710449545759316,-0.4114229090509713,-0.5408499851526544,-0.3576573703775842,-0.01080558632294655,-0.8270444740588809,-0.2799191337192176,-0.001621257558004723,-1.2190528309647721,-0.42561875756430056,-0.021530095543939892,-1.4583755093076098,-0.45040029381749125,-0.0420977916636422,-1.7105655504520114,-0.4402993670788889
unknown,0.0,0.0,0.0,-0.27414650642720956,-0.012549619278517445,-0.0855136007181905,-0.5240201643110851,-0.17375633812462182,-0.16370659938523552,-0.659130792136592,-0.3032125256248175,-0.2556170920830804,-0.6182147825848594,-0.41312796190598666,-0.34379734454027494,-0.5642735960919377,-0.8750532430181029,-0.12718886203269558,-0.7391033319203467,-1.3453300984253576,-0.23132682067589214,-0.8759645928197126,-1.596444359218617,-0.2727258184787756,-0.9975269845624959,-1.8219553229048526,-0.2995475115538156,-0.4025592900145571,-0.9018516773333141,-0.15687437685633626,-0.611129461997691,-1.0053734145595565,-0.3695279116810236,-0.6175953633004891,-0.6671775426559424,-0.41163529225226175,-0.5594767610378658,-0.4386650283796251,-0.3878273813981108,-0.24008591030494963,-0.8775906363004402,-0.1952327710675871,-0.42401475798728566,-0.9787837153143195,-0.4094900576075643,-0.44916489098595924,-0.645886294081568,-0.3945275667805855,-0.4237753505338174,-0.42366840434712066,-0.31918883018952005,-0.08660591772917181,-0.8307894649546346,-0.2376565963121206,-0.0984700228084442,-1.1838913009253809,-0.3617684433199095,-0.12675620344163677,-1.3981821438672117,-0.3671351943314512,-0.15289151711192384,-1.62479079887071,-0.33790169849122426
unknown,0.0,0.0,0.0,-0.2596458085636526,-0.04478094363645816,-0.11412562614250991,-0.5074381400844885,-0.20796761537757452,-0.222668691744706,-0.6220732013827073,-0.3338901214685022,-0.33224538792425207,-0.5102119236208731,-0.3789394230243342,-0.44292473822979656,-0.5138673293228196,-0.9053383906493404,-0.13504466311202967,-0.67182703525899,-1.2969773322802314,-0.23424253532531802,-0.7942544989237875,-1.5419467690114639,-0.30854779880335875,-0.893433672528548,-1.739379519438383,-0.37077517061529697,-0.3422536927213672,-0.9248578586952212,-0.1658322979044739,-0.3592620973788217,-1.4164417085728953,-0.3122992971869858,-0.3133058663279632,-1.4822457765336303,-0.383188634964426,-0.25445968528051605,-1.4708815327658626,-0.4070188683183431,-0.16801987053364786,-0.8548620450452198,-0.20729464569962822,-0.16990464015972603,-1.1922618671455323,-0.33400127183158335,-0.18173368685974256,-1.1013844998756857,-0.3389439686733831,-0.17142483390094063,-1.0041780451310836,-0.3139668873297612,-0.005847747079687892,-0.7025327187797207,-0.2612156383176157,0.02651130687147045,-1.0059873939040045,-0.35147260016414816,0.05592368562950472,-1.2268567359562355,-0.3604807252945567,0.09151756753501951,-1.4439936227638424,-0.3531955031086993
unknown,0.0,0.0,0.0,-0.2552484311561364,-0.08608665492007232,-0.1313033781765536,-0.45148970326549304,-0.2678471678513165,-0.2687178372588856,-0.41600212065374453,-0.4338545474165935,-0.40587965069655807,-0.22097146421903105,-0.5078987883127056,-0.5398480343469105,-0.42859490472114525,-0.9400139282869159,-0.2278010860730536,-0.5541906383702913,-1.3828693449583345,-0.3522377624850419,-0.6416069615205955,-1.666840693307203,-0.4311980368386882,-0.7104079294476529,-1.9185982803099355,-0.5012265792289061,-0.2341622393521078,-0.9406446588053788,-0.24567391298735505,-0.2820439370791183,-1.0815555116263884,-0.45065633996138893,-0.3166217597452427,-0.7756569147734881,-0.4979079892418696,-0.3150820133596281,-0.6056260548816261,-0.49980684650024054,-0.04875623795827287,-0.8741451255935467,-0.2745832838439704,-0.05533537981149653,-0.9668830979786683,-0.4579131202801083,-0.1421742980671953,-0.6686353640054479,-0.4352675880240245,-0.1880556648341572,-0.465244241854514,-0.38222858939479454,0.13276815407105363,-0.7779987777523819,-0.3153913375662883,0.21953663289802908,-1.1100075842551564,-0.4588822514871783,0.27108514933717326,-1.325706260392393,-0.48280967593491014,0.32529622657682844,-1.5585891808242365,-0.47549309030896925
unknown,0.0,0.0,0.0,-0.25518181220947866,-0.1979994639187508,-0.07506492098200494,-0.38714405371146454,-0.4154935312407114,-0.1520872561126493,-0.32021476644541913,-0.6286508430714832,-0.22205147422469473,-0.12964708051878962,-0.7095167997489082,-0.28761677462806207,-0.3697319828325169,-0.959870483256643,-0.19183066155197734,-0.46941472839091447,-1.4297930284498044,-0.349787878911435,-0.5135014486217936,-1.7380337165157658,-0.47947933294604,-0.5553709439670527,-2.000210946993721,-0.5848559441724406,-0.1832863184349832,-0.9628690205651487,-0.19821547545653762,-0.23909780317716922,-1.2477346594061591,-0.3552250552767785,-0.22408673850275007,-0.9016016488266316,-0.36633312464526147,-0.24081519123886336,-0.7616961852674043,-0.36325203687920005,0.0005423967083046934,-0.9207516622568881,-0.21503302283697368,-0.007288863834917552,-1.1657805238667764,-0.34641334557893233,-0.04480927099521904,-0.8401843502226892,-0.26668976511622866,-0.07709118511405616,-0.6092911738471563,-0.19165173169716182,0.17323541483089214,-0.8375335465149603,-0.24411102100070592,0.2808505006579115,-1.1894721122317946,-0.4029282472738022,0.34513720601207387,-1.399066726468517,-0.4327598848674167,0.4047834330637988,-1.620414639684482,-0.4305646653765607
unknown,0.0,0.0,0.0,-0.25847307036420697,-0.12234902121484029,-0.1631590708618359,-0.4661675032636336,-0.3408681758489161,-0.27715921497778623,-0.6424531991500747,-0.5448024145720286,-0.3757106652651653,-0.802135474381446,-0.6978982543208835,-0.4739375806753276,-0.28300373572842674,-0.9477209657112647,-0.18340059292935765,-0.3415229229467498,-1.3475197270097459,-0.29704862223146755,-0.39634813174125966,-1.5932179380620393,-0.3888313046709148,-0.44246011245397365,-1.8178069496907092,-0.4580590671302179,-0.10461037092573892,-0.9755963632379122,-0.19305026892428603,-0.12987251716596132,-1.430149575703682,-0.28456563813184116,-0.15684121307081858,-1.719837994836206,-0.3606954664859652,-0.18749599888023805,-1.977714286766772,-0.4198184839960472,0.06180248454900801,-0.9004993332905755,-0.221539387272511,0.07613640212016648,-1.3131123964972253,-0.31454783803284797,0.07372084190709248,-1.5811243599581672,-0.3745285527269488,0.05930182394643828,-1.8312238866604476,-0.420489575866723,0.21793540420950117,-0.7504996178247226,-0.2650491725780532,0.2746512281178361,-1.046199327672553,-0.3490148105318268,0.30338145427604735,-1.2515974843318223,-0.3839998555564647,0.3221726242700636,-1.4530339310048201,-0.4097101234755029
unknown,0.0,0.0,0.0,-0.2614151044019898,-0.12192681180337864,-0.15667369527651578,-0.4663559308387672,-0.3431129014699575,-0.26344043990725957,-0.6375565223560467,-0.5474007078989981,-0.35561135008408673,-0.7958815664282832,-0.7035612474512082,-0.44720329376347817,-0.27885066760239957,-0.9460754581461197,-0.16868891430524044,-0.33775974687953236,-1.3423582474660256,-0.27764735289906567,-0.3907450187069963,-1.584662516607163,-0.3695711024586115,-0.43688813671653526,-1.8100744196909702,-0.43958190648398326,-0.10279183444727835,-0.9787690622304556,-0.17732727255410566,-0.13113418089397988,-1.423441131166795,-0.26515535707509463,-0.1588126197213622,-1.709102473188414,-0.34227003179898396,-0.19064610249068703,-1.965052351606842,-0.40359624960511675,0.06145038983279423,-0.9078533142499985,-0.20419445118204313,0.07678653749546376,-1.3122326995918907,-0.2916757741499024,0.07290297378145678,-1.5735384545036397,-0.3485747577245322,0.05619711724427737,-1.8173667525791073,-0.3934358594702414,0.21412192324725585,-0.7635782595504562,-0.245953293688388,0.2650487264240178,-1.055641517182537,-0.3236574822834335,0.28754395207654404,-1.2574971258589487,-0.3547677968736576,0.3033016396572198,-1.458687170105583,-0.3785519618908568
unknown,0.0,0.0,0.0,-0.2526754433236625,-0.1261657276647983,-0.14911650213604852,-0.465052538834571,-0.34565238318004465,-0.2533244036994802,-0.6394290503661029,-0.5396608996427482,-0.34421972952828,-0.7929970183200928,-0.695762366473668,-0.4348457286633132,-0.2893729561509151,-0.9437817459411437,-0.16634111041430544,-0.35284289550044634,-1.3322840179692912,-0.2761350036948659,-0.40352046973732403,-1.5743380901111024,-0.3677863790503057,-0.4440685590060872,-1.8001843690721953,-0.4379915036169823,-0.11332113525145836,-0.9769380103850416,-0.18097083790002483,-0.14153052473307515,-1.4162294331560783,-0.26932809496308474,-0.16724012568638696,-1.70049455929987,-0.3467970577933426,-0.1978636034438189,-1.9539593470543601,-0.4083601961995774,0.05198752989681945,-0.9051257093381537,-0.2134438001057102,0.0661783996837603,-1.306863091550682,-0.3041476208862264,0.06505812408403844,-1.5659043306375446,-0.3634431448553891,0.04832378475367312,-1.8101080309962412,-0.40967457337531593,0.2070893187132385,-0.7559386623244619,-0.2597771163738794,0.26094326241913046,-1.0451850859696232,-0.3436873671565114,0.2849595118460986,-1.2461737811690554,-0.37861725292695547,0.2956288371858527,-1.4455161294127614,-0.40451181567866384
unknown,0.0,0.0,0.0,-0.24777619891203795,-0.13608044894015997,-0.14408379337289232,-0.45242502162290155,-0.3589575271300937,-0.24800949596886912,-0.6262140782899853,-0.5519502176016127,-0.3396733985314266,-0.7934926652608727,-0.6758321757866942,-0.4322582960568562,-0.27782363135298904,-0.9502887048268611,-0.16365274248529993,-0.34243413663010003,-1.354107373235735,-0.2718646156837357,-0.39383681521099545,-1.607093537410149,-0.36176069018797286,-0.4336852343998621,-1.8330720778405893,-0.43100580793257176,-0.10221820349333649,-0.9779376699240316,-0.18217945169022406,-0.12725050550283007,-1.425083606882241,-0.2728089565074511,-0.15233819936783818,-1.7114604632291417,-0.35224289430137545,-0.18202149056731964,-1.959851391320314,-0.4141817660950651,0.06616484890968047,-0.9055272688880072,-0.21780529554553102,0.08428665569250088,-1.3127677089627545,-0.31280305025546723,0.08716823635003013,-1.5748956968044607,-0.37496300780290626,0.0725491215089653,-1.8198030792691533,-0.4217550971232163,0.22622515460455736,-0.7583352137316262,-0.2663655591232583,0.28336931942661425,-1.050612266027445,-0.35354117101926724,0.3067699700399724,-1.2523667438705957,-0.3894582435757959,0.31264463756852323,-1.4501708190789404,-0.4152012471749567
unknown,0.0,0.0,0.0,-0.2506188666657218,-0.1281999729807252,-0.15439131756771968,-0.467793972494448,-0.34117101636496455,-0.25825875258781,-0.6225150661637031,-0.5477915569721447,-0.3461898241680082,-0.76433469648916,-0.7281766755005785,-0.4319765370926805,-0.2838926392970689,-0.9409187652493435,-0.17166436438885738,-0.3508438140291986,-1.334725679631857,-0.27649688030761665,-0.4004522443087019,-1.5785022126236248,-0.36198528120158535,-0.43993885147508816,-1.7997555550842388,-0.4273092937953934,-0.11148216339734085,-0.9774309488927994,-0.17944488677800313,-0.14592957012777386,-1.4226184637742263,-0.26635997660078364,-0.17564419928352434,-1.7031518005921795,-0.33957866458504515,-0.2054713315187752,-1.9477325085568231,-0.3978589296857609,0.052576932587723064,-0.9122882118201818,-0.20495719593005407,0.06368143062551096,-1.3217671012378296,-0.29197903723575414,0.0596337869362944,-1.5882670358331519,-0.3471131944265937,0.04555905956932948,-1.8302723854746281,-0.3907558775265833,0.20947703327045875,-0.7736259458804833,-0.24504610165527851,0.2551288585369201,-1.0719727637205512,-0.32616779173818017,0.2754674909158025,-1.2820463593730973,-0.3604505455241361,0.28682487416518665,-1.487152302600776,-0.38547958178492875
unknown,0.0,0.0,0.0,-0.2565460026300157,-0.12064081127443652,-0.15262635496362967,-0.4721909794699319,-0.33548961899295654,-0.25397127096786637,-0.6242062455088297,-0.5453888877766363,-0.3399094994968211,-0.7716269261219696,-0.7194337145711923,-0.4250101361683983,-0.2855659282715323,-0.9357464704253693,-0.17379943835420797,-0.35511976424055824,-1.329486580720878,-0.2820228950970361,-0.4087085913016128,-1.574295420548982,-0.3699866060815396,-0.4526104850840739,-1.8001316129046974,-0.43746924256101843,-0.11055792491153295,-0.9765920778293811,-0.1845124894421725,-0.14128478699693736,-1.4232151203586278,-0.2756562064713517,-0.17076034706162777,-1.7072445049163474,-0.35333889782459155,-0.20228588588770835,-1.9560048512058565,-0.41527696865933006,0.05187160937811884,-0.913722802575019,-0.21256395684513726,0.06996884695986391,-1.3214195694971567,-0.3050160712515117,0.06750410796956376,-1.5891701165940146,-0.364273340349738,0.05215873178567746,-1.8314091481839871,-0.410711941795835,0.2038792271782127,-0.7754112997583634,-0.25455780311745557,0.2545185924421455,-1.070500413769506,-0.33981634144056955,0.27515529606873435,-1.2796707176284932,-0.37604708304789647,0.2832157874823276,-1.4817506025923506,-0.40289409389282155
unknown,0.0,0.0,0.0,-0.2629303717501438,-0.1367571422221205,-0.1343608677420667,-0.48713303943950026,-0.38459316594338777,-0.21540950945485468,-0.6343174889890975,-0.6127425900357456,-0.2841575086102503,-0.7523028177382884,-0.7811480706429659,-0.35133650520031057,-0.28166102612030774,-0.9433096651666131,-0.138524462345004,-0.34696169944894345,-1.3313046058565658,-0.2333362907847612,-0.394166170918339,-1.5736869229763184,-0.3114342922611374,-0.43309414914990046,-1.7904867244810552,-0.37203068719402665,-0.10967897006483793,-0.982173395042638,-0.1526628494295013,-0.13869312587293775,-1.4195943948707748,-0.23433075995981478,-0.16597985421557537,-1.7018079317516832,-0.30497526202606534,-0.1929859979430181,-1.9438760342576398,-0.3603131737541705,0.04887593259390201,-0.9227474307233788,-0.1842266422490879,0.06917540130179718,-1.3203758601917372,-0.2694080249233726,0.06647420969773364,-1.5881134394658087,-0.3261234176296301,0.05342953479255749,-1.823591693551836,-0.3697593133239508,0.19791781214086746,-0.7885652421254981,-0.22864995675394004,0.24637286781197706,-1.0738668410794532,-0.3084772679718195,0.26426402706780555,-1.2817579555666814,-0.3427824389889474,0.27261330164589587,-1.4780923971017663,-0.3676916330927905
unknown,0.0,0.0,0.0,-0.26604818622210097,-0.07559943177512676,-0.11783426696514429,-0.470216276963715,-0.2561167898041188,-0.22493608137103052,-0.5406308492445274,-0.4213489161673313,-0.3384813810479892,-0.43229790432666787,-0.4531951063960395,-0.4496329576547242,-0.39025017002985923,-0.9704357605826044,-0.15794844014441647,-0.43975606163561326,-1.4287241645717819,-0.28868008218599794,-0.504552657265672,-1.6974743611837015,-0.3664925824639397,-0.5638942457512981,-1.9175934427209318,-0.4245924127169202,-0.18972266590120196,-0.9639239208820277,-0.18669757576026377,-0.3098593546855904,-0.9596626887290266,-0.39927447926436416,-0.36023254838149665,-0.6084328374821513,-0.43730413431410203,-0.3529970226340123,-0.3684402853362246,-0.4155098324950481,-0.02072982798179837,-0.8564540069452276,-0.2290218476868099,-0.143669965996959,-0.7579342021123439,-0.40443431272883795,-0.20924777417451862,-0.4563042068712636,-0.3620195299943687,-0.23079738815781206,-0.26577857246061937,-0.28887672004446463,0.1175478627855283,-0.6885476324012993,-0.2862993059152118,0.006467793888057494,-0.5709247582623291,-0.38131499941786895,-0.07709725634510038,-0.3607087770453414,-0.34202883746189944,-0.11577134834725092,-0.23674277201495916,-0.28389246920535177
unknown,0.0,0.0,0.0,-0.2533662787628868,-0.07916037343509336,-0.11458036924520598,-0.43959970869771975,-0.2380620571520773,-0.21541825621743216,-0.4928806780319572,-0.4007203769834193,-0.3218278322060188,-0.4265550116392009,-0.4895997172715134,-0.425718860424385,-0.38749553620543487,-0.9683479073235636,-0.1586361264079715,-0.4613581919734049,-1.414815995053096,-0.28578526441431573,-0.523251017091827,-1.6905086361836519,-0.36322414609238607,-0.5772693498458296,-1.9246682900400875,-0.4201067573237713,-0.18527808195512283,-0.96485722303173,-0.18633993536150295,-0.28442801261588296,-0.9922364035425745,-0.39222815100191594,-0.34502612137184435,-0.6525109311705666,-0.4328160499608221,-0.3559264153082635,-0.3987454581891008,-0.41442193718551085,-0.015319411243959724,-0.8606582050148841,-0.22665392126472028,-0.12898450204609518,-0.7573383203272052,-0.3980102713998951,-0.19884189138866964,-0.469018563807365,-0.3620595076190735,-0.2272992693683863,-0.2730211310896649,-0.29549553720097393,0.12270212307212974,-0.6940407206271815,-0.2810944325506212,0.01721944781169561,-0.5790058979936067,-0.37594609675706214,-0.06943847524937939,-0.3733651801038647,-0.3394341826252574,-0.11853616631709257,-0.23465265072183705,-0.28469367608463997
unknown,0.0,0.0,0.0,-0.2586408061931481,-0.07287231252252481,-0.11941491893365266,-0.44740644443660155,-0.2394760213094034,-0.2191610549687275,-0.5079268726213254,-0.4244881920626047,-0.32306329391863875,-0.4406967499124701,-0.5166967782626936,-0.4239807026505952,-0.3906895230254328,-0.9569846134069228,-0.15016883929465694,-0.4600809779031994,-1.3789862179591472,-0.2695510530531394,-0.5172667569740657,-1.6519770917457388,-0.3452358436918521,-0.5639072783313795,-1.8737832517600717,-0.40200902671907823,-0.18829521685615272,-0.9666510562074679,-0.17358181598912117,-0.27921112157091654,-0.9513043728882415,-0.37450142929559366,-0.33549358732965856,-0.6302906425430934,-0.4221579500854385,-0.3444414972965261,-0.38320369836757195,-0.40970308776943404,-0.016407933119275398,-0.868330119427676,-0.20951741652906256,-0.12339921821636411,-0.7398727636574434,-0.3773400835603062,-0.19173672068956332,-0.46281046443461243,-0.35026824489558434,-0.2182958521663808,-0.2687057389112461,-0.29025540920639603,0.1241636203930694,-0.7056114918709869,-0.25995494541708053,0.018203353029034253,-0.5598822434807023,-0.3550577796559421,-0.06566717696944116,-0.36367352246720913,-0.3269975348353543,-0.11106349239712966,-0.2285080359004483,-0.2777995044053228
unknown,0.0,0.0,0.0,-0.22715627862720755,-0.08475369161804157,-0.12656537292719283,-0.4158480974278389,-0.24582091689613797,-0.2337294076930325,-0.4832797129347742,-0.42327782344805853,-0.34604006855557196,-0.4025712593872,-0.5268862506317136,-0.4556027737605285,-0.37026903025324354,-0.9814712626764032,-0.14813433639404858,-0.45150619190721747,-1.4092228531861735,-0.2749089139328262,-0.5037635067260822,-1.6851637956606653,-0.35835534910546024,-0.5460393633462401,-1.9178492323781156,-0.42047558133717405,-0.17435162400667154,-0.9691079177532058,-0.17444585106640365,-0.2556841043335562,-1.0526046450018445,-0.3853751888523079,-0.3088341203780377,-0.7284155774989733,-0.43440044459070676,-0.32532290066874064,-0.47889937437398905,-0.421180581734159,0.0002635439794924351,-0.8669038883537107,-0.21586039681710867,-0.08306306779058037,-0.8445758267550939,-0.3961006659982422,-0.15862755329580733,-0.5471548348414074,-0.36596491148873517,-0.19703287774173925,-0.3356756426500316,-0.3006815101947604,0.1503537304724183,-0.6998140350852462,-0.27182175678678155,0.06683324106169429,-0.6411220347834873,-0.37462814349391266,-0.018345199203623513,-0.43488050915995446,-0.34274381113379015,-0.06842395579856922,-0.29050134230459523,-0.2906720031939329
unknown,0.0,0.0,0.0,-0.22072525112352115,-0.10050195796383833,-0.1031582834335525,-0.37310252593371923,-0.2895450576480802,-0.18444875914757067,-0.3803625545720732,-0.4644871213736915,-0.27191010495710854,-0.36095727662121296,-0.5867715535944934,-0.3578617533134848,-0.34845987956387536,-0.9856458808748894,-0.13147533576909937,-0.42132606801246475,-1.399886799950465,-0.24575087806542822,-0.4632332418753282,-1.6773630352268916,-0.32252560462176616,-0.4944838995443771,-1.9136501914388824,-0.37886864670930465,-0.15594519223993228,-0.9749232872217959,-0.15876297128076838,-0.21121593515646303,-1.0334074114813279,-0.34719711012292154,-0.2628192463973577,-0.7437471826793239,-0.39784435483202185,-0.2791318869569109,-0.50857856659127,-0.3907343936764879,0.014080071624160558,-0.872205213344554,-0.19739347274023705,-0.05940735109017873,-0.833554145607599,-0.3515253827341765,-0.13281118183796048,-0.5716100938315327,-0.32555249626794736,-0.16462814190902147,-0.38572305528465267,-0.27058484057301835,0.1582947899285055,-0.7105410037354732,-0.24907851834843245,0.07977937676856008,-0.6420133710368819,-0.33501991673748077,-0.00420799305937491,-0.4643645198227404,-0.30495603279364203,-0.04523838007301252,-0.34650754274494233,-0.2575138434023025
unknown,0.0,0.0,0.0,-0.23303825087416782,-0.11666957965408384,-0.10306802171596405,-0.4082514113110094,-0.3391123716367625,-0.18011570094903412,-0.4564965438586353,-0.5481408319369065,-0.26289241496473,-0.4110209122519166,-0.6676108349011947,-0.34103379436354125,-0.3504447703545242,-0.973648224574884,-0.11948844944230466,-0.4189835522718284,-1.3919206922788017,-0.23816783693403515,-0.45895188392155817,-1.6648447718426,-0.3091856703949207,-0.4866962651807685,-1.8953356951014824,-0.3586982952689221,-0.161144781665898,-0.9765206268455529,-0.14296791488658792,-0.24107261000270133,-1.0266494254018705,-0.33690198765510504,-0.28590017111339616,-0.7399834709076474,-0.3781007827436068,-0.28612806117956013,-0.5172465266388825,-0.3583933916128387,0.002733121682910685,-0.8870897567645275,-0.17995192932508905,-0.09993538082752317,-0.7738840021753989,-0.3356178323293079,-0.1560742926567103,-0.5262018006984139,-0.3029104757608818,-0.162948933010683,-0.3766388755193967,-0.2385350563101778,0.1401617453571855,-0.7389515992397601,-0.23140147359482263,0.04208430520591367,-0.6195600715320073,-0.3074546998253733,-0.028524716343235845,-0.45224926548754046,-0.2738065496599727,-0.04873599267873623,-0.3598545252871694,-0.22301166962677482
unknown,0.0,0.0,0.0,-0.2482336905887615,-0.10137059856486251,-0.10269980248642448,-0.4523797399105919,-0.3037259476214803,-0.1871410604717461,-0.5208071698632929,-0.5308155343028025,-0.2773263653494132,-0.43925852364671775,-0.6426413453671481,-0.36561400496320584,-0.3639388891041898,-0.9647329202708603,-0.12871728102247626,-0.43645067175668517,-1.379789930690106,-0.24221252014387168,-0.4849558500334531,-1.654609426834638,-0.3159078811749424,-0.523726568367053,-1.8824834124793963,-0.3712469766354316,-0.17080604999250554,-0.9735304151229199,-0.1518677849859971,-0.29564086910193416,-1.0195992989133882,-0.3272733299209634,-0.35213717797921323,-0.7607661659212728,-0.3712152857528839,-0.35905015696803794,-0.5577097801392359,-0.3628560711752239,-0.004810662738643906,-0.8790553291732024,-0.18655287703005521,-0.15175817556866167,-0.7790939493938651,-0.33316618006218185,-0.21139393279386307,-0.5514618465603689,-0.30735541175819703,-0.22136035147233865,-0.40363307578560015,-0.2539691428837621,0.13038356845705473,-0.7226362782523019,-0.23456489489239563,-0.009660227855029072,-0.6261623510843548,-0.31275400983663293,-0.09020296973286591,-0.4661132055003463,-0.2834312433733974,-0.11702761471660579,-0.3588312980129902,-0.23771767458235007
unknown,0.0,0.0,0.0,-0.2513596355717229,-0.06764594721771139,-0.10850233639345498,-0.4760723086223859,-0.24092692282272,-0.19754943711390238,-0.5490138202021531,-0.4540995218628126,-0.2914914670970394,-0.4616993538301814,-0.6071120391843359,-0.3825638873092073,-0.37027808897788317,-0.9609122824772569,-0.1250243973854992,-0.42469397642772655,-1.357659406734989,-0.23679397457725102,-0.47513899819154554,-1.6270811769564442,-0.31169438173992603,-0.5196024601513413,-1.8375410639399035,-0.36811395346547665,-0.17250724407242216,-0.9739874150394516,-0.14693456396404717,-0.3120846395114792,-0.9911436325590964,-0.32761098779366093,-0.4090552443988459,-0.7064468668258332,-0.3750867437336539,-0.44219997538670186,-0.4829206338106093,-0.3690940715529101,-0.008385968013503723,-0.8788879534926635,-0.1819834039333052,-0.15647415188364608,-0.8016786431838052,-0.3381865462689956,-0.24713202229798156,-0.5522499768877956,-0.31553319104213223,-0.2812263446407103,-0.3805808127619927,-0.2630613557533854,0.12521839572459456,-0.7127274270918481,-0.22954734821180692,-0.009608071025394604,-0.6414712495767978,-0.3229131982316432,-0.10639247899585129,-0.46584530405639524,-0.2982035687601744,-0.1499982205292427,-0.34072097589287664,-0.2529143021536252
unknown,0.0,0.0,0.0,-0.23889252486619672,-0.0983480454768738,-0.09718176375237421,-0.4353912474789149,-0.28451850446434557,-0.17723756899456763,-0.5039111901367735,-0.4718306163476365,-0.2642344343111227,-0.45163597433680275,-0.6186079344316902,-0.3494280996520491,-0.3588909472126916,-0.9788896340280722,-0.1141633648018291,-0.415814066398119,-1.3609014732968412,-0.21993256820553558,-0.46787305619762043,-1.6142018870581882,-0.2889977424981958,-0.5187711531920093,-1.8225935493631906,-0.34147641078269775,-0.16476523169056903,-0.9760750009400537,-0.14188026982574917,-0.307136865379674,-1.0502656201747465,-0.31280136464679814,-0.39043611637367764,-0.7623792396677341,-0.3544095478888485,-0.4167710926146925,-0.5300801425247468,-0.3465968068412484,-0.0031540709579361776,-0.8690865797744197,-0.1820335782711826,-0.1618981029560017,-0.8271387356833705,-0.3380937225582076,-0.264838753006191,-0.5630425667259333,-0.3181018322405069,-0.30987619524655086,-0.3652193483708,-0.2676854337698507,0.12270245781023087,-0.6881208347923522,-0.23251542110217532,-0.02375249623069526,-0.6496682833618066,-0.32841684453749825,-0.13312233398370202,-0.4735252573648681,-0.3051721353830377,-0.19087620951742648,-0.32827668386162234,-0.26242959384653936
unknown,0.0,0.0,0.0,-0.2786113073403123,-0.09913407998803736,-0.06341697739835521,-0.4703101186233443,-0.286367841285139,-0.12397662287841604,-0.5529075046501956,-0.44991571501012206,-0.19759270032713874,-0.5751186614517539,-0.554644983671827,-0.26987162847796636,-0.3967244194336009,-0.970628271734314,-0.08028624624316731,-0.4928432544553108,-1.3387494925615673,-0.18115081094578592,-0.5578687569567309,-1.5684582752890543,-0.2431801482438536,-0.6009683354768264,-1.7591225394241032,-0.2870558459102216,-0.2171526284075908,-0.9682405389725008,-0.12391527212541531,-0.36332417011723095,-1.0607790596840145,-0.28458084089924457,-0.4450829459559443,-0.7795621119858906,-0.31505655442545144,-0.4577025710025051,-0.5514824968982978,-0.29775075971565285,-0.06609975097438175,-0.857901948479369,-0.1790983391705933,-0.23682521310906826,-0.7852819294143452,-0.30996286800654854,-0.3113981776099272,-0.5555716048878299,-0.282225293192147,-0.3188998007820765,-0.3872873245479372,-0.2315221239787499,0.05251316097057783,-0.6766891693542479,-0.24494501025864374,-0.11032728396692441,-0.5853316666984051,-0.31434199481746483,-0.20383122783665292,-0.42983866503022294,-0.285504442758817,-0.23419156340224273,-0.3191837487697867,-0.24329082050535308
unknown,0.0,0.0,0.0,-0.2102529108709285,-0.09311284068341275,-0.1245034740629699,-0.3683493458353878,-0.3167878812424305,-0.22225269186728538,-0.3384991170012972,-0.5314801304711526,-0.32583419832513955,-0.2414816073116339,-0.7097644139578896,-0.4236416560148798,-0.3183458909162147,-0.9479373527892762,-0.1567097288353038,-0.432485926920766,-1.3291667398675255,-0.2698081704558607,-0.5109925505640135,-1.5677284392079895,-0.3423729037928235,-0.56611777680841,-1.7884704647303278,-0.39350820327937625,-0.14018105483780108,-0.9716000574903382,-0.19063735245049157,-0.09429173466990944,-1.443804844361442,-0.3103828228627271,-0.07867627358550404,-1.7348582389913618,-0.38323507699286186,-0.05258356839958431,-1.992925724841358,-0.4256066957159401,0.013229233252287389,-0.8699611943444837,-0.23796911445158322,0.012552364605121154,-1.1133836365640315,-0.3991169144534379,-0.08420028343999882,-0.8346735117488863,-0.4138940179514737,-0.1340840436477257,-0.6225663220630318,-0.383488531780865,0.14022185985306687,-0.6964780536842301,-0.29502650453814977,0.13087528562909875,-0.9273021329178118,-0.4120635420621194,0.05442177251152681,-0.7563392583822464,-0.3967758503541254,0.01072083767749487,-0.5893139441682668,-0.36070644258728485
unknown,0.0,0.0,0.0,-0.21296635202600456,-0.10061124861424907,-0.12644306149556042,-0.35637549171620475,-0.3231439993971989,-0.22630257153666283,-0.30879464797105366,-0.5403905105947076,-0.33162811054566266,-0.20976381895751098,-0.7149772879089588,-0.43071019341060196,-0.31124299079300344,-0.9487313632499057,-0.1583856520581753,-0.4158913899451794,-1.3299842778940578,-0.27356141342299456,-0.4905095963004797,-1.5717342007621504,-0.350305667774164,-0.5427793964819445,-1.7942012035239345,-0.4047539108332806,-0.1352509574616396,-0.9723407005163436,-0.19042253182093774,-0.09219599532356919,-1.4352262595562713,-0.30988950801654247,-0.08077878360307421,-1.723864143177229,-0.3848111359385644,-0.058743944914798805,-1.9814449066538335,-0.4310184258081406,0.017402378675402452,-0.871787675290444,-0.23586277172313236,0.02878727148117802,-1.1194628147601857,-0.3920086322593588,-0.07236328360312165,-0.8478714316888081,-0.4062039445833824,-0.12888117075064387,-0.6312012333522501,-0.37812556135855463,0.1447734419680501,-0.6990980922830039,-0.29192771606536705,0.1452019759746731,-0.9313571094315873,-0.4046600071163717,0.06217197025851024,-0.7758239359547006,-0.39015094227483343,0.005705645348975482,-0.6113902320477973,-0.3563615477743497
unknown,0.0,0.0,0.0,-0.2088723509477418,-0.11032602011289545,-0.11460299854203734,-0.35055297347206693,-0.3554003308216132,-0.2065167064103845,-0.32683608095036626,-0.5898478465269956,-0.3056826657812575,-0.24821256792682003,-0.7677792532346563,-0.39869625723710184,-0.3136885717996786,-0.9572749329247291,-0.13844802450382512,-0.41574167383445737,-1.3437673428817678,-0.24101580710144294,-0.4897034359180808,-1.578632442340196,-0.30902321313119663,-0.5398869682659839,-1.7941143687962693,-0.35844137972256235,-0.1432959993927471,-0.9744216284294991,-0.17311483647231685,-0.10413709521831101,-1.445940175158313,-0.2805772214085796,-0.09718807956759484,-1.7365178661108052,-0.35068467563763517,-0.07490451506310573,-1.98973493732949,-0.39608706415852624,0.007926240144477507,-0.8709621867516774,-0.22064243678456133,0.0065736319009158,-1.1450975787652014,-0.3617360161678077,-0.09674399813809245,-0.9024990833631735,-0.3781705559492024,-0.15044767319858424,-0.7015986074471399,-0.357557694480181,0.13844913274091297,-0.6991608212131422,-0.2782313489897904,0.13450883011228953,-0.9515256731802376,-0.3802252606130402,0.05402360996881838,-0.8120914647821688,-0.36800467944061777,0.005760545791871088,-0.6510474198384029,-0.3402909313789675
unknown,0.0,0.0,0.0,-0.21703942926770164,-0.10005066531648715,-0.1236844349601095,-0.3900278353115229,-0.33313247510174804,-0.22241671757008008,-0.39670953959919625,-0.5727021683545813,-0.32602625149048114,-0.2915223668497451,-0.7713544454420257,-0.42377849082189983,-0.33046194126911776,-0.9526145001790445,-0.1565064678293411,-0.4292090465052958,-1.3588708658195163,-0.2662865771382329,-0.5041315328864863,-1.6051754490204202,-0.339024552013715,-0.5566219441940473,-1.8225812968042228,-0.39079596606729033,-0.1645584788708843,-0.9683740761754539,-0.18754241019843204,-0.14231996891706541,-1.4594074895378528,-0.30294044666198305,-0.1454842600104012,-1.7594219187310949,-0.3798895815821144,-0.13543472719825705,-2.0198585455801994,-0.43018186534350483,-0.010922749303759655,-0.8693139937838623,-0.23152123005281905,-0.025652875931137107,-1.1507180444433536,-0.37760036080749926,-0.1339191915772307,-0.947790202800623,-0.4139432987781588,-0.19547750228220329,-0.7608812172487375,-0.4090239767793283,0.12489424982860141,-0.7023547448866887,-0.2854128629703427,0.10644189407429956,-0.9575970760372055,-0.3933857944957723,0.014061726068348778,-0.8386212651295213,-0.39705426263664634,-0.05214393741410894,-0.6812850409601537,-0.38246857471079193
unknown,0.0,0.0,0.0,-0.205021593189008,-0.08756466646085877,-0.12064835903900636,-0.37537845510065376,-0.3011634766545313,-0.21788789943097248,-0.39306262857628743,-0.5247469886645381,-0.3217251832925524,-0.299204961412361,-0.7077392774349169,-0.41825096945623436,-0.3253013469201404,-0.9576308172753655,-0.14525548595745266,-0.4253992943043635,-1.3524038199753963,-0.2586126506000704,-0.5035078578278251,-1.5980754400194306,-0.33317576165718304,-0.5633957916170722,-1.8160663987020311,-0.38452319901840726,-0.16101494444294245,-0.9707290691415017,-0.17821128468677228,-0.1632046187249548,-1.4343887330337526,-0.30133442767648777,-0.18849853765363345,-1.7193246930130581,-0.3752004814370592,-0.19832457109393573,-1.974329359290714,-0.41755039534864297,-0.0040392000646079715,-0.8783711476340941,-0.224506696242414,-0.026435013224039183,-1.1304901278716168,-0.3870375921873906,-0.12475440470631993,-0.8708638015802773,-0.4043319065641679,-0.17834097348513667,-0.6562790169732435,-0.37516081434305126,0.1380148734425207,-0.7168001034834616,-0.28061730565836546,0.11140877211333527,-0.9461022670909636,-0.3982979459254846,0.031543323847916506,-0.7952922845582399,-0.38729137287669085,-0.01715240629845323,-0.63222555017284,-0.35351154729872386
unknown,0.0,0.0,0.0,-0.21014608423408,-0.08780358960651584,-0.12306797260614334,-0.3779268031924999,-0.29820548910061295,-0.22521169129061575,-0.38756473282841525,-0.5298820929543299,-0.33474759466852044,-0.2889120641835984,-0.7308682991155525,-0.43659000789815994,-0.326119086480717,-0.9519788099500655,-0.15495043128153987,-0.4316782544901643,-1.3652463118843887,-0.2728780460299873,-0.5107452915768471,-1.617059267823441,-0.34920948751675257,-0.5699215387215779,-1.8417004393708554,-0.401607110885872,-0.1625170252064645,-0.9684586443158174,-0.18888110219926843,-0.1667805274307778,-1.4441663449113322,-0.31494847399747383,-0.19004869399195382,-1.7320056767671035,-0.39115636542880006,-0.19763958889190056,-1.9928045922881095,-0.4367851054831104,-0.005540527901072095,-0.8760508926848252,-0.23586208415314444,-0.021079382487742996,-1.1518630624010542,-0.3980180714901359,-0.11774756040805834,-0.889592696479118,-0.41422405151879277,-0.1704501178740694,-0.668607529995455,-0.3860465645493224,0.13615216109391898,-0.7112625458160243,-0.293217025332801,0.11756531125988984,-0.961723371998974,-0.4099330260845152,0.031639323636966546,-0.8198781678940529,-0.3991222680696336,-0.02831116197758556,-0.6519462154652822,-0.36676359217782684
unknown,0.0,0.0,0.0,-0.2088905231303854,-0.1121245010580539,-0.12401805946426034,-0.3512275528286151,-0.34802708813685523,-0.2197485914134426,-0.3533813900285108,-0.5825180335343314,-0.32140743541541544,-0.2877667942059131,-0.7890111231897711,-0.4164200269121757,-0.2745000493114629,-0.9744112088538109,-0.14433840256007854,-0.35910425485869163,-1.3749438137700947,-0.2549894439955193,-0.4216854306776231,-1.6270989111167218,-0.33133398362370275,-0.46576571021447966,-1.8558677521302454,-0.38569831615180566,-0.11522484032978803,-0.9775460216878831,-0.17642848877992398,-0.10679351951739162,-1.4450850925061607,-0.29510955721617055,-0.12055278008553813,-1.7247042123427376,-0.3770986198704166,-0.11678958518502593,-1.9746140922010655,-0.43004563905574356,0.03466468782329559,-0.8734186266460126,-0.2221814806937709,0.01575213664977301,-1.1517475227156755,-0.3802999717494425,-0.11429304021835848,-0.925364455001601,-0.41783239735446936,-0.19259618832001724,-0.7274730261136395,-0.4085415821928266,0.16481759457373327,-0.7022855261483765,-0.27719962270906406,0.1459610629390099,-0.9589462673961624,-0.39436971617544736,0.0418202333471107,-0.8377144088289813,-0.3987437395086357,-0.03283099848540624,-0.6803306830985271,-0.3809963503827735
unknown,0.0,0.0,0.0,-0.20446599567078402,-0.12602983224964168,-0.12071142832753909,-0.3434206823625557,-0.37807467092191843,-0.21609812938286624,-0.3486846048055175,-0.6174786074320225,-0.3196051274946886,-0.2731628471745924,-0.822728612937733,-0.41749902666795785,-0.2687857102147895,-0.969217081315701,-0.13752159176491752,-0.3548594361111743,-1.363733845673168,-0.25080334871309296,-0.42127763338962576,-1.6071173859511347,-0.329155253064436,-0.4665157547204965,-1.8266712990957947,-0.38382602413241684,-0.11191463979852229,-0.9790003681436478,-0.1703918794231963,-0.10725681726640755,-1.4465478999097239,-0.28885900077758864,-0.1308891855149651,-1.7319005923062025,-0.37037868493090514,-0.13394782901199254,-1.981896577071725,-0.42324491413123666,0.034555484759589895,-0.881088847595483,-0.21714790473114665,0.014512474357856199,-1.180680867333611,-0.37021613481488974,-0.1034031073854995,-0.9586206355692213,-0.4015111626483896,-0.17165493279390565,-0.7565697419892958,-0.38979872790250675,0.16323411433934712,-0.7161731326742998,-0.2736041985179368,0.13828878090249114,-0.9788840230944263,-0.3869021319510877,0.03347872766258344,-0.851585703137506,-0.38725302032712794,-0.04330146626748013,-0.6849672796773928,-0.3673118432541135
unknown,0.0,0.0,0.0,-0.2472504544999113,-0.12564032793719798,-0.10829674794905098,-0.45151492034307705,-0.3757376172491541,-0.19540871892441297,-0.5438705681674236,-0.6231864846081017,-0.2936737983921131,-0.46536867774317775,-0.8336263626683171,-0.3827893751677686,-0.33744475590804285,-0.955511751178129,-0.10682829109751162,-0.4497488954812893,-1.3825905759074861,-0.21322015308141645,-0.5285156554492659,-1.628542116728565,-0.28054634691949093,-0.5895693843296285,-1.8405917233736016,-0.32336913382071625,-0.18668749319438083,-0.972262937985618,-0.1408991103746659,-0.2122011169467679,-1.4964489267528256,-0.25733180311348036,-0.2682652615312131,-1.7989105283081204,-0.32871725603282465,-0.3102457851621185,-2.051346792088592,-0.3671001620794324,-0.0402054737872456,-0.8882865756030546,-0.19048947137168432,-0.12842549203978357,-1.1968982920777271,-0.34696156455708305,-0.25805499870659315,-0.9948439895981754,-0.3849194076317305,-0.32749731149491,-0.7962213681044097,-0.36929063457350736,0.07985495399431088,-0.7414115592580349,-0.24844238398993132,0.00830517119671234,-1.0183576226708484,-0.3601122280095959,-0.11901899957037758,-0.9197670797943862,-0.3678025039451976,-0.2093626234058473,-0.7681982524229843,-0.35006879060745993
unknown,0.0,0.0,0.0,-0.26003906316970893,-0.10800757415326005,-0.06286489410600932,-0.4577401664299862,-0.38334647970020147,-0.10802572278043215,-0.5118591131734923,-0.6483960722347076,-0.17017610791481685,-0.48670512584265513,-0.8726525882307233,-0.2251748067722756,-0.35609794125183014,-0.9448704346663556,-0.037535123164546116,-0.46722688430527576,-1.3416796213522135,-0.11206007921313574,-0.5415031081748469,-1.57850290212559,-0.16254393486309562,-0.6081397752258207,-1.7791157836923386,-0.19546854087458226,-0.21383754674687414,-0.9731081269122118,-0.08563922546756846,-0.25607648677348394,-1.459111320714767,-0.17392069383574355,-0.32377844848404186,-1.7493826415606257,-0.23402453927253433,-0.3865404669314995,-1.9753666880417435,-0.26649949759060526,-0.0797448177446131,-0.8997199872971967,-0.14680150678966622,-0.20199710076259877,-1.1623594912269284,-0.2809143040574049,-0.29843004453912564,-0.9658034815012823,-0.31284183057668635,-0.34224762037566475,-0.7859823390841055,-0.2975733184029422,0.029281716237558604,-0.7689658047786534,-0.2130064267013255,-0.08995419640004024,-1.0096336571601972,-0.31153703768049024,-0.21511609001312057,-0.896262216687772,-0.31179184537869864,-0.29731773763906383,-0.7505231873513926,-0.2913608946913516
unknown,0.0,0.0,0.0,-0.27026973965346096,-0.12299271329288641,-0.05935787339274319,-0.463498389683121,-0.4064231832515091,-0.10601737834337284,-0.5372297408936719,-0.6616317271347124,-0.17712850837781313,-0.5510958732038949,-0.8733478112449276,-0.24178725612148266,-0.37970573434118576,-0.9392558533594886,-0.0226394755097656,-0.48982903666525474,-1.3352886933438664,-0.11037220573748359,-0.5634905157750675,-1.5693003802123153,-0.16982483823420003,-0.6228067793660107,-1.768205651270866,-0.20931087420303768,-0.24808562604401452,-0.9654243469604272,-0.08005843145092263,-0.29832505834923195,-1.4606687498077888,-0.1917746645656237,-0.39180905757601403,-1.7374076438399466,-0.2701422280022667,-0.4646610224669167,-1.956529057128788,-0.313195081607588,-0.11920737135728157,-0.8983492180636171,-0.1513673990494797,-0.23911666503333265,-1.2275974133628194,-0.3060005518245153,-0.36414750018101616,-0.9800466846955709,-0.33559956374989025,-0.4185309604847908,-0.7587216556718973,-0.31213711778744785,-0.01208230592962616,-0.7687515034392044,-0.22789928877977902,-0.13778430296926017,-1.0388753746433157,-0.33844208468474857,-0.26009360587444913,-0.9137892820773194,-0.33898808226078525,-0.32504292482191033,-0.7472295045373499,-0.31403612178430124
unknown,0.0,0.0,0.0,-0.2657184098536602,-0.13404059575347047,-0.07595529636252292,-0.4409975403900788,-0.4287681930832209,-0.13790538423678825,-0.5146251485482358,-0.692517395111399,-0.2209142748997857,-0.5463047180842159,-0.9447992599309096,-0.2980642089180763,-0.32509465913462887,-0.954038130364037,-0.0666213977815366,-0.44767490859776404,-1.3914839867555613,-0.16968588515618688,-0.532828012455393,-1.6425195344537098,-0.23284635943458937,-0.6004330188419833,-1.8531541188822638,-0.27045709101778276,-0.1978101166058147,-0.9731408890777633,-0.11776233597094746,-0.24833214470486056,-1.5132494223756576,-0.24233437429763457,-0.3523665290337396,-1.806220960517581,-0.3213981093950524,-0.4329486135028278,-2.035716447634162,-0.3615850687550682,-0.07111771973401727,-0.904186337967206,-0.1819592603742422,-0.19357272763894895,-1.2742549134182322,-0.34746345091011616,-0.3430528409001653,-1.033544505867653,-0.37814186888092033,-0.41057841855506827,-0.8079002710373009,-0.3527334133889162,0.03622470765239808,-0.7774005305270573,-0.2516300459422096,-0.08613153493822587,-1.0740565801158435,-0.3703984228133373,-0.22137040384239384,-0.9499218181529642,-0.37053991453808915,-0.2953819175370392,-0.7737054583312247,-0.3425550453405836
unknown,0.0,0.0,0.0,-0.27734039676537253,-0.02867581553968532,-0.10652292603094934,-0.5531843426407363,-0.18958111426782864,-0.18555188775851522,-0.7333403588787798,-0.320640749790827,-0.26639190335675944,-0.8035438006320211,-0.44782832846547915,-0.3296232935202166,-0.5146428030516293,-0.8644385262428768,-0.14386849592201523,-0.6633953687944033,-0.6094151427504665,-0.28465620901105537,-0.5910117325626811,-0.2896582662125926,-0.34129064326236064,-0.5176916677437184,-0.04777607538434377,-0.3455774744104227,-0.36236496703039567,-0.9197013121405203,-0.15113281283713823,-0.5136631244386661,-0.5796255735180772,-0.3330871946333894,-0.41666157356552885,-0.1979249616545439,-0.3903228370074126,-0.3276787085220819,0.06427373216596201,-0.39210555719646684,-0.18295625881256847,-0.8999019746073608,-0.17153588141118287,-0.3459954875977377,-0.6854916758754953,-0.35950198401773165,-0.30234756163829274,-0.33292349497473284,-0.38397183285138814,-0.23590215393831038,-0.08982794433393358,-0.34743951907847304,-0.007209386105937943,-0.852172294705156,-0.19477546360405185,-0.07459030496837278,-1.1764636087883549,-0.31621021546707967,-0.10895127085897753,-1.416571762197865,-0.3487143463518234,-0.14521969394464157,-1.6234822443480297,-0.34300114901452616
unknown,0.0,0.0,0.0,-0.26292687984070334,-0.009241738906447139,-0.13673636642573508,-0.5475564654676559,-0.1657171794200605,-0.22968559069538352,-0.7228508355116876,-0.2987178019573652,-0.3184759474290011,-0.7259423323391284,-0.47653039028341826,-0.3827110463392696,-0.5112508397393519,-0.8598981671835998,-0.16711186270924563,-0.6585127580888108,-0.6392853156331463,-0.31634523697500566,-0.5830924291628876,-0.30644566225277065,-0.37224238301348933,-0.5123313898080418,-0.05226118575401379,-0.377481312493762,-0.3611876539117482,-0.9183279862861499,-0.16191722658615448,-0.5156964882616419,-0.6004946011014948,-0.364997954873145,-0.39679088430512394,-0.20335226719370766,-0.41825305647927824,-0.2925091109121812,0.05832425825415164,-0.41123341752027887,-0.18202721227082191,-0.8938512220232523,-0.17440466240780594,-0.34928598317381865,-0.7036220074124284,-0.374310456078623,-0.29989837030007466,-0.3420728264900554,-0.38665865046495407,-0.23471568012241045,-0.0929199997865596,-0.33897789856471766,-0.01229166642604611,-0.8366926679350667,-0.19325809131454305,-0.07917315565084855,-1.139344186090269,-0.32380847083571773,-0.11746025171961569,-1.370486165414273,-0.35890578385751787,-0.1626586861036941,-1.5814505286794265,-0.3534931765494058
unknown,0.0,0.0,0.0,-0.29857007674615876,-0.013789571908019327,-0.12105693896513138,-0.5790350497223042,-0.14023358316151857,-0.21416914491612438,-0.7522909325693914,-0.2490126222546025,-0.30440035926173875,-0.7412017362428508,-0.4177380252443106,-0.3743558179933541,-0.5495470848474747,-0.8478002229677851,-0.1507481844484082,-0.656916167447021,-0.5361987412224992,-0.2846277330541711,-0.5921424907470098,-0.2252959623148199,-0.34348476512441006,-0.5292409574716562,0.0011276240075359283,-0.3532029064015891,-0.39771276812323275,-0.9045496619171743,-0.15366998144491756,-0.511805311914027,-0.5211406836954559,-0.331127387810358,-0.4151605989413713,-0.1570095187151712,-0.39357995516224425,-0.3270275341397119,0.0873763601240283,-0.40063881564901244,-0.21424003174946982,-0.8757117806905191,-0.16883353286482075,-0.35308534818115733,-0.6288659414596905,-0.3547217686609292,-0.31270668487348463,-0.27486024055226144,-0.3755715414343727,-0.25016924718215067,-0.030865995985832704,-0.33630859104208805,-0.03881176065877444,-0.8090715657856845,-0.18805899518079128,-0.10716083649744125,-1.099865740390402,-0.30625538239538075,-0.1474384839954914,-1.3230619386142495,-0.3285396040359858,-0.1898777967079015,-1.5139737765289751,-0.31423151883014205
unknown,0.0,0.0,0.0,-0.27902474843293734,-0.015998769917392543,-0.10939693684223063,-0.5623778462466266,-0.14688855127722,-0.19450716049313901,-0.7437890145331907,-0.24409980576768608,-0.28092034597993115,-0.7777221574850358,-0.40369609317526045,-0.348912110608148,-0.558565674233287,-0.8472732750889415,-0.15530676360504103,-0.6617246264673841,-0.5775950328460392,-0.29012925034652953,-0.5973541338013801,-0.2328761105740102,-0.3471085593536425,-0.5366626140875432,0.023735725440854685,-0.3557276175983252,-0.4022498787876115,-0.9007813471098691,-0.1636703996276705,-0.5185987626360847,-0.5500389499746778,-0.34544471828760176,-0.41589620941978617,-0.15353759044629944,-0.40434939864031594,-0.3189296492940256,0.11071917715963452,-0.40971382340005935,-0.2158737589033499,-0.8773732863986404,-0.18316057552316936,-0.3605694865301093,-0.6584237949840398,-0.37350280907317335,-0.3170460111738291,-0.2853247911791676,-0.39313881871732814,-0.2504903841886427,-0.023829733716803393,-0.35417691512032434,-0.037947593986388375,-0.8258398842585245,-0.20512057702734973,-0.10506354998310015,-1.1367587386184088,-0.3275151200798299,-0.1511997856948045,-1.3640568594574993,-0.3537519245403675,-0.201733078682875,-1.5562301150181073,-0.3441858073283849
unknown,0.0,0.0,0.0,-0.28042564621212845,0.004847288476152744,-0.12476920290965406,-0.5643726939653451,-0.10500825611591093,-0.21863648115341494,-0.7319569703140131,-0.19130839054758444,-0.30835716145097064,-0.7170027310493046,-0.3197905020344432,-0.375685830550943,-0.5568662966608663,-0.8553879063511133,-0.17544428454844363,-0.6360455542180316,-0.5846797122151582,-0.30536154587520103,-0.569165529700986,-0.22935817539014172,-0.35262354092763054,-0.5244013987178784,0.042540768400201344,-0.35526810416088833,-0.3906557709575301,-0.9032352062033819,-0.17763510602443447,-0.511043818234889,-0.533456591093809,-0.35436459892876626,-0.41097161602144455,-0.10934707037130284,-0.4013004369840892,-0.32581909174425594,0.15638951396313,-0.3981700570916191,-0.19765897249010392,-0.8687492164738637,-0.19122359782913181,-0.3455645505673756,-0.6396466457286815,-0.3822359793010117,-0.2809965297382247,-0.2479815099304772,-0.3891691309742122,-0.20202613200768005,0.009584428258028202,-0.3395775096860169,-0.012845376622467455,-0.8012290614524912,-0.20814817469928854,-0.08672730250564276,-1.1070314252416713,-0.3295523623295542,-0.13712169767207957,-1.3358903261891297,-0.346391064244212,-0.18971111015923844,-1.5431978767411523,-0.3286097269602721
unknown,0.0,0.0,0.0,-0.28925780304690263,0.01932508571486126,-0.11012351719400561,-0.588827605719266,-0.0945251853029232,-0.1931637152558633,-0.7589454372683122,-0.18898567472010802,-0.27389539113426364,-0.7447973962633762,-0.3416569742558198,-0.3346708373371982,-0.6080083121987728,-0.8092823334476696,-0.1640495831212794,-0.6735121471356795,-0.5967920689193628,-0.28502939070564526,-0.601187017805941,-0.28876846235129855,-0.32780767171715836,-0.5522538225142546,-0.025314076280356167,-0.32837307379194136,-0.44089284435100967,-0.8813413103980481,-0.16985580468717512,-0.5340174511545698,-0.509200833779418,-0.3409567045830022,-0.41002828571911115,-0.12249878704836213,-0.38571589118477284,-0.3001671780034185,0.12154608392787507,-0.38141133543970646,-0.24285561571754846,-0.8768458206079575,-0.18564158519539609,-0.37639192053858006,-0.6612971142843588,-0.37083412015137823,-0.3031988921547954,-0.3135817075470777,-0.3797921897587948,-0.21456477932003334,-0.07665388358419058,-0.3333649296513287,-0.0508319820694479,-0.8479287580114228,-0.20354690533474257,-0.1330869306957678,-1.1617722465942295,-0.3210175075357557,-0.18790532836559662,-1.3926808552728018,-0.33628904630161754,-0.245143701869531,-1.5946129510814582,-0.31833453293448105
unknown,0.0,0.0,0.0,-0.28286089560907,0.02493737171075131,-0.11179376298409979,-0.5819384943041478,-0.09645610634081342,-0.1941306538013217,-0.7650137161752519,-0.18916593640126775,-0.2736590187673881,-0.8045838992843348,-0.35164484606739815,-0.33372177209821124,-0.6209592832485017,-0.7964230705259585,-0.15537089858852893,-0.7108479033915256,-0.5376785642203195,-0.2804821137713343,-0.6292915956087706,-0.21810898598305828,-0.333256782933326,-0.5569076086930171,0.04218471735838746,-0.3407445167923957,-0.466649409677749,-0.8701970818811282,-0.1580992319177334,-0.5647722271977981,-0.5110472478939189,-0.3241826703147615,-0.4359518552815262,-0.12731967278092787,-0.37558515977763546,-0.32442036311226113,0.12595004233042414,-0.3785920606947221,-0.2742989021663533,-0.8683332702602684,-0.17100407244909738,-0.41112192507333845,-0.6806232657016099,-0.3405834167153458,-0.33516824397634654,-0.33454349153551394,-0.3459452637606706,-0.24774393894478366,-0.09537099690635768,-0.3038149200099173,-0.08616932859189667,-0.8354546782327232,-0.18770953178005692,-0.18115681902382605,-1.1337727251944,-0.2968038023764848,-0.2414543830227229,-1.3568794819969376,-0.3113816183992275,-0.3012346360833507,-1.5564172540033183,-0.29596879910178714
unknown,0.0,0.0,0.0,0.11690391454299638,-0.47423176182317406,0.05293879264948354,0.06991872375667205,-0.9106789849119289,0.020909079325846177,-0.08443428282100475,-1.1710690232816912,-0.018355347524203553,-0.2670201960171911,-1.266823892534869,-0.06498632501835862,-0.0007977492076479222,-1.0888636857723193,-0.19146806689311907,-0.08920496732112179,-1.6698682800591667,-0.295089891693135,-0.1476461991744365,-2.0306351032351784,-0.34945250590067256,-0.1930699170100471,-2.3004072011609495,-0.3738283764654458,-0.20920686343011857,-0.9480141656086605,-0.23979497513302256,-0.5328786258320067,-1.478451926659409,-0.3399738944658871,-0.7528225574688154,-1.8101486133750877,-0.37422422298784297,-0.9247306696398256,-2.0344624132376565,-0.394562851981297,-0.41020721012133976,-0.7464121784336465,-0.2586489196223265,-0.6213811707226115,-1.1312729138748578,-0.30471944489675273,-0.5426532726777318,-1.0328346559447725,-0.2189375040349422,-0.46506032728976887,-0.8808495628126061,-0.13954719584160494,-0.5668902213388783,-0.5294979925126707,-0.27074069598306805,-0.7028879691425327,-0.8602151526745918,-0.26044623619745005,-0.6285405722810947,-0.7753232828312587,-0.1473195180650741,-0.5538692862826157,-0.6487875729174812,-0.046293296474495114
unknown,0.0,0.0,0.0,0.12250323938598821,-0.47221284461210655,0.041275337843171694,0.038752012268385115,-0.8922628822674181,0.0024460660540746018,-0.16932347393638056,-1.088374720743922,-0.045063296764203495,-0.37363447414962464,-1.1334585842641611,-0.10205781218162921,0.008106580169316728,-1.0797859138015442,-0.1808472225880873,-0.06387960161465867,-1.6708447459018365,-0.28384507963238226,-0.11895462150479953,-2.034231784463672,-0.33343081519677625,-0.15817038156403826,-2.3146855241910678,-0.35344548948749105,-0.20154895234238224,-0.9522730970016601,-0.2292465234993868,-0.5199408824954901,-1.4848648027102287,-0.3220435390562312,-0.7359789901319207,-1.8096778991958602,-0.34735514826698766,-0.903448452850913,-2.0403623268032955,-0.3613687497537721,-0.39813611130566773,-0.764429203140113,-0.2527941132028235,-0.6152467931997729,-1.150618839105025,-0.3139558578459903,-0.534282065939589,-1.0323193815148546,-0.24326777789799453,-0.457240295942585,-0.8688852898674709,-0.17064300961966578,-0.5534386108280195,-0.5580049726535146,-0.26957323903565783,-0.6872323216863976,-0.8921066508723912,-0.27879350453165114,-0.611227987882416,-0.7931955654019814,-0.17901563346905938,-0.5343233170008805,-0.656808917358398,-0.08639245917065243
unknown,0.0,0.0,0.0,0.12416928095097865,-0.48756981839592184,0.07109255600821492,0.06645757832535748,-0.9033961251924443,0.03267770136756012,-0.12999050703938145,-1.1332391546094396,-0.018461488730853882,-0.32526570637087643,-1.21286598296291,-0.07981784846316047,0.06232597426699493,-1.094830158451253,-0.1910580652718297,-0.030447360117676424,-1.6848317065399214,-0.3031730516500294,-0.08277168553323631,-2.049604211363467,-0.35897187945583425,-0.11361597122045922,-2.3301405646768525,-0.38343240578374055,-0.1455563462651591,-0.9565407571075224,-0.252671981141766,-0.49542629913689973,-1.4956562758866307,-0.3559476653810296,-0.7230984663883485,-1.8203687987677508,-0.3828127984034199,-0.8920360697137037,-2.0441840980239587,-0.39915678684573597,-0.3570732336344478,-0.7646284337713843,-0.2837587425784985,-0.6034871204838811,-1.159680050233355,-0.32929217681553474,-0.531430997880895,-1.0379547497372057,-0.2298317980583258,-0.4577010503335901,-0.8813432031987825,-0.14279489938026246,-0.5299888000850481,-0.5501470234237902,-0.30750597338817515,-0.6916369523999799,-0.8986727965616914,-0.29440923769331406,-0.6193245553882696,-0.7928507838814927,-0.17037077041076934,-0.5431887878161015,-0.6566951310681796,-0.06291716738930506
unknown,0.0,0.0,0.0,0.13553063865249826,-0.46215631647354954,0.05130560384258092,0.09895675534819284,-0.8642386914791081,0.01425918314901502,-0.06016276770997882,-1.083134505337243,-0.03437426334601691,-0.2509337658052758,-1.1476633678940844,-0.09310193495739855,0.04827513151515999,-1.0846993552193858,-0.1707788858988406,-0.03951848242146726,-1.657921944935654,-0.264206885833944,-0.08034894498856937,-2.001939819328461,-0.3072454988928653,-0.10757326863154443,-2.26501951627032,-0.32501796557201357,-0.15232146501452257,-0.9625106755808374,-0.22443567160491598,-0.4854298033533239,-1.4789400098142533,-0.3152509639520243,-0.6945572592901554,-1.7738625352193003,-0.34007314003896283,-0.8523260901448486,-1.983643636436847,-0.35385428780891126,-0.3475887628828258,-0.776768934710474,-0.2521096666038758,-0.5767820760799859,-1.1570614785448243,-0.30621376737975486,-0.5052961693797055,-1.035630856400011,-0.22898969464231966,-0.4320670246922548,-0.8854172215563875,-0.1550054579334983,-0.5073210582770299,-0.5631911093400492,-0.2731837384918195,-0.6505828902772074,-0.8798145477216852,-0.2762903351574515,-0.578066378483552,-0.7864897990976296,-0.1740567098583253,-0.5032976708876092,-0.6623787577458318,-0.08089217145346589
unknown,0.0,0.0,0.0,0.13277340608689958,-0.4665228093013466,0.05185545785705327,0.08318898695682042,-0.8606905668372699,0.012745804448895687,-0.07887358145383226,-1.0507161209489984,-0.03846945736062389,-0.2709455004119419,-1.0960679456050169,-0.09973933374324336,0.016687760968683466,-1.0884786886997746,-0.17215840942010605,-0.0686497890608531,-1.6578930474435165,-0.27031834023516516,-0.11003813200682765,-2.002662779904438,-0.31833391965501345,-0.13534747198272185,-2.269844948339574,-0.3378212150093719,-0.19121925155211955,-0.9550532265400612,-0.2265138678122507,-0.5113381625090965,-1.4750058594173188,-0.31789498427370344,-0.7166181636211565,-1.7794627767884572,-0.3426705762409649,-0.8732307600405237,-1.9967518080547926,-0.35567137694263096,-0.38416654863318256,-0.7614471340270855,-0.2547024374031638,-0.599664387499018,-1.1458662701464948,-0.3071341665125298,-0.5339432654065736,-1.0325639803361168,-0.22832927112951354,-0.46534785281844976,-0.8772272923061483,-0.15243183219774198,-0.5338854730943009,-0.540875665599644,-0.27651321912684934,-0.6753456360996963,-0.8717602872771402,-0.27334982858982554,-0.6055580031909841,-0.7857379998991597,-0.16345482718385995,-0.5300120956922093,-0.6588371605470407,-0.06480161913475682
unknown,0.0,0.0,0.0,-0.3110554609275122,-0.16742216376432967,0.01080972705012491,-0.548777367793509,-0.3847279866771618,-0.019698831482098184,-0.7170011809439177,-0.5250473404777705,-0.07202266612015522,-0.8514455038517043,-0.580279347159462,-0.11521498001542069,-0.47115170312711513,-0.9757769322127278,0.035670922810212634,-0.7873729662925975,-0.956044245033016,-0.06520878536423384,-0.8295813994356792,-0.7458881128495892,-0.15289158628200333,-0.7664847329516418,-0.6133309523884442,-0.19843236800315567,-0.46237345578596156,-0.8865541879027519,-0.01524661590779052,-0.7728307651486371,-0.8067572100943285,-0.09464716066724721,-0.7819993609198184,-0.6027840822341797,-0.14701504852943295,-0.6995121361741523,-0.48155850708001674,-0.17405514442553557,-0.4628918155393661,-0.7339870780682136,-0.0738278482209683,-0.7376457335370106,-0.636706508887209,-0.1319928766780359,-0.7433574495352108,-0.44898048634334764,-0.12352625331446633,-0.6692526703034862,-0.3318478292863875,-0.10912643247791083,-0.4757618328941046,-0.546689290713765,-0.1361653623515892,-0.7005534480154322,-0.48929773874712584,-0.1630747112563197,-0.7166346552489579,-0.3575430887347732,-0.13392979240458006,-0.6653942482852045,-0.2672922355451213,-0.09968902369092231
unknown,0.0,0.0,0.0,-0.192577915588296,-0.15921623177241662,-0.11027413030900324,-0.3086686807978617,-0.4523612791298643,-0.16064303088136375,-0.18519603177727795,-0.7057991005934475,-0.20144577043970296,-0.010921222317240015,-0.8174137908459118,-0.24047072326108979,-0.2787569757609822,-0.954164216852227,-0.08778870969760526,-0.3489807796039223,-1.3289101790471824,-0.1454746601323431,-0.37894787226482995,-1.5631412826580984,-0.2006898718850767,-0.4000814477528467,-1.766472485903855,-0.2493577214603806,-0.11517282511510185,-0.988999026585061,-0.09282319628631604,-0.1541124817658278,-1.400845221666425,-0.13049582252027414,-0.17223979574105078,-1.651100835395684,-0.18094539720843922,-0.18792620254665465,-1.868449960678163,-0.22571712415973755,0.03513300930531388,-0.9245292188327454,-0.11266215346764133,0.04787678488664585,-1.2800532103940077,-0.15845389089148043,0.04359637691846166,-1.5129156465277216,-0.21626195986723443,0.03558866687989877,-1.7167218429442122,-0.2654074795533764,0.18279926523153667,-0.7910331046165129,-0.14543654743834042,0.25533579125608075,-1.0435097697727258,-0.19463382450959213,0.29456917949292544,-1.2141005704095391,-0.227965561261715,0.3250454685305036,-1.375824035838763,-0.25725870054888644
unknown,0.0,0.0,0.0,-0.19660200693748686,-0.15641765814231018,-0.10925660450024406,-0.31564638674070167,-0.4418652287437872,-0.15811521832459383,-0.20031450471409623,-0.7092362096610432,-0.19707381882987884,-0.02728588470389334,-0.8310081231384148,-0.23343913157933266,-0.28771499753942986,-0.9519811632063397,-0.07969655120911934,-0.3611721620638041,-1.3253357598020736,-0.1345330253886162,-0.38937972309619434,-1.5573657544499866,-0.18903605980832625,-0.4067571445622983,-1.758716885184205,-0.23835207600992595,-0.12301218446356785,-0.9887561334050334,-0.08502535579125084,-0.16645747045840678,-1.3988740743431747,-0.12050835458986581,-0.18310839139525698,-1.6426026831196865,-0.17095136667129635,-0.19656882320199426,-1.857288132067285,-0.21680951829630515,0.027407840706260646,-0.9234500800010029,-0.105597356610085,0.03973833167288261,-1.283996832590546,-0.1535362670368474,0.0382539946971002,-1.513852715120499,-0.21128042273064562,0.035676288283427546,-1.7178991966949162,-0.2607940014966863,0.17911972178752922,-0.7866600239593845,-0.1387836521008607,0.24733716677837622,-1.043290176524209,-0.1925036831748793,0.2890659836338359,-1.2091223145007803,-0.22691348455114707,0.3227042824080067,-1.3699620711115044,-0.2569803356726586
unknown,0.0,0.0,0.0,-0.19460177725222488,-0.16087579576808836,-0.11130962686900363,-0.3064592788440882,-0.4430450144325127,-0.16504761510254864,-0.18816071510857574,-0.7004829777462637,-0.2089720611867237,-0.017095983626495198,-0.8167131534447637,-0.25017407353919824,-0.275229710562869,-0.9551019402026487,-0.08451592935126942,-0.34677297435224635,-1.3264074577697231,-0.14290721932228276,-0.3765213818828891,-1.5575322931784819,-0.1991545196166859,-0.39632209720481165,-1.758681422262613,-0.24878560638337383,-0.110369910779971,-0.9898448010221096,-0.08958656530932226,-0.14617566848200467,-1.3941724795063983,-0.12892656166801053,-0.16314607223629504,-1.6392762682158273,-0.18146613753998564,-0.17904846604720723,-1.8553002983008444,-0.22789139328466446,0.04177355183871218,-0.9253089870665046,-0.10982273329267568,0.05852184733044159,-1.2756551387449102,-0.15762280199670997,0.0580258804323198,-1.5086385717564241,-0.21592896144207918,0.053828522334812993,-1.7165825712978133,-0.2654300137760121,0.1901631756494461,-0.7916553594381103,-0.1429203990112148,0.26362468941764156,-1.0411304277830473,-0.19338752932254594,0.3056359211131856,-1.2073662606875384,-0.22644000061915567,0.33843016347146915,-1.365889041367115,-0.2553277676838566
unknown,0.0,0.0,0.0,-0.19462904905328593,-0.15783036586586036,-0.11192808286801698,-0.30902276662906536,-0.4464807322243887,-0.16479809308822116,-0.1864222930240079,-0.7021252824491503,-0.2082966683605515,-0.01136084655305068,-0.8091679693750151,-0.24981363860421618,-0.28052288309621654,-0.9516335909873306,-0.08672753890470092,-0.3535991361542326,-1.320191607287615,-0.14695402101705127,-0.3827874779707244,-1.5521521335082704,-0.2037195615857562,-0.3996422076104501,-1.755352453150922,-0.2532218224861527,-0.11745654318512733,-0.9888318307241705,-0.09173642139131948,-0.15761178172354776,-1.3927384926935322,-0.1319922693746519,-0.17345956033219248,-1.6401354824392218,-0.18345845856687581,-0.18354269808329615,-1.8575063153391567,-0.22851811552817688,0.03497260618805589,-0.9268995532408152,-0.11213182283429526,0.049089544137212775,-1.275504193591825,-0.16060817109383058,0.048346887576744185,-1.5078714405019351,-0.21935333097847265,0.04545023886789332,-1.7136798186035582,-0.26849493193760776,0.18440667779792327,-0.7959400077595387,-0.14569800904682917,0.2579286649601778,-1.043081891822928,-0.19624699363619275,0.3003154552500241,-1.2089891247442948,-0.22977641496159115,0.3348665452420208,-1.3669011773808306,-0.2588097154430831
unknown,0.0,0.0,0.0,-0.19664104342862251,-0.15793680314522718,-0.10750125911970762,-0.3136433273300894,-0.443847324176095,-0.15889235594019332,-0.19635703054829,-0.7072217788527185,-0.20158252898612453,-0.02061528560286267,-0.808480852771494,-0.24264465076881203,-0.2775131052404259,-0.9511112926104122,-0.08282347727655637,-0.3483936674074356,-1.3183708263429563,-0.14204887943368685,-0.3759751252518475,-1.5485801909249979,-0.20005084900783263,-0.39265816536042875,-1.7518047357861337,-0.25147473082740707,-0.1150356139233429,-0.989275337737436,-0.09000618686380085,-0.15379207567771597,-1.3907869577370322,-0.1302532960447002,-0.16852329922057704,-1.6379770951704973,-0.1840580430648654,-0.1800607263931921,-1.8589675720803094,-0.2317681222723134,0.03592555770190947,-0.9278025361077489,-0.1119146281401097,0.04976330940075179,-1.2743596181593762,-0.16045797401143164,0.0481184894166627,-1.5072724601506273,-0.22090504002283295,0.04289946935307962,-1.7122852776893316,-0.2719318471321325,0.18487190302250744,-0.7962450806883339,-0.1465588347226413,0.2592360594533477,-1.0427546582182112,-0.19856560548726643,0.3017637244412026,-1.2094737368868493,-0.23436907204800903,0.3355786904163803,-1.3658060587890422,-0.2652405411959092
unknown,0.0,0.0,0.0,-0.19530587676113154,-0.15534636457501055,-0.10898710576073467,-0.3132994346257358,-0.44000868915603103,-0.1613939478850554,-0.19904192489337694,-0.7092121523266665,-0.20435059185672633,-0.023538505024530254,-0.8177259980649935,-0.24495097330501492,-0.27879657160553584,-0.9517048330765614,-0.08584828748353598,-0.3472998454939143,-1.3221129354461272,-0.14487539288028176,-0.3717033889335363,-1.552525933457664,-0.20188721759223938,-0.38540139675317925,-1.7550226084580276,-0.25239534699129257,-0.11541003284976836,-0.9890474591791493,-0.09200895504723659,-0.1514160234581696,-1.3938052847336162,-0.13091357027149883,-0.16455535084568643,-1.640901127308596,-0.18187680220717198,-0.1755002090617655,-1.8593562183137562,-0.22761572798324087,0.03756573803854631,-0.9262562894005656,-0.11305983834038938,0.05139664194640312,-1.277804894098933,-0.16039548477326687,0.049694835881007586,-1.5111964247086593,-0.21823335813018105,0.044421437655817554,-1.717366028072794,-0.26774987674963113,0.18827311288018816,-0.7928295565822258,-0.14700558717581994,0.26339127585474903,-1.0417025025642732,-0.19869260159310467,0.30699857813456677,-1.2092785963744115,-0.23382110211992857,0.3417485949876501,-1.366670010123033,-0.26420203281538224
unknown,0.0,0.0,0.0,-0.2573299585511611,-0.15772217039449793,-0.10716547243182308,-0.4952744137560305,-0.41421029237496415,-0.16960357997648293,-0.7036973527331722,-0.585195605534956,-0.22655235310820762,-0.8907040205127323,-0.6731448644940257,-0.283943168379976,-0.2600866515661088,-0.9705072656019393,-0.07525413778096411,-0.30996213093064845,-1.3410637233087066,-0.13904620547198795,-0.32306923296060003,-1.5731427415618935,-0.198600497163741,-0.327282652575849,-1.775605356111385,-0.24938666047781055,-0.085392573075437,-0.9920302552328965,-0.09265031660016308,-0.09532953809237481,-1.4043382415711283,-0.1430412819704122,-0.09086119332054561,-1.6620933951388621,-0.19768241886583118,-0.08438134597266513,-1.8863988348638319,-0.24427980373100977,0.08151761476873631,-0.9192956874393183,-0.12797650622214285,0.11756526296825791,-1.289277304506083,-0.1988217880275551,0.13537437117884518,-1.5247272662926126,-0.2558690858552613,0.14097984682315895,-1.7435277135723346,-0.3003704527408783,0.23674441241697916,-0.7736792244568729,-0.17380271051310578,0.3415465504480308,-1.014837063620416,-0.24658879892863936,0.4004909382991525,-1.1908665214590566,-0.2849331717044249,0.4424383971779607,-1.3739977512985075,-0.31427476544981553
unknown,0.0,0.0,0.0,-0.24414875563322855,-0.16977667114443215,-0.10231655014788629,-0.4358607791376357,-0.4863528123048678,-0.15527850032372328,-0.5794919463740738,-0.7446446729766836,-0.20293437405243947,-0.7246724352881614,-0.9203071651301089,-0.2492727838941032,-0.2371483838359727,-0.9711920934638644,-0.062276002814874415,-0.27142050030183346,-1.3458740428638514,-0.13776176734913012,-0.28422246125253275,-1.5768047225717683,-0.208807043842541,-0.2824931460280431,-1.7892724521169356,-0.26573166444802987,-0.0787988207984714,-0.9936109783102128,-0.08079585151597987,-0.10440098119718748,-1.40382539934546,-0.1377402189668822,-0.1181292523540226,-1.6668858879839825,-0.19533771358004795,-0.12921358805258043,-1.8943018093619883,-0.2438845873929442,0.07305784335097007,-0.929019076988421,-0.11762054550553402,0.09048422925331424,-1.3073583062990022,-0.1781199456431361,0.09498983284218741,-1.538267847974728,-0.2148763013354358,0.08645006783694757,-1.7494604897826047,-0.24769860100813787,0.21971591274254318,-0.7945206606148286,-0.16732136371214013,0.2607552421051267,-1.066096413357642,-0.2231638712009249,0.2801937444808214,-1.249900811114951,-0.24283106866921844,0.2846580328249573,-1.429146119656479,-0.26040435989187616
unknown,0.0,0.0,0.0,0.22867930299184006,-0.1946677168521754,-0.15345703757305232,0.39568025714741356,-0.5228305478616616,-0.23794675572990528,0.3834532545785969,-0.7352195299915701,-0.3197862312762911,0.32593698775396457,-0.8280706179915454,-0.3980749342773854,0.29354745789164616,-0.9690218959158609,-0.13603972147937152,0.36744268895228815,-1.406701130692885,-0.3108580543743018,0.27104414914504127,-1.4803967560314693,-0.4416141018266309,0.18142741479619032,-1.3696521761778253,-0.5036260154084728,0.10541170049447628,-0.9855547436035067,-0.1325527093630646,0.1609004647425895,-1.4249730511404777,-0.2986969018145162,0.10831669115017255,-1.4372687274751448,-0.42441895891950937,0.0865364448697993,-1.2787320860413056,-0.4836263172282114,-0.07331240765309463,-0.9155890073527891,-0.1512583362680798,-0.12257164809659943,-1.2747616580525254,-0.2935828071337243,-0.17605125289249313,-1.26183129154505,-0.39367028025992784,-0.17856914037331606,-1.092532025238939,-0.4337252481546587,-0.24313431746141576,-0.7775988337796873,-0.18048310114233407,-0.32320847060446056,-1.0629817037934495,-0.26733257639811725,-0.35928252872509714,-1.161000854114551,-0.3169823085246788,-0.34920600898980303,-1.151157554102494,-0.3394873567054845
unknown,0.0,0.0,0.0,0.1244045519680871,-0.42030659267544257,0.09338526712078932,0.11487130048743176,-0.8523878099736694,0.07546633961881828,-0.04494194157833178,-1.1450608087701042,0.030653110579069612,-0.22296425477890922,-1.2229897748820877,-0.014323035033852726,0.22293644617913094,-1.099819924744156,-0.05846903781926643,-0.10470493988515771,-1.5986983256631233,-0.15910883113532628,-0.18183209137020098,-1.3758091541036155,-0.1925075243312165,-0.11634052150905058,-1.2037925715018192,-0.19775962739236083,0.07947697816630743,-0.9848285838010148,-0.1542597499999269,-0.2613679310727058,-1.499155588850139,-0.22298577865549638,-0.3129079264250961,-1.2860309436261093,-0.18605985425064644,-0.23111634580391027,-1.1366185813540832,-0.15383684202861136,-0.09095729510810494,-0.8435043527744998,-0.2432738902312335,-0.4089324118894655,-1.3237727752451829,-0.29289300655393946,-0.4309419916606435,-1.1153116322039696,-0.20445082549203084,-0.3392431338917846,-0.9774889673662023,-0.13935035751619956,-0.2697077301462102,-0.6818149571770287,-0.32444774336255294,-0.5172737896722955,-1.0970724350860626,-0.34428996142122026,-0.5175194323036703,-0.9471924248610986,-0.26389373522849224,-0.4453324785692374,-0.7975024400679528,-0.19767731683374629
unknown,0.0,0.0,0.0,0.12290462833890527,-0.4141163595511009,0.08661426512304153,0.11894094967191812,-0.8518474749209181,0.06581953724917142,-0.02623619718219615,-1.160799356350326,0.020692335276633216,-0.19446543546053163,-1.266497299643406,-0.023599529571183976,0.22493505651366563,-1.0974578987937547,-0.06821125517942847,-0.10101818844034738,-1.5953208745769152,-0.17144219000406324,-0.1782932371762493,-1.3786760800272813,-0.20655619661289124,-0.11615497300362301,-1.208697669240853,-0.21315451133197497,0.08237286230678494,-0.9834715474555704,-0.16124027691843365,-0.2644383610207574,-1.4932153626855913,-0.23247883527273294,-0.3110542254931888,-1.282383994412854,-0.19607849860305493,-0.2295744886297252,-1.1328492111196595,-0.16485433254642992,-0.08675784405004562,-0.8415382952448429,-0.24804429513676723,-0.40428131964073283,-1.3102479324133918,-0.30157197491567034,-0.42116959411076066,-1.107604860563674,-0.2150648734005686,-0.3301630313586253,-0.9707110234776132,-0.1516400184597431,-0.2644165774733593,-0.6808772175082792,-0.32739408192492025,-0.5094972440126638,-1.0816138441596392,-0.3539029789943578,-0.5054315998046643,-0.9339088788478837,-0.279439745921803,-0.43317186524737183,-0.7899247288236132,-0.21702346632876035
unknown,0.0,0.0,0.0,0.11805884348893234,-0.42430742718316694,0.09071493518523929,0.11089101348351944,-0.8531267911354241,0.06934643147970529,-0.0453934551258045,-1.1483058845073133,0.02216249442174766,-0.225936295976104,-1.2302314125790823,-0.026266436365347826,0.21920177625959889,-1.1023142930883074,-0.06853682465594811,-0.10465097177989507,-1.6110420510087973,-0.1651115921688961,-0.1955448088161591,-1.3915956038533066,-0.19611879842437713,-0.13859672393894118,-1.2195125860789024,-0.2018970617500023,0.07870558437316114,-0.9835821377064818,-0.16239337847716112,-0.2668617056767378,-1.4980605955388122,-0.22698615938726346,-0.32661696884804353,-1.2867793391399274,-0.18953140517753314,-0.24620569214149868,-1.1375823887152272,-0.15973515059488533,-0.08785973115552839,-0.8354418480401852,-0.2483319440693657,-0.40932413638493265,-1.3180150342765373,-0.29647275218670815,-0.4344790126719243,-1.1137381826663435,-0.2118128138169042,-0.34325132126435737,-0.973206037232227,-0.15166261609954587,-0.2633261178452619,-0.6695236963697134,-0.3260582903805454,-0.5164157470442684,-1.0739072549885544,-0.3515931886625638,-0.512563581221543,-0.9310801525824749,-0.2782848388039338,-0.43474749695653847,-0.7860444751046994,-0.21741894077809495
unknown,0.0,0.0,0.0,-0.2741371044652701,-0.2937557586138572,0.004714733608191819,-0.4209748315748149,-0.5664885736951739,-0.02745458304307156,-0.5176700380806785,-0.7685792519880829,-0.089500534466982,-0.465522605171455,-0.9657946027485226,-0.13292714614125983,-0.1060552336040057,-0.9870769274011136,0.10888829538773422,-0.3670139096266464,-1.0864183400937324,-0.007702125522574363,-0.3768328338023818,-0.8264810031694025,-0.09543935052977011,-0.28217657040501115,-0.7246556531187323,-0.14795170673679267,-0.01331195784323143,-0.9986328750616033,0.05054871536029729,-0.34037640236949285,-1.1067360782370796,-0.08951147386572014,-0.35124198124085604,-0.7897675769227676,-0.13274913287856918,-0.21688432484631673,-0.7001893733412974,-0.13108911964835804,0.07477521930774045,-0.9609594274134373,-0.02701891354477875,-0.2574277727116173,-1.080026463028552,-0.13731037581276911,-0.2879152220574563,-0.7731155165204219,-0.09055967836354019,-0.165804193369877,-0.6768236995324608,-0.03026887468014742,0.13665400932657035,-0.8620552275367758,-0.11195155263218454,-0.15051409135269248,-0.9240481452484278,-0.16815373496248537,-0.18831629578885142,-0.7349800592212221,-0.12975828699760295,-0.08165473287861567,-0.6483654405650009,-0.08082573392726129
unknown,0.0,0.0,0.0,-0.25431950605075776,-0.27977085978335847,-0.004222102979955377,-0.39714111268493246,-0.5582577670797094,-0.041007242746929,-0.4922162335284269,-0.7545586573720259,-0.1039422101038311,-0.44388755189765833,-0.949152337679433,-0.14625402856067843,-0.06702933840840103,-0.9941080171625443,0.08809779623003283,-0.3471200131485979,-1.0796723410599316,-0.03337666254303457,-0.3560758520834766,-0.8151770065786554,-0.11924675210983225,-0.2601754352269605,-0.7267071102408624,-0.16999284205908913,0.024376530643206905,-0.9991346717664538,0.033700036022850426,-0.3230181051094768,-1.0874290014245918,-0.10881528849431621,-0.3288853578774528,-0.7734327385281673,-0.14448645158989692,-0.1938342855582188,-0.7003794533250904,-0.13929680357377416,0.10577724125561717,-0.9528653536233079,-0.04033418082116719,-0.23905275398194123,-1.0524874576426244,-0.15293663094349688,-0.26225479352528186,-0.7474419329640637,-0.09873471595405225,-0.14214902608858118,-0.6667553227337487,-0.035696015952806394,0.1588592810726333,-0.8455083182938152,-0.12260618635022968,-0.12885533337549412,-0.8954041442202622,-0.18219995453006288,-0.161146646610825,-0.7066008998825857,-0.14337681610687597,-0.05528432539539819,-0.631962923917299,-0.09474965326818408
unknown,0.0,0.0,0.0,-0.2561401610938189,-0.27314279393382435,0.0007806635481964055,-0.3996105126540481,-0.5449122824041746,-0.035323720123312856,-0.49097095466999163,-0.7404396684600132,-0.09838459313337883,-0.4550428754522738,-0.9392268219210679,-0.1406645522067718,-0.067353311028427,-0.9949842836513898,0.09319623724155864,-0.3525567796394433,-1.0648023774664568,-0.027894530514277205,-0.3553595703056104,-0.8095134840020122,-0.11226303478855983,-0.25720902194108597,-0.7335070473317966,-0.16178759197720227,0.027016568084155226,-0.9990205500624612,0.03504348158861648,-0.3304386923831548,-1.0717423308768141,-0.10552733965339958,-0.33085611610727594,-0.7646031526188111,-0.13874761224014592,-0.19305114012388014,-0.6995544501573032,-0.13232872849283142,0.10861299207820854,-0.9535333436364741,-0.04274975672193855,-0.24467298818370364,-1.0387650304986096,-0.15385228126624872,-0.2636886939218519,-0.7397717078841558,-0.09817138895761235,-0.14144550570202966,-0.665501679550747,-0.034802127647899195,0.16369701983896248,-0.8480434906638744,-0.12858238413210765,-0.1285604140061195,-0.8927892071494384,-0.18827757827776184,-0.160709166502428,-0.7056986960480282,-0.1488066771645136,-0.05443300372392574,-0.6307652510882577,-0.09895245127638434
unknown,0.0,0.0,0.0,-0.24558434810288585,-0.2585328865648121,-0.00637319167463865,-0.3981489795542861,-0.5322395851100072,-0.04665987270188316,-0.4875558941163948,-0.7360107824108401,-0.1134877361917112,-0.44269225429831144,-0.9454327616450575,-0.15857654156694495,-0.05629298247197659,-1.0023171125527952,0.0913319249419763,-0.34162981890797456,-1.0660802395028066,-0.042182693833016566,-0.34409779651321776,-0.7945418918887357,-0.1299399031089604,-0.237219428077482,-0.7032369816822079,-0.1771778196888124,0.03971079550823471,-0.9986355065011205,0.03391427244322855,-0.31417671391369745,-1.0579027211643517,-0.11132172778167386,-0.3136034915778829,-0.7403349548231254,-0.13890421149822682,-0.1742249180752105,-0.6741118431928472,-0.12608405939373557,0.12675212831479912,-0.949227996846398,-0.04656692457051584,-0.22406674599115603,-1.0172598857963577,-0.1664633712656296,-0.23892580954746456,-0.7092597586644986,-0.10610996940402972,-0.11343429511645875,-0.6376228445251392,-0.03627848419686163,0.19600218223617683,-0.8368175522144288,-0.13575649773091983,-0.10059495729171143,-0.892341377676167,-0.2000339667028564,-0.13826312841845226,-0.6949541511565627,-0.15634382868757252,-0.03827509336245624,-0.6098953877816687,-0.10079508609231382
unknown,0.0,0.0,0.0,0.17490109997135683,-0.3969907848422043,0.012951773937408668,0.1845135058966931,-0.7899537933016063,-0.006457309254070864,-0.004049894621372012,-0.9853548892860717,-0.031189959240393698,-0.1834477679117333,-1.0413546582035274,-0.06800223378175338,0.06016522005053865,-1.027152943471293,-0.09701202460027593,-0.06398580721898411,-1.5436625644768542,-0.16682608642450894,-0.1558812203719218,-1.826818900468111,-0.2026898933739886,-0.23622594767262048,-2.0418361657081454,-0.22051736293339,-0.13112278634521277,-0.9801927632394811,-0.14842156781956625,-0.2550395408429464,-1.5634665130639536,-0.20156152466246668,-0.34801423375956003,-1.911380537661014,-0.2331043757199397,-0.41826401642000416,-2.1782397943600267,-0.2534006384934679,-0.3013072847897399,-0.8782195583659961,-0.1933445426097501,-0.41290734015252517,-1.4249101929888306,-0.22707144277180422,-0.48319323422287896,-1.7517911268839907,-0.2556413232663253,-0.5300947334135876,-2.0033481736337713,-0.27792149893982576,-0.4479381161206701,-0.7243858549359538,-0.2342325187351497,-0.5258141771614174,-1.1350281069018935,-0.2601807531882856,-0.562002323817168,-1.3890565282673686,-0.2617651130860344,-0.586498047336784,-1.6059041905972002,-0.2601264450132261
unknown,0.0,0.0,0.0,0.16439251182046863,-0.39716092693383503,0.01842519588545317,0.17150558067297164,-0.7815282401960318,-0.004812007713222687,-0.0032583337237617324,-0.9775224375403827,-0.036461220020333585,-0.17731558388091231,-1.0407936626402108,-0.08278686516018272,0.06655589690958819,-1.0349943732299645,-0.10028236426743652,-0.06172799182361982,-1.5407717811880377,-0.17621913270071016,-0.15549068516126424,-1.8225067158464683,-0.21821701040828254,-0.23767220959966898,-2.039462458379606,-0.24119499555503093,-0.1154541159943517,-0.980218743293434,-0.16075311006697154,-0.24983192357439782,-1.55380422326661,-0.2209776826490437,-0.3484417175522128,-1.8988974326311345,-0.2600502471778504,-0.42250754023722825,-2.170235519443777,-0.2866637391580731,-0.28439329571131483,-0.8673604911987499,-0.2142738166972767,-0.3998099134137367,-1.4144587848223331,-0.2578362018236143,-0.4773050441773845,-1.7390770339766841,-0.29423616208671677,-0.5315775720305228,-1.9934516077734412,-0.3213546254848252,-0.43642520985028754,-0.6999757049639266,-0.26273302118120967,-0.5160135488384481,-1.1108498465381558,-0.30103283910106166,-0.5589959659630404,-1.366434633066125,-0.3102325316565779,-0.5906534525165801,-1.5871785959006524,-0.31314063021769417
unknown,0.0,0.0,0.0,0.13663686029029679,-0.4077402393982766,0.020280735516886434,0.13387949566344,-0.7970316875236143,-0.010238837403043302,-0.041895055969508814,-0.9881537173383121,-0.05002514336579887,-0.21510821361225582,-1.0468133724879658,-0.10512329048888078,0.04521278107895484,-1.0378547148123118,-0.11205584202480189,-0.07928500918525874,-1.5374802976415398,-0.20004167251873803,-0.18064493298836384,-1.8165309304137753,-0.25092661759543683,-0.27254360775514225,-2.030006499765101,-0.2801876499226737,-0.12535410640215927,-0.9757782382902325,-0.17928518535374424,-0.26403154982968835,-1.5472086177722648,-0.25235034871451345,-0.3706293554791691,-1.8857258958895402,-0.2968260457903242,-0.45605211167911686,-2.1522948433049423,-0.32682891140909354,-0.29010808708489894,-0.8545830642881945,-0.23928355658296194,-0.4165078145937454,-1.4140970070524523,-0.29538626152102265,-0.5024242745971481,-1.732454639132341,-0.3338843820273808,-0.5659516448350513,-1.978681745587389,-0.36108291783412,-0.4423879368344402,-0.6792697768748552,-0.29351531963218724,-0.526160273659022,-1.0849729881587866,-0.34289500413914314,-0.5755635379662217,-1.3443763425672481,-0.35685546792257195,-0.6123624686269806,-1.5710663763680242,-0.36256039090074876
unknown,0.0,0.0,0.0,0.13518802069108798,-0.4145726324233532,0.018558509812203843,0.11903560967618412,-0.8292513263399907,-0.004100996741751625,-0.0202883654810532,-1.0887505175112953,-0.03381168229959697,-0.1676499379870992,-1.2111002160236601,-0.07699732075197567,0.04156279220929351,-1.0374265177443387,-0.1201140220072942,-0.09710484425100874,-1.539021939749554,-0.2032771328904245,-0.2030234429711368,-1.8239461565892163,-0.24965331129775084,-0.29647870680051336,-2.0432542546129087,-0.2758688057314336,-0.12360024783485496,-0.9756259500549727,-0.1813201155815165,-0.28757220399626254,-1.5463947667345974,-0.2518033586036886,-0.40514957908277216,-1.8914545189506435,-0.2895531236392776,-0.4952840974968916,-2.164189651957503,-0.31422345965484616,-0.2869935253885524,-0.8561856203709421,-0.2345618203088977,-0.4322449623273731,-1.4150915255925085,-0.2882040292107102,-0.5250953650046721,-1.7395580410058016,-0.3190535011684431,-0.5906919578553516,-1.9934346417172228,-0.3404820554380487,-0.43793766875352796,-0.6819123862028045,-0.28255603280735186,-0.53280856506649,-1.0889355704096197,-0.3333238476567275,-0.5878646868356265,-1.3507064301337375,-0.3460727775256036,-0.6271744489135208,-1.578264248492807,-0.3493801820469617
unknown,0.0,0.0,0.0,-0.08080930866827123,-0.4899558226710295,0.07336481819140349,-0.3351006311166392,-0.8044333714427475,0.043096754456905445,-0.6014141542201575,-0.8107268431346022,-0.012414947435086877,-0.7894765221453146,-0.7120501610898604,-0.07593114557559993,-0.40119946496408054,-1.0636764979436122,-0.10989273099388147,-0.8056855692451895,-1.3573668413574678,-0.2067596671362279,-1.0281640011040292,-1.5438604478215405,-0.26514232116588704,-1.2131253178876715,-1.6837255475700896,-0.29958234345027246,-0.4910119846524581,-0.8466984665046011,-0.2049608200276607,-0.9119748806940218,-1.2164588766308533,-0.29462448451231577,-1.1818440224968894,-1.4479737620182076,-0.349375893135997,-1.3935370174812596,-1.5987405049527619,-0.3903074887177015,-0.5751043234511306,-0.5593025445685548,-0.278604397328093,-0.9912301495835039,-0.7296128431321203,-0.3338065743657905,-0.8715877974000449,-0.6342822570051599,-0.2740303468943587,-0.7311349701028375,-0.5621348062849398,-0.2176069350763367,-0.6324744344193225,-0.2575999967995413,-0.3474642114560325,-0.9210990944447343,-0.3965149306791865,-0.3632212079308526,-0.8163199426635922,-0.35505088509137683,-0.2797051992493842,-0.6932725128545758,-0.3171255520129258,-0.20595234907488408
unknown,0.0,0.0,0.0,-0.08326177186042805,-0.48646508881009587,0.07890556298400273,-0.33636954484192694,-0.7897150429594071,0.050102927047440765,-0.5980767914882746,-0.7792933724804657,-0.005605298649918722,-0.7766831399787285,-0.6637479112067326,-0.06998116827392634,-0.4077055148497997,-1.064154064941648,-0.09752555045086858,-0.8071841901379174,-1.3335831549961843,-0.19584210119538728,-1.0248952164682539,-1.5134146549324947,-0.2575643568061281,-1.205124841059506,-1.6499508303171493,-0.2944291704206158,-0.49020596889722107,-0.8490534599319511,-0.19699322383046466,-0.909532815120044,-1.1993988134458315,-0.28655596506008335,-1.1749732002785334,-1.4136863642633644,-0.34153731506107243,-1.3847561457549333,-1.5553416089011003,-0.3819200844464698,-0.5665624446913128,-0.5629488285441595,-0.2758975156779896,-0.9858466178422758,-0.7081671802727543,-0.336977409384006,-0.8691094260683463,-0.6022327899315246,-0.28323327163624107,-0.7295030553365963,-0.533239684860107,-0.22900667799141294,-0.6162995149048082,-0.2579443691571354,-0.34923300705132887,-0.9051227608441054,-0.3769890223233884,-0.37192200557188204,-0.8038235913194915,-0.3322712305732488,-0.2941075882280868,-0.6821265990363474,-0.3030422533570723,-0.22329811612617695
unknown,0.0,0.0,0.0,-0.0823848894910403,-0.4946562928081674,0.07358527667564733,-0.33397037377837185,-0.8064928728554552,0.04247118626356579,-0.5960947619786515,-0.8051289707992259,-0.01218645799082661,-0.776233173812096,-0.699131754212933,-0.07580413003220393,-0.3990717708734107,-1.080753348434558,-0.10888383819145492,-0.8006433271557588,-1.33963160381194,-0.2078965466989151,-1.017311234737658,-1.5103594359254389,-0.2696016324753884,-1.1967911385066314,-1.6406532270886802,-0.3060622106950091,-0.48021485309030026,-0.8528154035307273,-0.2051818275875921,-0.9064427616773522,-1.194536882259774,-0.2961031613113686,-1.1715387608119843,-1.4055394388563196,-0.35065871728993214,-1.3800615781256471,-1.5486543303646072,-0.3905872753169719,-0.5592570630224576,-0.5574225793531696,-0.2807647890202181,-0.9790841813647074,-0.7044922509853536,-0.3451993534065533,-0.8659892008716527,-0.5983296897411989,-0.2918412544423494,-0.7289464196893269,-0.5267327736911245,-0.2371606374291645,-0.6144287862025849,-0.2477218925077307,-0.350362857520193,-0.9040146447572682,-0.369849781792154,-0.37517419652025097,-0.8046174357639654,-0.3289038230643725,-0.29660232898723743,-0.6854909156248871,-0.30297437430547114,-0.2249047995646272
unknown,0.0,0.0,0.0,-0.07225817326937796,-0.48951224779947194,0.07642285229959174,-0.3206937441761998,-0.8054129531749853,0.0525768827158879,-0.587867689643357,-0.8271507737528606,0.00484339379074543,-0.7722430668264616,-0.7329068510132715,-0.05141803969644976,-0.3948926349542682,-1.083905441076178,-0.0886481354012361,-0.7953597782998052,-1.3324159981334383,-0.18383878795235425,-1.0126200944597672,-1.4996918752795882,-0.24725609408503368,-1.1937899560903926,-1.626657950606159,-0.28606064385373814,-0.47773524573680637,-0.8590910770725486,-0.1836615263878683,-0.8969604119124772,-1.1916157374043874,-0.2711859306947461,-1.1633683596150286,-1.395902120670001,-0.32725286180945873,-1.3758347827017043,-1.530629642243667,-0.368144043592881,-0.5554471902033293,-0.5679582022676922,-0.2588970769659545,-0.9752511735250432,-0.7083886578801502,-0.3233084953772161,-0.8577250002660792,-0.601803153808518,-0.27266386975221774,-0.7175580402911115,-0.5335323453589126,-0.21973831255560589,-0.608519065312474,-0.26073785569926794,-0.3281659842996085,-0.8957332018630857,-0.3771110457058568,-0.356219940534466,-0.7903091288506504,-0.3298450919433848,-0.28102532385179324,-0.6675546174417456,-0.306365694291781,-0.21101941656234213
unknown,0.0,0.0,0.0,-0.07924986766548796,-0.5047826886752161,0.05719736088622291,-0.3349517909003241,-0.829179710870876,0.016965116023420757,-0.621019922780351,-0.854943894041227,-0.04411519391936139,-0.8205691541527133,-0.7534608795841322,-0.11471290623198946,-0.39094564383201635,-1.089824419946835,-0.1366693930663411,-0.8355319966082394,-1.3319096215416304,-0.24940157083644424,-1.0760412304125884,-1.4859806457976097,-0.3199265206878233,-1.280921004363194,-1.605334115847101,-0.362746596442392,-0.495803496532105,-0.8373080779777373,-0.23042151674651942,-0.9606820117518051,-1.1695136376597806,-0.3320328787325047,-1.2475168544559685,-1.356985633088225,-0.38646795349326074,-1.4729273915715055,-1.4719744557940388,-0.42426479696547037,-0.5838111207869543,-0.5213168041744662,-0.30433392197270936,-1.025908181920736,-0.6801191550546039,-0.3844170582778491,-0.8896762171384461,-0.5890999485844227,-0.3295896298404732,-0.7305296826392071,-0.5207330906652883,-0.27060043069253154,-0.6410378337694489,-0.18486073817843873,-0.37372183840040013,-0.9202736420597254,-0.31719136843423856,-0.4176327336656064,-0.8020466178019905,-0.28568296703432594,-0.3438601683170551,-0.668991627249781,-0.26406874435231675,-0.2718738318374282
unknown,0.0,0.0,0.0,-0.07459037363377524,-0.5241285326987871,0.027210606388526164,-0.3383552818682359,-0.8868363550032835,-0.03403544908583562,-0.623454944038948,-0.9221376858169891,-0.10878547368440612,-0.82708055448695,-0.8144500858088783,-0.19617115231616863,-0.36390726902035675,-1.1352801298912618,-0.191620806734214,-0.812179196572131,-1.3847627794051098,-0.3061584991895231,-1.0491254738893974,-1.5341141989326246,-0.3743794273678729,-1.2457447613273547,-1.6617965282851657,-0.41651674388627524,-0.4606326804663635,-0.8425666916306562,-0.27910375103345314,-0.9256453305607242,-1.1634600163698139,-0.3830307124994305,-1.2028785062662817,-1.338124523110683,-0.4291547103946079,-1.4248687507690245,-1.4550764524957214,-0.4640717967317361,-0.549828312133993,-0.5016698771955604,-0.3483766685991947,-1.011555108972205,-0.6685648797156146,-0.44756595467251836,-0.8700075136308242,-0.5898377650368831,-0.40338350832887343,-0.6972865681691862,-0.5188774749420348,-0.3510820970364702,-0.6197325160888326,-0.1454544029249963,-0.4128549942532214,-0.9227204037866981,-0.2947334722553523,-0.47724916900129355,-0.8030525593083147,-0.2705643838859616,-0.4124409388157778,-0.6563741806832362,-0.24231874323962133,-0.3474369920712813
unknown,0.0,0.0,0.0,-0.3329401661444124,-0.2424221426713684,-0.010295829880196403,-0.8189949139112477,-0.24956842754241276,-0.04623332212153677,-1.1889023251312625,-0.050692819161754984,-0.08247713450272448,-1.3895890705792049,0.24314643900893046,-0.12213099696637976,-1.0821149734762519,-0.3457342190655713,-0.09659295766264465,-1.4948022267478185,0.029004343819593468,-0.2089261179484651,-1.5746665959952781,0.25205433302483304,-0.2905183430616494,-1.5408901377940667,0.3345781535948946,-0.3280237090144135,-0.9913528764014912,-0.04186813205552857,-0.12436452053809628,-1.377760614033669,0.3220289667222113,-0.18343890048412967,-1.4499192309983568,0.517352828729835,-0.21753701777753842,-1.4308363205991974,0.5955443428694244,-0.24397908405833027,-0.8617604919211407,0.27986128979184854,-0.15177530345362392,-1.2189229819190435,0.5759463420770317,-0.1949990518919018,-1.313597784865481,0.7690228250766401,-0.1780594251897983,-1.331664382296453,0.8612350997200425,-0.1682847925314357,-0.7041986990882164,0.6029996819764087,-0.17614622345637382,-1.0194193594820204,0.8227990545769661,-0.20647293804078798,-1.0988383736510228,0.9519773856258328,-0.16988201850176107,-1.1385007301533743,1.0306625940961673,-0.13246836587934988
unknown,0.0,0.0,0.0,0.27074336827954004,-0.4364025996457995,-0.0004970272979562518,0.36098414951168084,-1.0068962527130183,-0.055793105634841134,0.2094646511115534,-1.4010277599681624,-0.09477834039208684,-0.03302775122617107,-1.5199376627396832,-0.14399272105515598,0.25284257100011953,-1.0142296273044937,-0.34086663996218336,0.12359791759382344,-1.8312346485756366,-0.42462834549686723,0.05884126716520081,-2.2678984202650545,-0.43463213415239715,-0.025289302999960215,-2.613831771542167,-0.44657622902240746,-0.025021589974927382,-0.9276672136920449,-0.37256873282115976,-0.13339350447486772,-1.6609532794141768,-0.47328264732612463,-0.06490522414932148,-1.5048803235237003,-0.434440693642786,-0.01395798712540296,-1.2847207005866206,-0.40311523282971634,-0.27698159569705905,-0.822969461895173,-0.3783430761728333,-0.3453993268659213,-1.5632450334715653,-0.440207736791988,-0.29001076346161514,-1.43082239752378,-0.35710012939874564,-0.25177405496477906,-1.220939590814662,-0.30538934959793373,-0.495817137110678,-0.7459232418147813,-0.378557643723874,-0.6997401753253476,-1.351377973329089,-0.4444600171291751,-0.7796013534787284,-1.6532129623361331,-0.45206495925258816,-0.8407366362685561,-1.8775499363322332,-0.46361957372034196
unknown,0.0,0.0,0.0,0.2763807663102626,-0.4350798147273748,-0.07162090540681992,0.35774436788360026,-1.0400509430940055,-0.13198163484415418,0.1258805095046168,-1.426459393946634,-0.15792851406196645,-0.15342001725233653,-1.4487886395179315,-0.18301415159475484,0.08843871690451972,-0.9960280032555393,-0.37322136383010884,-0.03134427563276236,-1.759662671868825,-0.4433862109507841,-0.09693101276039634,-2.1551077273675,-0.42803614684823943,-0.17413521421463365,-2.469682699915138,-0.42366718110286605,-0.1899116291898252,-0.9137515270720987,-0.35915417284485773,-0.2157719151042881,-1.5740924783555064,-0.4483491519779158,-0.1117114010807439,-1.4467192772801598,-0.39746642127547704,-0.059375504120734494,-1.2466734364537067,-0.36159089295056124,-0.40092499998236536,-0.8222703442710811,-0.32632257119560404,-0.40732725795691316,-1.4689626739836437,-0.3897338991365146,-0.3098442954076412,-1.3667346512379872,-0.3201954453582838,-0.25954629774955534,-1.1748251256218165,-0.278648048641005,-0.5616012691822657,-0.7708635028596108,-0.293928135803195,-0.765255459279968,-1.3072921760109477,-0.3601252538862794,-0.8571908320334763,-1.5902626294993096,-0.38704053136839417,-0.933657002906823,-1.7830099681500602,-0.4150155479504451
unknown,0.0,0.0,0.0,0.29699013977054994,-0.4621310146417204,-0.08424235196096219,0.36244824235653395,-1.1133167533329753,-0.1811283077982095,0.12804117538135606,-1.529108880918298,-0.24020558431547556,-0.16588187696839565,-1.5754210257730243,-0.30047899696909663,0.0625086808525404,-0.9905924138657647,-0.4691719655550169,-0.13867095743485822,-1.8399884340151833,-0.5562615007955669,-0.2347289458389332,-2.245094377812569,-0.5289156546990506,-0.34603728252349925,-2.5466131878807277,-0.5027269558244066,-0.24042017257647977,-0.8535468960706859,-0.46222920377924354,-0.3207746539371937,-1.7029093669125528,-0.6060200468907095,-0.20973471171303992,-1.6317128740697107,-0.5719468960750687,-0.143570615002928,-1.3974030514642475,-0.5212537708092377,-0.4782458653689742,-0.748476785703311,-0.4255512409653351,-0.5505397609240456,-1.5971473628546586,-0.5313746609204772,-0.4403278545080115,-1.5627296630815728,-0.45925984695000843,-0.3790264625054778,-1.3668138625268251,-0.3946125496853854,-0.6444860878397681,-0.7016482732454001,-0.3835509722414849,-0.9079320253881935,-1.3456471667928982,-0.4540471232891887,-1.0036071140865173,-1.6745461015978975,-0.4487657207922581,-1.080514282540849,-1.8889004070942292,-0.4407552462258841
unknown,0.0,0.0,0.0,0.21577256198062345,-0.5083235703492981,-0.05325867608021314,0.1999839072388017,-1.1856137719416986,-0.16490520957937893,-0.1484794146934898,-1.603184749662063,-0.2495102133284967,-0.4829142552209621,-1.67936264950134,-0.34105001047617584,0.20289226838215121,-1.040647554558538,-0.4425168778219115,-0.06571313791476335,-1.8879257931512023,-0.5640709846086094,-0.19928374622281014,-2.3023486677329528,-0.5804334353634515,-0.3132913123924136,-2.6286851857126288,-0.5963915300243917,-0.07188208551856094,-0.8751145243768402,-0.47854731741615586,-0.3638396967021373,-1.638122736697617,-0.6299246075196039,-0.31074232592983847,-1.488120030916919,-0.5932938298996925,-0.22439803094345473,-1.2610896042680038,-0.5606612743374885,-0.3392802026027413,-0.7128234923100331,-0.4911098515882504,-0.5850800920220767,-1.4656981965566123,-0.5972519559427844,-0.5244706465234042,-1.3244587041455675,-0.5017204307427368,-0.44547065452913337,-1.1053721737890494,-0.4347103088901221,-0.5893168049364054,-0.5962149876351431,-0.5006705466869332,-0.8344027112366426,-1.167932918946993,-0.583069227016658,-0.9429932045490288,-1.3704462710543224,-0.5704560813075412,-1.0515365120611542,-1.4958799502507232,-0.5664925336636619
unknown,0.0,0.0,0.0,0.272484315708385,-0.44553894228835755,-0.03490323700178842,0.33834319338124735,-1.0728806945047704,-0.09389312483031947,0.1461313581691633,-1.4911702309853996,-0.12451758007528758,-0.1130448816245428,-1.6186161895305122,-0.16416997832998254,0.29771658723189715,-1.045367316892139,-0.3877588667844058,0.09341632790669911,-1.8716649432096997,-0.4781423024686894,-0.016292952176097143,-2.298121832283159,-0.4797051408127448,-0.13120233763878728,-2.637967670086342,-0.4848147233482947,0.00914205340495929,-0.9134505388674977,-0.40684706697015643,-0.22280240962950063,-1.6719519478684781,-0.5232059487530261,-0.17505691534967746,-1.4964784302678287,-0.4677311605390369,-0.10860050571773726,-1.274020714928386,-0.4197390625464829,-0.2695667081845958,-0.7768026809370525,-0.4045610607014426,-0.4339098012804354,-1.5308926525165492,-0.4946096024548571,-0.3851047084023717,-1.370331918164779,-0.39877478945951855,-0.32528517160161735,-1.1593122078339262,-0.3277552108095373,-0.5264762234813655,-0.6927933060848728,-0.3983678135968625,-0.717173816213302,-1.355366711692782,-0.49694185598069096,-0.7988385276173611,-1.6663125080435168,-0.5116915125408197,-0.8635969815270771,-1.903826358631338,-0.5223982599791483
unknown,0.0,0.0,0.0,0.22429413720343688,-0.4352840709772972,-0.012443868652431963,0.26077712871934505,-1.00430728933598,-0.055146912901128844,0.035485720184505125,-1.3681701265966661,-0.08037726220016868,-0.22018205804042557,-1.4540229332488341,-0.11226888155538457,0.16777425071829766,-1.0578957486929255,-0.2958152464575443,-0.04350784892202003,-1.7760834065313647,-0.37337745813054585,-0.14413368071537694,-2.154431099256445,-0.37357754512685637,-0.2366716686523197,-2.4518679398790084,-0.3762371481040289,-0.09011896112773364,-0.9441268931197246,-0.31702205370187436,-0.2941661813941061,-1.559179556077648,-0.4080610264941971,-0.2453172029772299,-1.4165408943172284,-0.3623054318921259,-0.1794018305737968,-1.2409865063465515,-0.3274889069682355,-0.3272550758230843,-0.8048290459173978,-0.31938915779678434,-0.46926811189074047,-1.4035896876411984,-0.39346830166022456,-0.41788688129087603,-1.2775769509622814,-0.31818877457550654,-0.35715634296437665,-1.1037196115350694,-0.26698146147992485,-0.5479468700560525,-0.695925773269181,-0.31632729947820803,-0.7543827016880895,-1.2379982445209317,-0.39072064375388516,-0.8637564146638314,-1.5181262556507287,-0.4030420342882692,-0.9517542871227707,-1.7351539879839917,-0.4158493781364388
unknown,0.0,0.0,0.0,-0.2965967251162779,-0.1670761695220492,-0.02936374052108898,-0.43788884025211017,-0.6412266582993036,0.0040541432380301985,-0.43008937925500323,-1.0201292527162658,0.027087049717946277,-0.41543175729997334,-1.2779539209672168,0.05320738485753859,-0.2526536517943187,-0.9353029755020988,0.1357735040064922,-0.2888129335536202,-1.277229828154247,0.149050025101818,-0.2895210476669873,-1.5012765563286419,0.12984753265177004,-0.29948031340847536,-1.6959851549716107,0.0987039131536074,-0.0879502676190988,-0.9901346563521242,0.10907847045219247,-0.16518738414060913,-1.270471766017707,0.08990569967201059,-0.22142086084353377,-1.374707524272019,0.04276337175987343,-0.27753774458354996,-1.4532017005545423,0.015055968389789239,0.08865023775008767,-0.9776485912173123,0.06365612391333225,0.05164192005576051,-1.3489867661539061,0.024622198389947687,-0.001518491904192356,-1.6334806056606868,-0.03342869914946705,-0.06029268493235289,-1.8943187535683486,-0.07923722444132934,0.28072884552681365,-0.9094178944990382,0.012828436187524987,0.36665590051103947,-1.1582235661638396,-0.02937740295355181,0.4102152788657614,-1.3379761019785512,-0.06191735784174552,0.4385946864210175,-1.5096906302743434,-0.08943358058119857
unknown,0.0,0.0,0.0,-0.2935228628028664,-0.162946326785488,-0.02709139443276884,-0.4411988759317861,-0.6300895641581182,0.002177245012860795,-0.439825074283213,-1.0100654779539224,0.019644140137205415,-0.42345060991266054,-1.2723257246303907,0.04020963473769216,-0.2567377204592593,-0.9326022512744632,0.13452533446663115,-0.29888970887879873,-1.2760912445646049,0.13703218358682487,-0.3044246436270271,-1.4806311758737607,0.1089708055362837,-0.3233095936515488,-1.6523252042077947,0.07387020600066913,-0.08885895045688678,-0.9907177627137371,0.10287080036233817,-0.16334673652594497,-1.2802021178999632,0.06966272338808857,-0.2221034249167996,-1.3888074206902037,0.010672199521302151,-0.28466629985613356,-1.466417672821237,-0.022669867918646964,0.088688254950343,-0.9804005384012956,0.05279119763880042,0.04927792624586484,-1.3605766570673283,0.0030798261381559163,-0.002756049440108962,-1.6464391810230772,-0.06105612622796102,-0.06111994004651009,-1.907367961039156,-0.10807532835442023,0.2814204783975542,-0.9124403695620154,-0.00199166398823306,0.3722117186722556,-1.166292220235627,-0.05202886451614163,0.42128026399133983,-1.3487426723161662,-0.08776782236380654,0.45340730635429743,-1.5234121412606012,-0.11539643986087592
unknown,0.0,0.0,0.0,-0.26297875474987714,-0.20681038715747904,-0.017351985340540683,-0.3780415095601097,-0.6528753588535329,-0.0011336397860425749,-0.3793385584261084,-0.9945103205662523,-0.003992058785275917,-0.3527721255280807,-1.25360531874093,-0.0053686881010506,-0.2000088698248199,-0.9753591763537038,0.1577132622067372,-0.22944023480382794,-1.3571617081914835,0.1685422296152937,-0.25408915651645053,-1.594426079698761,0.14502951142452145,-0.286522668324043,-1.7916576990644322,0.1087575443807993,-0.03270244871828958,-0.9930516898504549,0.11304375760290172,-0.10136884283754916,-1.2991837836656164,0.030349808209777077,-0.18315033038719702,-1.309344865280772,-0.057293908546975136,-0.25667186961873417,-1.2299782174777143,-0.09007705456656447,0.13635950226315544,-0.9769272592990312,0.053103126659305784,0.09922184148475373,-1.3522810974601092,0.0009192835025756481,0.035627998959237635,-1.6139308464886504,-0.0637970287429231,-0.02502751058319553,-1.8149430617058855,-0.10381245427702646,0.3263462029283637,-0.9114336815888914,-0.012240268654485874,0.40531578680385644,-1.202717621762659,-0.039192312973254755,0.44708918890961125,-1.4065708014193714,-0.06622736007446405,0.4748768730073848,-1.5796463337008233,-0.08853535475161019
unknown,0.0,0.0,0.0,0.14578951465869833,-0.6123639088968902,-0.0228146174856979,0.3910969159484699,-1.0346516706405111,-0.055744826017247805,0.6754250638416056,-1.3084882722268887,-0.0846215696347703,0.853374068115481,-1.5533924610106848,-0.0923409551387735,0.863267619627896,-0.7038134151140785,0.015162283262097799,1.0642639059535386,-0.8096162330196315,0.04026112443163477,0.90141944806963,-0.8024268869956293,0.04341414775975075,0.7444586843124052,-0.7431230428863614,0.042910592295948215,0.9364423091550175,-0.350377301451387,0.01765072950511165,1.0634754387432195,-0.5136031830419576,0.08199461770281277,0.9287435601580563,-0.5241099336207641,0.07895780379850739,0.8062864375817013,-0.45728560162540133,0.048530561140832484,0.9359087230091943,-0.02921590663101078,0.026101394103653544,1.1002278755631163,-0.2438530587949408,0.062104178753217075,0.9724334549043983,-0.27766472601959374,0.09254181074737779,0.8356947321275288,-0.23399638063521003,0.0944743470524147,0.8891461286849524,0.25657891478074296,0.037251086357804324,1.2309125445351539,0.18333598560742015,0.06057695751343005,1.4126057504492857,0.1391102300603815,0.10286128390241531,1.561640419440889,0.11015866226939265,0.12868805204351969
unknown,0.0,0.0,0.0,0.17891258995427126,-0.6489170715002038,-0.017666288535640395,0.4618399393960178,-1.0549815706319345,-0.05738336773518331,0.7602972197895145,-1.3275056356278805,-0.08924085746258796,0.9143418370509152,-1.6087876321564267,-0.09813742989688642,0.9085571758480108,-0.6897759521908364,-0.04379045727204242,1.1616717675428345,-0.719646758899109,-0.022245981271062726,0.9816079364226244,-0.73522183904302,-0.0020941080239006583,0.8086139376278355,-0.7120925528874806,0.012681189147396858,0.9615424719177532,-0.2715580999266898,-0.041137246656803426,1.1518952601176198,-0.37974264657028584,0.018724312086027307,1.0049780182696884,-0.4115385541275005,0.03477512062046525,0.8685795264486297,-0.36254143669863237,0.020389200403363818,0.9518556305352334,0.08168361493341238,-0.026413260797419225,1.153795446706462,-0.07318367878458852,0.017149139213075176,1.0252395086788992,-0.12663045777364443,0.06268903550450328,0.8780178575717769,-0.10560105169272303,0.07456829225446795,0.9105074438937036,0.36229229409763275,-0.007423303186276609,1.2812203785001466,0.3198510417198393,0.021936404015731013,1.4851456209115237,0.2928366486086108,0.06923279911769313,1.6490632409304045,0.2788866864458394,0.09912079761394715
unknown,0.0,0.0,0.0,0.17962995134069493,-0.6165749432336891,-0.021753740382542436,0.4683579148202127,-1.012276867349803,-0.05912404101043985,0.7555769885811824,-1.2757790087338206,-0.08803445410720807,0.9088765864042504,-1.5458524036516412,-0.09674219513213049,0.9240360799650675,-0.643245834938796,-0.03258261834511218,1.1383766550745473,-0.7191023178629263,-0.006458081406193364,0.9653401341394886,-0.7363679982236604,0.008227840649743245,0.794837936835567,-0.7087405441134904,0.01925633740986946,0.9683324101739771,-0.24842088289883343,-0.024887915670475526,1.1195163344241774,-0.4038832185449925,0.037586859907436654,0.9755047801392979,-0.43881869115319516,0.04118784487192451,0.8388941408044626,-0.38210824091154966,0.017964359443710675,0.9444946138455352,0.08886100056699817,-0.004969510380178073,1.097874541226576,-0.10758246935872476,0.038056913336512135,0.9653703193261501,-0.17433460716635,0.06846057683700468,0.8149508811299704,-0.1483159619028202,0.07133941971212795,0.893312364932481,0.36473290824008575,0.019607140100874915,1.258995675335454,0.32452205064218786,0.05242765333928719,1.4628223187137548,0.29947130262932475,0.09805703685413848,1.6188099998126688,0.2930572584758488,0.12594353684810491
unknown,0.0,0.0,0.0,0.18550675877715905,-0.6173345109059444,-0.03844502955959198,0.47602562320077335,-1.001013754639704,-0.07888963738681111,0.7729445497889575,-1.2585621912096356,-0.10580509445753876,0.9303635184639967,-1.5264872539820569,-0.10948864484991176,0.9193057436280452,-0.6294894993654918,-0.05596177403640828,1.1462936992762924,-0.7222672894677251,-0.021584222461118806,0.9849211231533602,-0.7396440049331384,0.005174286425060102,0.8263122482082021,-0.7102855582913984,0.018683722881141368,0.9716389723112603,-0.23271720273874735,-0.041957252476430194,1.1310770071118315,-0.42113251815797315,0.01834693856748093,0.9923527468067057,-0.46649275996756834,0.028596243870903825,0.8615430029543018,-0.4122654579131446,0.00899985026284172,0.9501947946118374,0.0987554138837505,-0.017112966338753255,1.1190608719892652,-0.12653202152968596,0.02123891201243942,0.9994499839034352,-0.2111271176558123,0.05230522492045174,0.8576073400107422,-0.19207079658477702,0.05488761312480539,0.8925856341441488,0.36097981701740306,0.010431008598307822,1.2531378769376038,0.3292640812822437,0.026634242429357458,1.4622845400910016,0.3020052654027334,0.05664088014724663,1.6191291608721643,0.2965835499899499,0.0740381699150424
unknown,0.0,0.0,0.0,0.19666659042207627,-0.6147960017294297,-0.03113223927620196,0.4870389537152551,-0.9883929675579873,-0.06988633827270718,0.780310282909357,-1.2499125920798648,-0.09286027210927056,0.9350833438052615,-1.520871340198615,-0.09135695838855713,0.9220069685640945,-0.6285008310123192,-0.06354233774878561,1.150611558910183,-0.7132089002982214,-0.012126916449651047,0.9859287726643764,-0.7263751602279577,0.03307078538695549,0.8275108260821346,-0.7026135887209857,0.05651392037609299,0.972101059930539,-0.2299760090601764,-0.04615803872215898,1.1247926130726589,-0.41439550284041954,0.02793399856493451,0.9841763906264076,-0.4575133110767883,0.04856098392678224,0.8558230254249167,-0.41174058002544733,0.031819354651720415,0.9480303097208309,0.09765540459060268,-0.014165423075991111,1.112917245026429,-0.12467818960640276,0.0378174511128867,0.9943321291376266,-0.20378705844299386,0.07406457533703477,0.8527558643396298,-0.1923128469931457,0.07472788278239842,0.8899849941776106,0.3520615794850536,0.022171431924588227,1.2465616170121778,0.3221489401668977,0.04421923410120229,1.451401434478825,0.3031428843337897,0.07486681157372893,1.606989614057371,0.2950919250916151,0.0898728294621545
unknown,0.0,0.0,0.0,0.19239907575954998,-0.6213126877071051,-0.02819172009746097,0.4766594405910239,-1.0180071404181255,-0.07107367989617998,0.7697997843677322,-1.2826090598390383,-0.10502378880745167,0.9313679893496628,-1.5446082741772562,-0.11669499679145548,0.917185713089333,-0.6663247358359838,-0.039239421192859274,1.1501338009399185,-0.7238228330245544,-0.0228827091347638,0.9863453112317857,-0.7343281595353873,-0.015767569571335134,0.827269187819465,-0.7059394310151793,-0.01114410425618561,0.9646648120812186,-0.26135183479475527,-0.03342183091516734,1.1350443141914848,-0.4141807822429642,0.017823950619993523,0.9973169414914839,-0.4503099820529247,0.023084081115169432,0.8682649674981145,-0.3895896392679795,0.0030305967336101587,0.9476268374499904,0.07644182434985616,-0.018531315390289592,1.1229177304988156,-0.12040478061954393,0.014547335734230494,1.0017214911465813,-0.18662968103903857,0.046091982293971205,0.861134268641416,-0.15122722642762373,0.05253824013567731,0.9010969516928989,0.341688192890044,-0.00032128701436349646,1.2643776089068717,0.306769990875644,0.025356510603023828,1.4686867832722257,0.2748862431075912,0.06480054291419513,1.6228305143726423,0.2685223385800033,0.08964406867234408
unknown,0.0,0.0,0.0,0.18955561425727702,-0.6351999200227046,-0.019032681637824674,0.47458217501604955,-1.034000968450762,-0.05876563120211354,0.7732637751461168,-1.3086877261661072,-0.08766700385572734,0.9304914379337049,-1.5824378339858296,-0.09372300969637504,0.8993672322556783,-0.6932407253867094,-0.06148521769792596,1.1609511004856705,-0.7536456031070979,-0.027087361440639838,0.9981795527216556,-0.7634076721308619,0.009594998249331611,0.838598887635544,-0.7345755834331271,0.032911925503582455,0.9578450589038783,-0.2824891804965541,-0.05227529087256384,1.1557874104964228,-0.43605548314717696,0.014852113953453457,1.0114642371572027,-0.47689366459759686,0.04328212508088469,0.8840326191056936,-0.4206607226828182,0.0357070920506819,0.9495052463138741,0.06474114238490193,-0.029167242733506626,1.1458508035603951,-0.13804657353308586,0.020220252151923145,1.0192591568991953,-0.20516384233737484,0.06974279213382308,0.8777065730411169,-0.1709745836391232,0.08278707950037797,0.9102094929253196,0.34409725050571177,-0.0013326091310428617,1.2875067079585027,0.31033259002672325,0.03049715766347687,1.4874345359286094,0.28246654837826196,0.07631948275845302,1.640873655914482,0.2782222881946317,0.10407492376633388
unknown,0.0,0.0,0.0,0.18140238981114754,-0.642577563439143,-0.05475114480755643,0.4583354174490936,-1.0782659950938773,-0.1184177646909944,0.7692036455324505,-1.3673703663079637,-0.17123628030727203,0.9800705659746349,-1.6336293947966303,-0.19406380957867195,0.8860363216785752,-0.7329717773799803,-0.09621567149560672,1.1930619151396373,-0.788683893668071,-0.10451297710502158,1.033292095139842,-0.7937178109520747,-0.08343323452662849,0.8638487454973175,-0.7638609405810783,-0.06539359005385237,0.9481127223184979,-0.30479466437257413,-0.09045705250458266,1.1929159842814394,-0.45235142815300844,-0.07977089773320964,1.0502768748858191,-0.4821816734325873,-0.06666254111839742,0.9040365316967562,-0.4326889249273275,-0.07393352077087646,0.9523736244483465,0.056940420505485125,-0.07882299693394021,1.1904567133375088,-0.13427870390437285,-0.0822481485379814,1.06568215277999,-0.1829065172970124,-0.03850715672339821,0.9168912526192793,-0.15318353310000124,-0.017302181125730606,0.9249765321658792,0.3491933989589164,-0.06610643329381725,1.301188693536835,0.31161195563695254,-0.07355354268050372,1.5089957570443997,0.28836115080508906,-0.0453698057327986,1.673739397693285,0.2789348541540939,-0.02421935412256285
unknown,0.0,0.0,0.0,0.15208063915133,-0.6265051711607027,-0.054310489988889245,0.43309866258620944,-1.0771760067331064,-0.09975945990841159,0.7571532487980354,-1.3656768165025945,-0.13618195650103565,1.0018699394635844,-1.5835328434119453,-0.13931296983474722,0.8559872454314558,-0.7245652503678139,-0.05587286357426887,1.1637869727957746,-0.8542376586524512,-0.06780348735498644,1.0102260992689969,-0.8479453198075936,-0.046079082388264234,0.832010374816431,-0.7903220557115622,-0.021469771110410374,0.944165925208522,-0.3258103465503895,-0.048972683772187185,1.1942891723934115,-0.545981458294344,-0.0449627677733919,1.0561604691673159,-0.5634047250239766,-0.028959446751639313,0.909334084821007,-0.5052120117942283,-0.02449425195698293,0.9686945885769251,0.01796308277746668,-0.04268035264427908,1.2962863774736433,-0.2534878371445136,-0.060017976668930294,1.1942447227645872,-0.30962870611925153,-0.015771334482835266,1.0541478887511002,-0.29198294430311456,0.014856808623660012,0.9373029025180357,0.2967585630355309,-0.036099932359552875,1.3223206485472816,0.20058635834154454,-0.06087135166523778,1.536038168070699,0.12233426845049465,-0.04525349612692145,1.7048645257900674,0.05907059339903012,-0.026486193391898012
unknown,0.0,0.0,0.0,0.17236830913562914,-0.6886021880164478,-0.037111733747411293,0.44019745229126284,-1.1386499139425115,-0.09191234023253661,0.8137205419579534,-1.2683673307342271,-0.137005055710931,1.106746275352242,-1.16699554826078,-0.15154352414013023,0.8394482238661841,-0.7232786728477413,-0.06339192065419036,1.2188656278182692,-0.8340313671267737,-0.08546108174452585,1.0956479331315483,-0.8994364099089357,-0.059111203682165755,0.9333566409480274,-0.8649947008639308,-0.038262120078876215,0.9463648133526574,-0.31391420060410413,-0.07649519401293102,1.3026039272051657,-0.5160197218731749,-0.13110111985590034,1.1993884717332504,-0.5831987385922508,-0.13042643989730993,1.0423558535732165,-0.5353135858707304,-0.11251753641518615,0.9779790933162378,0.03839924958909256,-0.09564384109095019,1.4472743858595867,-0.17931430762749132,-0.14458561925231742,1.661124135752794,-0.36242221753450665,-0.17915118327671337,1.8081886496503718,-0.48972078595046165,-0.20620646786330946,0.9387402925991292,0.32464836206578646,-0.10732090056502241,1.2991923415606585,0.31825831162389123,-0.15448171590898419,1.526310465255261,0.2792787003389515,-0.18637235707897298,1.73568113335068,0.22972405902506174,-0.21028253476071207
unknown,0.0,0.0,0.0,0.16009925173480993,-0.6703443116420709,-0.03805705245103079,0.43361648546849574,-1.114546095033322,-0.08765536427602874,0.8084497773233482,-1.2476030345247116,-0.12292814588118545,1.0960457126919414,-1.1341466805872702,-0.1281778444340552,0.835082145203621,-0.733960749920144,-0.06478417830743416,1.1645317742255519,-0.8353578500738977,-0.07171116194845989,1.0444193839576086,-0.8701537232997417,-0.03390937136837645,0.9001599563367982,-0.8318966513816128,-0.006983677737759328,0.9413035199582439,-0.3297151179864857,-0.07235761387288685,1.2666046191675482,-0.522757364192874,-0.12020380053515062,1.1553970103310982,-0.5653265449993969,-0.1139827422087228,0.9909148235810293,-0.5011128499892378,-0.09136249999745077,0.9754900517830382,0.0180923690335827,-0.08398256707917516,1.408840923702763,-0.19874297076767158,-0.13407187697967782,1.618853782660777,-0.37333304872431855,-0.17368218265331736,1.7586701633820496,-0.48850118979126794,-0.20195029457218316,0.9426363219023107,0.29804356773253426,-0.08626595437876178,1.3054400110169126,0.2851500980376978,-0.13429862025301878,1.5387894870019236,0.26633115385569506,-0.1683790063256775,1.750798683439067,0.23912270856007692,-0.19349842348537197
unknown,0.0,0.0,0.0,0.1639464544500884,-0.6552281732985242,-0.019338333081537307,0.4446091985729782,-1.0622306911018506,-0.052829879140464574,0.8110278846899709,-1.2184258748695949,-0.0720444308910012,1.0947293433919787,-1.1605051831370228,-0.05965082421204398,0.854984339669284,-0.6998276265299467,-0.045927556683478574,1.1846924383254158,-0.7923767584931444,-0.01048679259102059,1.0632798158153989,-0.8313891126211311,0.0640971313867515,0.916504901488134,-0.79375234616787,0.11180940108350582,0.9534917687477736,-0.29707221448523446,-0.05100535570977812,1.2654077873561738,-0.4931972143946135,-0.05807664151489157,1.1797020890590442,-0.553718471454866,-0.03335685232292307,1.0465048376912167,-0.510517851174841,-0.006436183953479882,0.9739035430487805,0.05112193258260785,-0.05494389404085076,1.4103521361455182,-0.1833241166120644,-0.07964054389165293,1.6239993529687649,-0.35681717615996145,-0.10764140161582836,1.7721385955398674,-0.4764005648927007,-0.13356904852635387,0.9291073524496912,0.34246515492138785,-0.04773725671019353,1.2843304111203804,0.3318568339185003,-0.08570668335171351,1.5105996921073763,0.30449133195638267,-0.11493108859951735,1.7169257364012853,0.2599117340654508,-0.13790058488298443
unknown,0.0,0.0,0.0,0.14452018047829196,-0.6211218822508591,-0.04474098836881633,0.4034313081933464,-1.0602730713007231,-0.0820526520909262,0.7101669965662777,-1.3570244422160787,-0.1074898506468042,0.9853566490957079,-1.5241377435433097,-0.10589818055044734,0.8355493055687796,-0.7186488068029655,-0.018799842894736376,1.1147943202345492,-0.8380730509855956,0.013004172309395247,1.0219879459487564,-0.8312563762431637,0.06720137038756047,0.9069271193818261,-0.7858049013035869,0.09925979204704716,0.9407290210823869,-0.33872389990644797,-0.01717639442783925,1.201992785694386,-0.5298828499783694,-0.005541564826610215,1.1635029315544958,-0.565644711062258,0.0037960356318804235,1.0881003085499588,-0.5241102679969101,0.004974275386201151,0.9704859053444704,0.004885584283370605,-0.02163350636278465,1.3676690160290665,-0.21025141313558404,-0.04402620432910595,1.583742569466101,-0.3618979477126585,-0.08731119430761393,1.7418843714287733,-0.46562110570983545,-0.129766886846821,0.9306422189436651,0.30872740357295225,-0.018556584618045813,1.2746954425568968,0.3318326471096609,-0.05584297675449894,1.49927546510343,0.3343784050812301,-0.09264399882479767,1.70484530102046,0.3189501302300956,-0.12522488786991615
unknown,0.0,0.0,0.0,0.147759597415118,-0.6236828093875572,-0.02009895838526312,0.39733512239201074,-1.0397273024612914,-0.06959212754551583,0.6568292413787066,-1.3784360894355003,-0.10698478378302467,0.8199202302819374,-1.6837629346954375,-0.1239021330820252,0.8315916138830012,-0.7186107765223005,-0.08208392107528047,1.140262709108711,-0.7875221469437003,-0.04414774911577599,1.0143086113370114,-0.7584767012628146,0.028933372930424084,0.8776125575757826,-0.7170914740902354,0.07427282969525179,0.9391598917140892,-0.3331248448953881,-0.08370505067798326,1.2296398090335539,-0.4937361704243746,-0.07877631520888727,1.1327190215591794,-0.4880708498910876,-0.056230058963178765,1.0080483000862024,-0.4109045632640181,-0.044209236546329765,0.9579584336701144,0.021920547838548268,-0.07939997874443035,1.3937117414412779,-0.18416872245605095,-0.09404652413821475,1.6018576023263764,-0.3169129242530298,-0.13077498376678004,1.7456050277824866,-0.4019565025032026,-0.1737211395216528,0.9143630200229484,0.3247362015218529,-0.061739850279213034,1.2818285019339066,0.3689116151186129,-0.0779955311741785,1.5022363350866916,0.3921418325869319,-0.10418429120589329,1.7101597139398432,0.3926634161313464,-0.13730199089184736
unknown,0.0,0.0,0.0,0.1576017311804928,-0.6202875770589097,-0.010102175899322392,0.3999478033322422,-1.0245178237064594,-0.05779120124953232,0.6427422413712751,-1.3554127931956457,-0.09419964490572559,0.7803094448893564,-1.6584861693292654,-0.11158647281296045,0.852796168646082,-0.701890877049987,-0.07794355485002795,1.1452407816734638,-0.7390715916840138,-0.03287078655653157,1.0234713611062207,-0.7091811623144346,0.04261740998024128,0.8892947105830225,-0.6754362269420354,0.09005198130548821,0.9462406027111981,-0.3127773034144156,-0.08245653551753908,1.2312433103005025,-0.45169161202655267,-0.07690959441948013,1.1433346657523338,-0.44693541471077597,-0.059027122644418964,1.0249324174989936,-0.3779387889694706,-0.045943912034099074,0.9506789172330409,0.04496482822099729,-0.07711078045594556,1.379286003571729,-0.15247864610812153,-0.08706060342136922,1.6070119469717126,-0.29241273028059045,-0.1262425434575211,1.7626602104478781,-0.3867556673839842,-0.16837023526949002,0.8978586525396585,0.34640911407782937,-0.057050849919817376,1.2577611354807998,0.3879627245606531,-0.06173450660637838,1.4764669774765373,0.4076516196309976,-0.07733369399392802,1.6824694342239024,0.40784031825830314,-0.10154632277856025
unknown,0.0,0.0,0.0,0.17515162276303642,-0.6417945876138667,-0.018000646705551283,0.4221504706104767,-1.083297525864599,-0.0686505171671099,0.6783959130306301,-1.4224700309918068,-0.10954004540819849,0.8346035288734956,-1.718513146392079,-0.1276565261431551,0.8576248357833299,-0.711781817824337,-0.07603377288788984,1.198996439923826,-0.760005200703815,-0.06806717878275599,1.0818301387780118,-0.7579264848985081,-0.01820839327394149,0.9297060154766604,-0.724561015525909,0.022137854652578653,0.9490303689315129,-0.3045908185710939,-0.08102957539014684,1.3042467850960824,-0.4632506849469123,-0.09171633304337237,1.2657558644075382,-0.5014545189316492,-0.07798821965892909,1.177066879905304,-0.4611868312660474,-0.06354929421028131,0.9637852383755932,0.06691721070487283,-0.08261633939503944,1.4317432535374786,-0.1372428019484759,-0.10308252974498783,1.6793244489609767,-0.2922381638410112,-0.13964593352235438,1.8479488743711001,-0.40137767927770096,-0.17415835638601612,0.9222441143473742,0.3913814143779192,-0.07216942701568872,1.2977069549373939,0.4382743894177519,-0.08349206685572297,1.5316496741644903,0.44181702448060944,-0.10149883879395123,1.7502479930113017,0.424084776106621,-0.12229284735750613
unknown,0.0,0.0,0.0,0.1664893477739325,-0.6341537500368041,-0.02594007073941168,0.42631557807631043,-1.0421769104353906,-0.06997312424667161,0.7132055843534549,-1.3608311536461375,-0.09873005939121313,0.8874860000089358,-1.6590540871612112,-0.10322115209484646,0.8344309621758452,-0.7057922546442839,-0.10791395030488361,1.1675512719389955,-0.7828599859726919,-0.0659236134222854,1.060078595603226,-0.7759775591734157,0.025338025278428173,0.9298472996599197,-0.7417805536536106,0.0821878307776104,0.9464635681166248,-0.3050242660228442,-0.10567360770396847,1.2543155463634574,-0.47828835603982495,-0.08707238651356988,1.1928984117059604,-0.5203568018250447,-0.045983430277556844,1.0987665885484668,-0.4776874882478669,-0.02930849930526973,0.9717552413132867,0.05504256988262111,-0.0969889234428953,1.4136957883393053,-0.13479411317887396,-0.10610196212969568,1.6097721597650267,-0.25474123320755937,-0.12535775051261266,1.7442724565346173,-0.3276293599390433,-0.15995106076689888,0.9334964224597387,0.36475081330653214,-0.07705678280046324,1.287087145249036,0.44145686890754215,-0.11014326877455363,1.5063509494201668,0.46679967722866994,-0.14309638231224325,1.7091600721279043,0.46299498333253497,-0.17769470832064985
unknown,0.0,0.0,0.0,0.11703778896079337,-0.5847973017879015,0.004528861104216585,0.3302179026045293,-0.9804102910562105,-0.04510534775077507,0.5905222212126492,-1.2872352871919512,-0.08391794762541582,0.729352709812359,-1.6271840536133697,-0.11923537026625687,0.8349925479991137,-0.6890158155812791,-0.16498438303568244,1.356224815630694,-0.8854724414456691,-0.19626820751996474,1.624086831998624,-0.9583891086535095,-0.17378517987152878,1.8259875196935909,-0.9923348133126996,-0.14423139192561982,0.9281299884773871,-0.33055507774401294,-0.1711959843764295,1.4934992460726135,-0.5546825531237913,-0.20906931455964653,1.7905482562095247,-0.6615704309491139,-0.17982683072873215,1.9886625746609299,-0.7195509258022798,-0.14854462470458957,0.9319242431508026,0.013365511549007251,-0.1613213574911897,1.4568414402986913,-0.15992508431911215,-0.17875368213623963,1.7362739133875822,-0.26866107325976823,-0.16092975098174397,1.919990799839994,-0.3714498904749861,-0.14396920138298538,0.8806530808912769,0.33352291989856697,-0.14153823774650837,1.264671373043149,0.31504706569846874,-0.12850807600600012,1.480524696082771,0.26273726577093354,-0.09548758903187021,1.6483640261473604,0.1838424692241554,-0.0650220725968775
unknown,0.0,0.0,0.0,0.07943710555518721,-0.5916804976721571,-0.033383472878317916,0.29483711884454,-1.00922254028771,-0.0949120360200494,0.5567549348965422,-1.3113602082360112,-0.14587929144744677,0.6970883781487551,-1.6375893353353477,-0.1969917278370671,0.8099924449068768,-0.7571948676007927,-0.1866098448422571,1.340245575873428,-0.949558760317746,-0.24084665095131863,1.6111306034897122,-1.021243664149494,-0.2404935178691448,1.8065214340675,-1.065825736862932,-0.22839649819093205,0.8994562096141522,-0.3863149264816727,-0.2043019935389824,1.484754400878769,-0.6038284690640744,-0.24579442974578458,1.7874838628300778,-0.7125574924580586,-0.2375403488082277,1.9773827367754764,-0.7832834985734478,-0.2268762614807058,0.9094408118488561,-0.02947000713034089,-0.2146529018558454,1.452584533017503,-0.22400751735678964,-0.24835886236860438,1.7202950851731176,-0.346534690225249,-0.25813035205125306,1.8896081132259448,-0.46972529888012227,-0.2641067125234677,0.8616308948968263,0.30822499583874013,-0.22041124313564328,1.2762751675633266,0.26851765823911566,-0.2464590257230229,1.4932542489059593,0.19785004839522077,-0.24232623264140685,1.65730252436284,0.09805410761876798,-0.23171701267162176
unknown,0.0,0.0,0.0,0.08739621934968185,-0.5930965771477387,0.0024437202209270335,0.30674855445270216,-1.0187217267727768,-0.039446937567675124,0.5624317857908208,-1.3349081750597487,-0.07435623505134041,0.6964286210319822,-1.6557686173358817,-0.1079580859949066,0.8013666620589001,-0.7730709802359489,-0.14459046529970332,1.3202650421863282,-0.9833083514937143,-0.19029739014549868,1.5846711775048326,-1.0571592333546116,-0.18482514043123538,1.785957386631215,-1.0945459102974544,-0.16608402645993467,0.8862690697223877,-0.4342035471781861,-0.16122783776784388,1.449707541978462,-0.6651543392301149,-0.20115375360947796,1.7537297233286084,-0.7747036298608803,-0.1823741994478385,1.9551443826125356,-0.839233546399077,-0.15843994647924495,0.894089259681325,-0.0822134683424354,-0.1670732106657893,1.415967627937787,-0.2735379420518522,-0.18936729486298143,1.6856050532459816,-0.3654207088531543,-0.17902487084419297,1.865649974360164,-0.4559821418292228,-0.1653047883914431,0.8474902632983159,0.2630649972182603,-0.16528262426123275,1.2546899411529508,0.1956784528248102,-0.15979764983755848,1.4559040590165615,0.1223363742536687,-0.1264556143243287,1.6043486681379324,0.03399653672574105,-0.09407366392011425
unknown,0.0,0.0,0.0,0.08942739519016397,-0.5742122497506381,0.023902767285908715,0.2981716150030426,-1.0064602223464256,-0.018595714695015003,0.5517144064309467,-1.3367411747316063,-0.05872239798478211,0.6903144992805608,-1.6671395960335165,-0.09571847526144388,0.7883098517748414,-0.7786781734248451,-0.13199807283774595,1.3215955036119242,-0.9952461231286135,-0.1682041159607708,1.5798513716427418,-1.0654945355775505,-0.1482523568590623,1.7739029303031246,-1.1000954959693734,-0.11587960088637127,0.8841768984353279,-0.4402113104755612,-0.1563496543094136,1.4615918127306995,-0.6934477462417625,-0.19242612476219537,1.7616434304625916,-0.8081677812155089,-0.15603466122736312,1.9525582417335265,-0.8740765718413053,-0.11468155658905727,0.9056539805103428,-0.09140954677965255,-0.16714646383918816,1.436889699738261,-0.30165345006543703,-0.1769185343649157,1.6997062166329073,-0.38205674123690875,-0.1407451543288375,1.867778233291526,-0.46306137870501257,-0.106262367485404,0.8716312726807487,0.24185049734357605,-0.16897308503728328,1.2947673123309393,0.13677891549934335,-0.1399429993741468,1.4903464215098763,0.061807197923396964,-0.07994132347664021,1.6188368684435137,-0.020243203848284614,-0.026723409330100038
unknown,0.0,0.0,0.0,0.09132026095580514,-0.5932850404142146,0.046652948491837314,0.2928888788484759,-1.0375088524643628,0.025862185824934977,0.5385577003167901,-1.3549070222166733,0.0025411256780212624,0.6825600750683932,-1.6492960755647126,-0.017326335736777537,0.773518341774609,-0.8147059247829767,-0.06353599658524048,1.291740078770802,-1.0016017335121736,-0.09860594660115185,1.5512751206471174,-1.055830266962112,-0.0949522188147296,1.748488269149712,-1.0860234078744249,-0.07454911416884279,0.8716661274626776,-0.4808278134307145,-0.09488295982765836,1.4426618275418779,-0.6999269163160234,-0.11363549592363308,1.739628979576659,-0.8005063729637676,-0.07859660113157499,1.9284540812100681,-0.8668294337413106,-0.04253670146697541,0.8975771502102927,-0.13853729637537085,-0.11624016268061581,1.4107264805586217,-0.34326889969197744,-0.11076251569554058,1.659781820960421,-0.42553472567987144,-0.07274956525090621,1.8137948522721974,-0.513553448897137,-0.04091470131917605,0.8633672742183592,0.2028317974218477,-0.12908651717470912,1.2847067859943122,0.08753704101315724,-0.09090822313223153,1.4716743891813078,0.0025684833575724013,-0.027875241825967796,1.5922192068910888,-0.09408462230474404,0.024972496014774193
unknown,0.0,0.0,0.0,0.2275948769188472,0.38630319128351415,-0.1323745797329843,0.5272395535871671,0.671102958423672,-0.20309857891692346,0.7829075981609647,0.8369208963998679,-0.27166764999145016,1.000459523743325,0.903207389255987,-0.3401741548354664,0.996883249434971,0.206777106478704,-0.10287073629705999,1.3804245273236928,0.25497695913268015,-0.21571819118200827,1.6141255397962246,0.2696983074978479,-0.3116003502024763,1.8168832659230967,0.28248638790929853,-0.38148357995261284,0.9867154513280135,-0.0944608663885047,-0.13217323038984766,1.4206576132926745,-0.1661547671349712,-0.2319763761510666,1.6857824436164304,-0.1949378043847197,-0.32755723877494985,1.9047491088037571,-0.2101281137881654,-0.3988377452951671,0.883362109448983,-0.3572768885302057,-0.18201640187249993,1.2755858802737776,-0.5019327275305384,-0.2853227833673288,1.5209117126596743,-0.5302703732124068,-0.36716162697673077,1.74280256347435,-0.5247802579077544,-0.42599006088394065,0.7068486314968324,-0.5939120857993465,-0.24538122674924415,0.9843705032913488,-0.773093770645799,-0.3475424355289514,1.1866130579334357,-0.8472661083385467,-0.4003681181503576,1.3950748101644794,-0.8777142215379408,-0.4355196977242193
unknown,0.0,0.0,0.0,0.21167614290163378,0.3989744782175864,-0.14240985716672902,0.48241324902893273,0.6769164819831136,-0.20807430571314953,0.7127373947850036,0.8310608940182959,-0.27155153592696624,0.9221851882172553,0.9078977591517055,-0.33157169625254423,1.0014187599431792,0.2357651607051414,-0.058937080875143794,1.3827827239929318,0.2811928568945561,-0.15112997754507515,1.6151835735078028,0.2917162129216763,-0.2431922343011404,1.821509578398037,0.29868818661555463,-0.31510070015992214,0.9954621772003001,-0.053089257344982245,-0.07897204896795251,1.4084019409315858,-0.11502354769796846,-0.15784000675276755,1.671041400902259,-0.13650254670496031,-0.25544278732354464,1.8860099682980265,-0.14649403785826418,-0.33317602638509936,0.89854150884159,-0.3031051096302319,-0.12343498909584158,1.2733378187035918,-0.42403848954919243,-0.21168576626506458,1.5105727550480876,-0.42923228608119435,-0.29798438113224235,1.7239839845271703,-0.40726789650057804,-0.36265209232400736,0.7326322968986027,-0.529014196868067,-0.18431288683996974,1.0014311899194563,-0.6905163261942633,-0.27914545729495877,1.1965299568481624,-0.751394068563688,-0.33592153192303653,1.3938817950879574,-0.7658606273984768,-0.37575767233957913
unknown,0.0,0.0,0.0,-0.2118922486359148,0.041304453308253886,-0.20175427634425983,-0.4012658129438667,-0.05356769954442803,-0.3478145166423411,-0.31436138210506887,-0.1978313984344971,-0.48193288872856876,-0.1552632913491491,-0.38029178324252666,-0.6099385512154277,-0.554702477335967,-0.7250494668362227,-0.30589047103308986,-0.7159292041728672,-1.188564618362766,-0.4824543614589442,-0.8235654016642542,-1.4784953202989775,-0.5830052755377059,-0.9103749916804583,-1.7504749982158576,-0.6501344233848105,-0.34219212397917875,-0.8809277055933292,-0.32691119253505385,-0.4578293167051804,-1.3898275301965641,-0.5035362558986567,-0.5129331704183804,-1.7251429052094673,-0.5963536052185489,-0.5692967919850855,-2.0413875030338495,-0.6475377156640252,-0.11512412937714306,-0.8752707723286596,-0.3610812419278154,-0.10602038188904073,-1.0988493289828958,-0.5886070772614568,-0.09371524053917281,-0.7220296184671302,-0.6086152120807089,-0.09651626283616044,-0.43037332358718355,-0.5706981305084874,0.10098616787950639,-0.7647189177944098,-0.4110220693362617,0.12875886377000575,-0.6915197751486373,-0.614258483895261,0.09506499181078545,-0.3897362776553384,-0.6306297585405567,0.057042929584105125,-0.16087335066052663,-0.6018501834176168
unknown,0.0,0.0,0.0,-0.1780241273595193,0.013696532857682457,-0.21993500630858523,-0.3161211351897749,-0.11462635019853386,-0.3732022652261183,-0.2088661609028698,-0.2954612932080606,-0.5111716608815235,-0.07602727380348688,-0.4793138852423342,-0.6419205448157921,-0.4719930307259479,-0.7653755206926587,-0.3087579038846524,-0.6348215397795544,-1.1959266422001817,-0.49334062138390594,-0.7347678333802521,-1.490737731138387,-0.6093980966236964,-0.8182126219117458,-1.7633824666102382,-0.6889496333948254,-0.267017138995049,-0.9100191274399222,-0.31712305998836066,-0.3679002088280134,-1.4125534981038017,-0.4969908226247488,-0.3992624301349085,-1.7322746783540823,-0.5896713787251951,-0.4388719344348046,-2.0324926522279463,-0.6413964614265902,-0.06336429912799346,-0.8846810042587564,-0.3422922104066432,-0.03638660449833279,-1.1585215750690816,-0.5680338564418129,-0.015233357179467426,-0.8097890618577542,-0.5725591125959155,-0.01770927076125313,-0.5364081748749845,-0.5240505384352399,0.12905988673524724,-0.7594648826641966,-0.3854292037391788,0.1639600665687357,-0.8043101078474363,-0.5843519627593717,0.14256577741232804,-0.5369046236696802,-0.5890606176651195,0.11150327580443757,-0.3245625907741294,-0.5518845402796847
unknown,0.0,0.0,0.0,-0.26634111133077204,0.08028093230311958,-0.20293727372689088,-0.5077747316712337,0.04286774572018346,-0.3526684647058158,-0.6853756919887146,-0.05122882902042353,-0.491138030861765,-0.8702795623952503,-0.1188071245872165,-0.6280834481903146,-0.47588018718448905,-0.7334235662667338,-0.34152587263843126,-0.5964969180056574,-1.1869177526111692,-0.5212676461983823,-0.6709973797213342,-1.4694506703215358,-0.617484689852966,-0.7390997344649325,-1.761892851269146,-0.6770755406270033,-0.2514512079099792,-0.8994555415232695,-0.35742414420922175,-0.2935049123608965,-1.3574808488852708,-0.53682535974311,-0.2846699101069581,-1.6683789220088143,-0.6187715775577892,-0.2799579357178112,-1.9592225146667785,-0.6571480865287874,-0.027774466046841785,-0.8914196993493865,-0.38449852403931317,0.07386512878170907,-0.967204099344998,-0.6231022717476948,0.11972010565502002,-0.5848929420403512,-0.6394858577774353,0.14011189307604613,-0.28535444481065925,-0.5902185303727289,0.1830836730559382,-0.7663879475994507,-0.4249496182575544,0.275932641068648,-0.739123195799274,-0.6291095128896441,0.2636490907960444,-0.44070628441587334,-0.6358146281796773,0.23025757911354447,-0.1783273232286939,-0.5943822468945068
unknown,0.0,0.0,0.0,-0.26472561175818676,-0.3545829363920951,-0.060743662363026106,-0.3930162011601787,-0.6946270525202135,-0.12476237819226867,-0.468735552486842,-0.9261366648638186,-0.19122392151824297,-0.44503607504502307,-1.0524469744795668,-0.234500171440646,0.07973114797695321,-1.1336944737928414,-0.06405772812508921,-0.2743875937985815,-1.2313495493350408,-0.19588754362942323,-0.3180809767488748,-0.9819274545916208,-0.264110943744385,-0.24133768236607187,-0.8881693247954419,-0.3003135490970016,0.18110497070107517,-0.9782089735763363,-0.10152927460635815,-0.27376542928240616,-0.9973480849270793,-0.22676420446318568,-0.3005411276421701,-0.7474409014860208,-0.2328788839073185,-0.20131367268636385,-0.6952118206237589,-0.21931190458010563,0.21336543188546675,-0.7628216068257889,-0.15801579065489524,-0.23597881636118795,-0.7630132468051029,-0.2739268366431662,-0.2588732728065696,-0.5493506398683806,-0.22095791233993142,-0.1628379543395294,-0.5093564408521214,-0.16573099663459656,0.18909901950484417,-0.5164609607519084,-0.2247117269764019,-0.18319224947576906,-0.5081147734861501,-0.29956019769915354,-0.21013776215053617,-0.3775246374157103,-0.2729179819083145,-0.13159504821196708,-0.3442391685086273,-0.23282804607947274
unknown,0.0,0.0,0.0,-0.26140277256120104,-0.33248202521876397,-0.06948743953443083,-0.38224539845773464,-0.644918566741692,-0.13681437417183792,-0.4623474482101334,-0.8664906891949269,-0.20255387348262252,-0.44801644215625347,-1.0285041122671597,-0.24540528325332828,0.07262233665728507,-1.1254391356571243,-0.09477546063998372,-0.2829451464415009,-1.2191728355252773,-0.2110163238056189,-0.331827678639095,-0.9681686724370011,-0.26294389703038323,-0.26030793965768817,-0.8551617547075854,-0.28962240461773264,0.16796716098809034,-0.9779620244843634,-0.1240052881777479,-0.2954137915845009,-0.9853727758723679,-0.23401883680795862,-0.326467221974474,-0.7266145005299658,-0.23479335640061233,-0.24040630166007793,-0.6485730107932302,-0.22260422661197574,0.19652046628273542,-0.7655989220564212,-0.16865419339866303,-0.26321999250731304,-0.7452662733893789,-0.2726851987816355,-0.2827774800009341,-0.5091748162508268,-0.2211645851729173,-0.19666602286300772,-0.439349245314488,-0.1721743661111208,0.17344527369499302,-0.5169303761743769,-0.22338134542927715,-0.1940920666270533,-0.49669669545341494,-0.29929434984294195,-0.22070615292503265,-0.35836609130809016,-0.27769209509101106,-0.1522009881097354,-0.3062478863414412,-0.24241196350648989
unknown,0.0,0.0,0.0,-0.23515328920629444,-0.3295235638577423,-0.06905230297096357,-0.3825249589891223,-0.6606374679203617,-0.14067767873750245,-0.4628887381928859,-0.8881881411100842,-0.21289637830770627,-0.4446531542649132,-0.9653059486123763,-0.2672758989295211,0.11543788637402173,-1.1571216745158934,-0.1329506237165453,-0.21450682793493053,-1.3201619571329057,-0.26074077030962267,-0.32258942689411757,-1.100080146496811,-0.31990194119896964,-0.2849934615976374,-0.9945711486522048,-0.3509341498781621,0.23517707080261535,-0.9570152517422532,-0.16974555458513055,-0.25454206435950016,-0.9134361250732104,-0.2861279666930303,-0.30646910786072307,-0.6506667814337761,-0.28757976108297734,-0.20480465729044084,-0.566087894445743,-0.2750819376764409,0.27479476004814485,-0.672647029931525,-0.21854144465257364,-0.21814036759098915,-0.6065059425056356,-0.32104576391656114,-0.26019920166613647,-0.38446279876205797,-0.2667884482703862,-0.1701323870325624,-0.31156889102812974,-0.21571541630613522,0.25945995434777375,-0.3570384384083532,-0.27751140790422846,-0.13331242243057725,-0.33495701002807543,-0.35294113644403685,-0.18040632490496103,-0.1920936102532546,-0.3193350023557683,-0.11581075297815595,-0.12014375982782236,-0.2727023367354839
unknown,0.0,0.0,0.0,-0.10490615019300964,-0.5663388565663596,-0.010146724079808928,-0.31763795800100686,-0.9489336178602188,-0.0441638822363539,-0.5358159421035519,-1.245573515066675,-0.07702170513370249,-0.6496384028995152,-1.5048760971313182,-0.117873173600355,-0.8133814662104656,-0.7517031539201368,-0.10958518250322101,-1.2788061570551161,-0.8709907739753315,-0.14427590812494623,-1.5416954917048364,-0.9027906253172708,-0.16228052466373538,-1.7455817820679835,-0.9136717332202801,-0.179047847887378,-0.8949527163831907,-0.4243461598223259,-0.13780410763976939,-1.3932322035816564,-0.4552636055829848,-0.16714058680985128,-1.6731283400182453,-0.43260278217487325,-0.18633934669231264,-1.861062894517003,-0.40881458830364054,-0.20660565651702112,-0.9024624739405108,-0.09592176692052172,-0.15829472174701728,-1.3677143835333596,-0.14216547799583557,-0.1855681788658662,-1.6275652951829722,-0.14977800956577392,-0.20949372718219816,-1.811467662434905,-0.14921118065853328,-0.23313123621434198,-0.8528639772721298,0.20427241837408414,-0.17475165233872728,-1.2190107855865575,0.25121982915932556,-0.20641031032391943,-1.4114166746425276,0.290206002195345,-0.21038940270216658,-1.5601477797515304,0.30912996250465546,-0.20809749687930254
unknown,0.0,0.0,0.0,-0.08645948784617137,-0.5552079972372038,-0.03596058661194234,-0.29292129925004046,-0.9427155408788833,-0.07576488592002024,-0.5342728145495769,-1.23062455684324,-0.10586619497437932,-0.6639799009155576,-1.5085335411242442,-0.13902706984885296,-0.8125776364545431,-0.7471769774148062,-0.10946221095889494,-1.2799374954759044,-0.8654000357520618,-0.134635188251876,-1.5379784432380852,-0.898945422120263,-0.14768925174130765,-1.7439327954235087,-0.9151519302524767,-0.16035976023326481,-0.9004455726245758,-0.41915572728318906,-0.11621638019875055,-1.3994001729571175,-0.46133605817435314,-0.13930547098841237,-1.6732794840714478,-0.4428620162582339,-0.15113163620860662,-1.862190348355795,-0.4171754460248037,-0.1638392810471506,-0.9116345746979145,-0.09152363448424287,-0.11746181423262725,-1.3765241834596438,-0.13532642594026906,-0.14384457709595855,-1.623103269614202,-0.13637972568712367,-0.16077071960751327,-1.7956934535151776,-0.12218131311703485,-0.17461081046223198,-0.8682185113777262,0.1969024360260502,-0.11678888116240359,-1.250338460823,0.18939718949034448,-0.13717379003740085,-1.4077076617469715,0.21582004928390297,-0.12725452155751046,-1.5141475364654995,0.23811643241698655,-0.11353254280756364
unknown,0.0,0.0,0.0,-0.08785462202575445,-0.5742461532778196,-0.03400179664209903,-0.312460429251647,-0.9793109330067163,-0.07576212035813636,-0.5554349445766908,-1.2838037615362994,-0.11294704735544958,-0.6801561071402878,-1.5472481228523263,-0.15225346135254528,-0.8290854318172611,-0.7272457928565962,-0.1025107992271707,-1.2927805546847801,-0.8394055127463274,-0.13477980568339767,-1.5626818729453837,-0.8838776865405694,-0.15171012475427667,-1.764398633564799,-0.8984316152026045,-0.1671290600801066,-0.9172053322139336,-0.38111437298289325,-0.11613015656660294,-1.4150430516962516,-0.42502725462831464,-0.13755991006118634,-1.685783123188196,-0.40023192825462195,-0.14869249078913876,-1.8691189662436896,-0.3752654227182913,-0.1618579782333256,-0.9330184390103589,-0.05615761820282178,-0.12553610777696197,-1.390242915533407,-0.10065285431940776,-0.14100550734891,-1.6294186223878777,-0.10796546042132038,-0.15122689510441634,-1.7956997547421496,-0.10883886880014025,-0.1662954249577354,-0.8955786702679477,0.2335290760540672,-0.1352181902158126,-1.2482443736964393,0.3009041091826077,-0.15899337880956982,-1.434274931956284,0.34632307147221836,-0.16085680212216213,-1.5806915117851543,0.36381886450425754,-0.15617297703164282
unknown,0.0,0.0,0.0,-0.10013302901647043,-0.5670889175582509,-0.06793121077819526,-0.31092346780437263,-0.965853639886318,-0.12946299892313382,-0.5453125240455535,-1.2696250359205903,-0.1791696823658766,-0.673839801139881,-1.5504118876211048,-0.23174782258434612,-0.8370488163298192,-0.7075711909733128,-0.15323828186775343,-1.3007293548003473,-0.8329881116340719,-0.20424418802941524,-1.5656228045031662,-0.8754259340316406,-0.23539854261313078,-1.7689843796028715,-0.8937593429311397,-0.2598748363023869,-0.920789626836495,-0.3575613340368304,-0.1558728825425078,-1.4079455405614218,-0.41706141008259384,-0.1920927430148793,-1.6919450522963095,-0.40696208915642246,-0.21998289277211366,-1.883147212509689,-0.3886749589601763,-0.24773293312646322,-0.9257686116712435,-0.025978449465119055,-0.15591411523226062,-1.377466990234345,-0.08646622370476299,-0.1879754003545192,-1.6353234990171397,-0.09259513370946848,-0.22379150114854499,-1.814539034937317,-0.0916630202624298,-0.25728744179131063,-0.876699478672515,0.2640137141903043,-0.15742079827257222,-1.2252858882119344,0.31773549171144105,-0.1966377078099499,-1.4166585125075402,0.35955685159991857,-0.2149568904097058,-1.5656978187599335,0.3737063136047904,-0.22359407783531376
unknown,0.0,0.0,0.0,-0.07758058268201033,-0.5438062632269157,-0.01020247827147686,-0.25729657443953685,-0.9592143837436077,-0.03590482299644104,-0.46921742282116,-1.2785393607636053,-0.059405554020272866,-0.6017033892303253,-1.5366445769989763,-0.06788371230980077,-0.76303672223255,-0.806897058212437,-0.047336571586691016,-1.115416675419765,-0.7770815289635316,-0.055326113735064145,-1.0362950259590267,-0.6880468140855273,-0.041223567104301945,-0.8858469874757264,-0.6184571459773517,-0.021733056017988552,-0.8596087687000592,-0.5067305016245781,-0.06555122803785822,-1.295404654310057,-0.5755073453069409,-0.06339439970198996,-1.5378527180498358,-0.59476858872605,-0.06191276112420595,-1.704772011480368,-0.6013206785872969,-0.06958309453781723,-0.881844675323011,-0.20130812191629466,-0.082246442488207,-1.2810638103239338,-0.3090682388395018,-0.0889826188990785,-1.5171814635913239,-0.35013492654628015,-0.09904099440054405,-1.6883352051383755,-0.3750510856962579,-0.11302611877771843,-0.8375708398960876,0.07804183382130087,-0.09590972946386225,-1.182877849605572,-0.0038893811432971887,-0.09598215576838498,-1.360350673668821,-0.017394163870393973,-0.07372135668785314,-1.4990420363876857,-0.03344152088772603,-0.0579373819134872
unknown,0.0,0.0,0.0,-0.08910071010667893,-0.5360868401361262,-0.01207627250881337,-0.2645740096531788,-0.9474770648374254,-0.040540446955898195,-0.47494770323661234,-1.2612196612321585,-0.0650058375256683,-0.6108147210654715,-1.511658912630021,-0.0725109731465914,-0.7575902059076565,-0.8105740082491363,-0.05610917736555332,-1.1192339338750152,-0.7715005464649167,-0.061400834247397576,-1.0421967076356136,-0.6925459027562355,-0.03982395387197839,-0.8930547404620881,-0.6418008849455153,-0.015304491802585626,-0.8601656154675474,-0.5048519351674396,-0.07238534053955087,-1.2968673111317908,-0.5579219019727435,-0.071510716733573,-1.534955902027287,-0.5701570263698224,-0.06801252268371943,-1.699386152781412,-0.5746644260047027,-0.07252867787871371,-0.8892240359106096,-0.19716930501806404,-0.08564554669699824,-1.2891495681383707,-0.27753103392559914,-0.08998381558589354,-1.5163357728681879,-0.3195274329673203,-0.09237779797705138,-1.6810156825747515,-0.35751965120017,-0.10050811357584098,-0.8514152757039314,0.08472502392648583,-0.09603211492190987,-1.195714590455281,0.02359414780113352,-0.09076871103502793,-1.3681613488683362,0.010086405251275262,-0.061585296187095656,-1.5007866438701392,-0.021614545059693176,-0.039830715946660995
unknown,0.0,0.0,0.0,-0.08645527918528607,-0.5389260822964279,-0.012564541019834001,-0.2598978422501339,-0.9513686854521596,-0.04525327339881507,-0.4786622488456484,-1.2554546476898696,-0.07612059049651887,-0.6155257255411343,-1.513230608787802,-0.0919145015711228,-0.760079877846446,-0.8089471840936873,-0.05792260142290996,-1.1332283641458125,-0.7566052873268452,-0.07165377474375723,-1.0544441896532142,-0.6637751003454816,-0.05898542381796619,-0.8993178047490342,-0.6079732043937096,-0.040510130626838094,-0.8628357623356591,-0.4995396694580564,-0.07729531597954577,-1.3052930883224385,-0.5441419054201055,-0.0789531840038899,-1.549259740805158,-0.5531836691379232,-0.08011298521504592,-1.720721124873561,-0.5616607713648204,-0.09055057366764177,-0.8908241425153278,-0.18620789642562124,-0.09465354696310536,-1.2981100985157699,-0.26338262354315584,-0.10118204737478508,-1.5331055120649153,-0.3019206544942258,-0.10656180588055546,-1.7059916357401257,-0.3411266443213476,-0.11912126100982215,-0.8525328904069878,0.1037703296615801,-0.10939950201240221,-1.2017860975103976,0.04479215492125949,-0.10661927373635308,-1.3785274602533333,0.03449414677081191,-0.07935325871384828,-1.5163341625114823,0.006130676646702821,-0.060918424630265366
unknown,0.0,0.0,0.0,-0.04838693856580737,-0.5198585604279623,0.019982558508656826,-0.2302231681376664,-0.923363270392107,6.057793420726603e-06,-0.46476594187716486,-1.2134363571312425,-0.020858446590934176,-0.6102445200893761,-1.4529254664936544,-0.028266906293043702,-0.7364444396760752,-0.8447729019967886,-0.034229575821965466,-1.1085389761123812,-0.798578090743646,-0.021158788635362222,-1.0407202087081455,-0.6423115779531431,0.021153070983871987,-0.9153168656053212,-0.5823801056365195,0.048125198986198124,-0.8406856216843458,-0.5378577166484896,-0.06290279910208947,-1.250560202218139,-0.5214731869229514,-0.07074509829801566,-1.2816563825205445,-0.4038688461601,-0.035055118009555145,-1.2619272367065604,-0.3696845898872273,-0.00530588397802417,-0.8835871020284602,-0.21837434993703048,-0.08847285140730872,-1.2911038207388197,-0.232760927862176,-0.09877737462570947,-1.5074941538239852,-0.19586575299620265,-0.08853640819354991,-1.6726953672594749,-0.20601999007914912,-0.08859797325302919,-0.8626444734836639,0.056179087652405875,-0.10548295466742119,-1.2034181571277762,0.11251442948174618,-0.11801824041438455,-1.3827522638926721,0.17573751939405427,-0.10648954767319081,-1.5449900734586623,0.20086680042522095,-0.09628927243294126
unknown,0.0,0.0,0.0,-0.04082750653822596,-0.5286302914176285,-0.0006340902919950557,-0.23651233165809715,-0.9428167192694173,-0.028873590636035215,-0.47016990500544004,-1.2293190839103263,-0.054031548483234125,-0.6212127582832038,-1.4610715876464009,-0.06548621853285758,-0.7510646436249412,-0.8406935353743015,-0.0407923841093052,-1.1158280966828584,-0.7896166313756668,-0.04189737770602573,-1.0287102674658122,-0.6367194830203164,-0.01998533098922392,-0.8959624121962967,-0.5876275672935877,-0.00836773292493002,-0.84729092326976,-0.5271778665281484,-0.06466520229232552,-1.2582636419034008,-0.5192597715357421,-0.10298520393092254,-1.208898386142212,-0.40519375702211946,-0.08623983956764164,-1.1244948314364516,-0.36916637926897256,-0.05747909022487449,-0.8894095374009938,-0.19856986600004084,-0.08812248897772848,-1.302160275467453,-0.231099265452971,-0.11678699012583348,-1.529890263540223,-0.2103828003339499,-0.12364273330688258,-1.7100834482855662,-0.22545760000203235,-0.1296209081182376,-0.8755622063924484,0.08053296418863912,-0.10353011229876553,-1.214846861835912,0.1221450852697634,-0.12094691579396698,-1.3939105408953345,0.18082701258451717,-0.11273379343825238,-1.562753226633706,0.2125510778417911,-0.1048055165011014
unknown,0.0,0.0,0.0,-0.035173284836053025,-0.5484381284027948,0.00030375351363048274,-0.23760785161289116,-0.9698709413030177,-0.027004224881400366,-0.4773950191297014,-1.2627507013529717,-0.05011516588843213,-0.619602374997799,-1.5056646681970818,-0.0591967119998557,-0.7438448810840417,-0.8532686400866827,-0.056674996051767686,-1.1228192938326074,-0.8172015051453466,-0.05340436421548728,-1.0262410612815642,-0.6827012802057314,-0.021499859984873793,-0.8781394731079323,-0.6339830395909026,-0.0011915461119597864,-0.8438494041847808,-0.5310422079133493,-0.0768918491877091,-1.2538452587677624,-0.5390123039251783,-0.1034466556979124,-1.2080252979330792,-0.4476682902177315,-0.07886453522036774,-1.1270614118804396,-0.42179229483833613,-0.04757096425842334,-0.8859957139078509,-0.2006778444310356,-0.09504950150100239,-1.3127987939607244,-0.26752877012487075,-0.1126223382521532,-1.5409527329574264,-0.2713963796583984,-0.11537276519175568,-1.722324201119873,-0.30058700656748416,-0.12189828708089309,-0.8705376438018361,0.0879445398167998,-0.10463449932151375,-1.21726063166021,0.1112553830513044,-0.1177544269478575,-1.3999655350760567,0.15689618086216908,-0.10864563433061411,-1.5721364618147076,0.18035058569382376,-0.10073755184283581
unknown,0.0,0.0,0.0,-0.050494693139157026,-0.5491802047088132,0.011257400509138947,-0.25617058467908077,-0.9567695931945214,-0.01373828782413798,-0.4876154550822552,-1.249783221375797,-0.03616177085029592,-0.6290557938445732,-1.4813837225774567,-0.04766620360375995,-0.7255322305226607,-0.8805214957238238,-0.07380750753699797,-1.1164820641739972,-0.8205371029913767,-0.07060060695965593,-1.0329485214214478,-0.660240587072773,-0.03325264372424079,-0.8983994548663778,-0.6133965183590124,-0.011990275676912587,-0.8257543420770223,-0.554353468646101,-0.1040288341806272,-1.2500189006865274,-0.5477583415785754,-0.1440521956265375,-1.1970598814600968,-0.43430108459188066,-0.11728820030014182,-1.103951666301545,-0.40303841870513046,-0.08233642457576862,-0.8711590263123712,-0.21682496587203035,-0.1294446591058691,-1.3147463109177713,-0.2727361604878296,-0.16005265069737223,-1.5329571810747675,-0.2583846875914534,-0.16336273970470702,-1.7056250285088728,-0.28028362436198034,-0.1681627015850688,-0.8604036669804062,0.08136982803100345,-0.14402382363954358,-1.2154493952581578,0.12390364509399955,-0.17301123367323598,-1.397466084388469,0.1734998251758236,-0.17102996142103286,-1.5701852361623247,0.18902305254615226,-0.16660032411359368
unknown,0.0,0.0,0.0,-0.0761608238142247,-0.5343613722818287,0.03352615039957514,-0.2655923764669609,-0.934205860343839,0.02042823566211149,-0.4808794759095458,-1.2282334689357346,0.0017495259279626065,-0.5882191240467437,-1.4577830740524576,-0.008112727869972924,-0.7041075802641298,-0.888568668166993,-0.0868259078867548,-1.0828416686953817,-0.8556266494601922,-0.08538224629108558,-0.9680684965103254,-0.7343833951591138,-0.0457934707443638,-0.8085117956110408,-0.6844178879315475,-0.017893177687318622,-0.7960873728012172,-0.5923670111183521,-0.12387985714056167,-1.1553106751972473,-0.5885517202010102,-0.12222690316505586,-1.0294582468707345,-0.48855549081366845,-0.07504110090423867,-0.8944536636495454,-0.45623997022229,-0.054037477138528564,-0.8362327068451783,-0.2773549764064153,-0.1492587507081827,-1.2318560497283986,-0.33082035166253865,-0.15641791010165956,-1.1238166453685965,-0.25794092585397027,-0.09195053122585922,-0.9841233259046779,-0.22439023444655085,-0.061211085715423,-0.8297008879266649,0.03509585053456125,-0.16787561664659212,-1.213435766051267,0.07695014187706262,-0.20173690775510178,-1.3796690630185693,0.10552297750895873,-0.18982332166113894,-1.5031219079144469,0.09996492621988143,-0.18071808075832044
unknown,0.0,0.0,0.0,-0.06196520253385073,-0.5219841644529554,0.016317153347371514,-0.23819558656367676,-0.9370609996093731,-6.163154376809656e-05,-0.45737623019474616,-1.219835597866927,-0.020042497476850836,-0.5643661654268771,-1.459563288675618,-0.03194083415514161,-0.7027152006921435,-0.8873450615674339,-0.07067914408105556,-1.0502468188207503,-0.7827267833360877,-0.06131824192793062,-0.9263172913725506,-0.6525140487682268,-0.03676748087095439,-0.7782066040928137,-0.6245649393087719,-0.020731456211259415,-0.8019692491244991,-0.5897052344884103,-0.09535753706790139,-1.0822367078707003,-0.5005296587106226,-0.06924347513518811,-0.9562713225835364,-0.39673052858163366,-0.0371226870796457,-0.8330660506290773,-0.3907554756094912,-0.03460424478900788,-0.8468450059123734,-0.2718801588713224,-0.10907790439305969,-1.1472170819049243,-0.2416275176248985,-0.09555234117165937,-1.0317376041259718,-0.15724440254077326,-0.04671647379521763,-0.8942227461970285,-0.14405224559677118,-0.032037331161909516,-0.8551450923492753,0.03896630587348062,-0.11796620844454345,-1.20207499260706,0.0454720992392489,-0.12231145343808904,-1.3635551159701333,0.10037202597502631,-0.09785928744700187,-1.4859491383977501,0.12590153846841853,-0.0829226149129757
unknown,0.0,0.0,0.0,-0.05784838042488648,-0.5149076631552923,0.01083100331912032,-0.24298986616426446,-0.9413089809358682,-0.004080069506973681,-0.4558697673766001,-1.2318318234288135,-0.021440371444345182,-0.5700348566803425,-1.4615069729205263,-0.03050240845039076,-0.7212232263080487,-0.8778336163928032,-0.05818225305426942,-1.0492161325000784,-0.7924141579767514,-0.056218141738764826,-0.9260187798300078,-0.6797205603357127,-0.04607062521469253,-0.7771008530765606,-0.653236570876822,-0.03882892997541492,-0.8122687886977331,-0.5779603382801811,-0.07862100408018115,-1.0767922713223828,-0.5074612002245685,-0.051126945612912714,-0.9546254578975117,-0.41642454929841144,-0.028131278415304793,-0.8369389102655588,-0.41520840957209176,-0.0323158568975706,-0.8487062228083216,-0.2653103318486986,-0.09043585818068192,-1.1323670183490313,-0.2414399316189061,-0.07816224936401013,-1.0258425738664554,-0.17066508828428523,-0.04202014156728755,-0.8920456404299164,-0.16441232139396025,-0.03518665117988951,-0.8509191262328913,0.03764818295156436,-0.09783004877673342,-1.181096551187885,0.07146817720066631,-0.10117023858526088,-1.3413379775968168,0.13283933617058227,-0.08257208984099636,-1.4614936607342692,0.1597990437565406,-0.07182227252621753
unknown,0.0,0.0,0.0,-0.06282074441205417,-0.5167983293386871,0.016584032304511213,-0.24001163166890008,-0.9305813902266288,0.007663042521080985,-0.45509534698556114,-1.206514362410802,-0.00487518060246702,-0.5690502342828396,-1.429800459575458,-0.008952410075228085,-0.7333065838011018,-0.8582965509903185,-0.037453673874076755,-1.0368114178598604,-0.7657514066082488,-0.022095376463703926,-0.9168794758571389,-0.6594529290663231,-0.0026151515817107607,-0.772271721444817,-0.6316949181531972,0.008382834397216129,-0.8244569121356464,-0.5627255061108917,-0.06008997257442793,-1.0726045368346004,-0.49356810089621395,-0.026859206369837543,-0.9544071654182785,-0.4024815578965538,-0.003534039993911042,-0.838873265647227,-0.3937835379616758,-0.007478581876387356,-0.8564860454814374,-0.25359053146396987,-0.07354490182864284,-1.135121650035189,-0.23919630755836974,-0.06135598400969376,-1.0282843599790266,-0.16509553889014394,-0.0262787720262155,-0.8933604777523145,-0.15207074707226798,-0.019566126573823582,-0.8472862041874171,0.04557245220575511,-0.08201039140313252,-1.1694120168940196,0.08958867241448146,-0.09040082066272993,-1.3268798928208931,0.1559707646909197,-0.07460278377727134,-1.4501083867654596,0.18546757685041204,-0.06516082533889944
unknown,0.0,0.0,0.0,-0.07307538654504823,-0.5215479754604688,0.0368196715133297,-0.2408670836989529,-0.9310849925549,0.04232975454112271,-0.46060079825148686,-1.1943058656248577,0.0410087132003177,-0.573218404562171,-1.4158243341127623,0.04266910160842412,-0.7312763167053025,-0.8403446007619085,0.009390421516634119,-1.015916180000244,-0.7237456784116526,0.053916652698778406,-0.906576415591185,-0.5925767347758915,0.08571072268211483,-0.7677505386270344,-0.5562722015675019,0.10443562797507343,-0.8232369128339314,-0.5674794286502366,-0.015750663683128854,-1.0539270994557812,-0.4583479970762608,0.05711834989369473,-0.9465330341930304,-0.34291260821272074,0.08710454221134147,-0.827256009439451,-0.339709463887198,0.08507729101482332,-0.8560344380221044,-0.26466128413283346,-0.02871871138735943,-1.109015914164434,-0.2250150058941301,0.015765852384452012,-1.0096467649424035,-0.1265968474892409,0.05728868627388192,-0.8793861740565,-0.11413034017123128,0.06664661537224194,-0.8515289436161263,0.03553899099781441,-0.03519733295587067,-1.1749451606327062,0.020576159770927017,-0.007292418887363533,-1.2262956423130682,0.059325635318505404,0.048157663206686185,-1.2200076608056762,0.05831052548372696,0.08706494682892232
unknown,0.0,0.0,0.0,-0.07222216450155217,-0.48855273615986333,0.03232328273320368,-0.23758001644746368,-0.9153069243099865,0.038507229367168674,-0.4601132779153252,-1.1961965583829306,0.04589575554832196,-0.5974375111095754,-1.4226537165022468,0.04991399482808165,-0.709823610864824,-0.8434870823099075,0.013514835678216727,-0.8929100835988337,-0.6681561084983371,0.10695860624075719,-0.7717536730379597,-0.5415412207035676,0.15940466813110932,-0.6530989091200211,-0.5124282053174902,0.18271352865851562,-0.8123447628839489,-0.5831772832984163,0.0004924019697357502,-0.8879520848992214,-0.4184571791270256,0.11507221881628749,-0.7567246095908727,-0.3183798032559224,0.1328541673187366,-0.6334201698863713,-0.3030990084847348,0.11518159192016482,-0.850522557174081,-0.28500419428867313,0.007232540675974586,-0.9098540955774364,-0.18828202821661116,0.09736913618167685,-0.7823758396808299,-0.09773910946518984,0.11798653910585,-0.6523330575980114,-0.07591287396539809,0.10196651004304812,-0.8653699093986483,0.010950206022879369,0.01907619490212045,-1.0120626616636283,-0.01167577200699323,0.08072835147516974,-0.9144077468411309,0.04032582343375947,0.1396611043513612,-0.8032536598321156,0.06163985709458952,0.1779768606224621
unknown,0.0,0.0,0.0,-0.06980677383136696,-0.49751331837659535,0.02021063205751162,-0.2397212912892631,-0.9381816140595615,0.02195470857163226,-0.47031962654468396,-1.2185343192650668,0.02720488095549392,-0.609221264742708,-1.4509252485857582,0.029873437169703462,-0.7223382704140476,-0.8424666362493275,0.007633840636692253,-0.918125116267919,-0.6605854033401435,0.09653215553594421,-0.7924465930637746,-0.5451905674913885,0.14782942468636437,-0.6699714469818582,-0.5297543707444716,0.1714649966766284,-0.8181044221037818,-0.575064262326345,0.0024997458458662536,-0.9061976161685007,-0.4140287900324208,0.1115169515318331,-0.7737817015910876,-0.3148426071748275,0.1277380882562307,-0.6490045928075284,-0.30187633118879714,0.111361295403885,-0.8511325826056124,-0.27659945128123764,0.015528228816650535,-0.9209862209371532,-0.1831193175896389,0.1026202715796492,-0.7948079174656376,-0.09249371676380164,0.12019437161057432,-0.6630971250804953,-0.07424069422022869,0.10393348759529653,-0.866060811264438,0.017030667097659224,0.03292653478803346,-1.0022646702696958,-0.0028004501552160543,0.09311860863729005,-0.8976348794470814,0.05455932789894341,0.14729217975247488,-0.7852848355613455,0.07345875734146598,0.18337261976390404
unknown,0.0,0.0,0.0,-0.08043346586413162,-0.5090427753411843,0.038999922737080334,-0.2557333701521378,-0.9399072367806968,0.05182742679692333,-0.49043496888076515,-1.21342795633846,0.06551068192911293,-0.6284681635925696,-1.4504161842940329,0.07721797401673344,-0.7374193842875282,-0.8341802797184902,0.041719509205408435,-0.9293614907872206,-0.6785711291478281,0.14361589473496525,-0.806016320716573,-0.5646074774800943,0.19916829433000746,-0.6818957535108408,-0.5424673182708281,0.22443862224997846,-0.8307777167862205,-0.5556892785386841,0.03190315044993402,-0.9388478974721359,-0.42281619922549474,0.15780956732039342,-0.8140186606200742,-0.3280368622732104,0.18012760810862982,-0.6897087986320245,-0.30966772246885654,0.16561146873535731,-0.8601151740798842,-0.25074724209900123,0.04071336862980524,-0.9608182734911118,-0.17313228499254052,0.1425040708608345,-0.8412361457104045,-0.09402086423680313,0.16526446423405913,-0.711431884086857,-0.07580458320313614,0.14979346958853623,-0.8629207469754377,0.046582255082316934,0.05557431610278725,-1.0309459536040444,0.025361188876489072,0.128513531735218,-0.9482587371625156,0.0662492930524459,0.18828132454861682,-0.8526813653164411,0.07799527145271114,0.22585154178974715
unknown,0.0,0.0,0.0,-0.0901991583971568,-0.4952888583527663,0.04347275860959514,-0.2592037356887165,-0.9251087044410936,0.05221127583231314,-0.49147879152188995,-1.2017612626178025,0.06154912057610467,-0.6263765648400795,-1.4273064939308833,0.06930468362733351,-0.7432471505531044,-0.8215231388167464,0.017737356599775638,-0.9516608339567559,-0.651021208885429,0.11470188098632225,-0.8227712347479421,-0.5290325449825256,0.17303723928030762,-0.6947855908992211,-0.5092020309336799,0.19954475205835956,-0.8365451732564082,-0.5478937510783151,0.0021472379326647672,-0.9582930027261887,-0.38824429618894346,0.12325848638802735,-0.8305100265434114,-0.28799000702842736,0.15258874077112472,-0.7062920183151272,-0.2853411480973189,0.14114818567720433,-0.8666705863909212,-0.2457976054114475,0.007207131042563551,-0.9819424323256758,-0.15250821820574567,0.10520050816988508,-0.8634344070117939,-0.06839314100799712,0.1372700876499417,-0.7347826571258208,-0.05878385778749766,0.12669802640512814,-0.8693259485980016,0.05256246151510915,0.018635836481354313,-1.0499779997663004,0.03986891970662902,0.08367047355478255,-0.9481174014407271,0.08746628993382129,0.1481883817083325,-0.8323461892001964,0.09557768745915557,0.1903367929278058
unknown,0.0,0.0,0.0,-0.09235540444532579,-0.5118060585155332,0.018508395421797115,-0.2696673859696136,-0.9312782600326215,0.009159465448969712,-0.506760038227783,-1.2074658163680103,0.000772776775867567,-0.649311199611617,-1.4377504548412126,-0.0077771874336680005,-0.7604519511940014,-0.8220632843088469,-0.023726642643129757,-0.9841094438454491,-0.6495092620021385,0.03762909850651593,-0.8527630636651832,-0.5475922324161488,0.07891191524048725,-0.7196273747898865,-0.5345921571156388,0.09677517040354142,-0.8496887435925266,-0.5257981869764801,-0.03956394298348074,-0.9961556637322659,-0.3852435380192995,0.04069638913272321,-0.8669070036837001,-0.2960895618181299,0.06381135836148608,-0.740283214436992,-0.2914862436208423,0.054252470862037376,-0.8741039597674168,-0.20987975040441695,-0.0391778777586045,-1.0229578581894094,-0.14408886554760866,0.017068746424675988,-0.9034824888581912,-0.06591516356558612,0.05068519512843853,-0.7718731862957823,-0.0511886807028592,0.05071251032625223,-0.8669952611555205,0.09522034427657385,-0.03399238060233683,-1.0754108734269279,0.08496876553376335,-0.00577526263932034,-0.9627127202672057,0.13413024502198725,0.051347646488961764,-0.8351951472768965,0.14228062121744012,0.09482209975189702
unknown,0.0,0.0,0.0,-0.2981249858528277,-0.08212200479855129,-0.12879795425013482,-0.6012563965954801,-0.2928797168703553,-0.2253438235615947,-0.8435411779135343,-0.4021885322087929,-0.32949171557665524,-1.0661715999368317,-0.4350949655756972,-0.43345132702162076,-0.3550100674835777,-0.9484865696519789,-0.15840113082027596,-0.4456751797576464,-1.3922441524953264,-0.2675889995289549,-0.4967792164949371,-1.6653287657929652,-0.33943724238419465,-0.5406661604253699,-1.91397827712729,-0.3891994921436219,-0.16491596700397088,-0.9678573344913949,-0.18988128896328152,-0.19916069945282291,-1.4244454605394843,-0.31739086652123677,-0.23088238890388293,-1.69344919174276,-0.3864175551357796,-0.2552197420357461,-1.9435696738225456,-0.4253251437585263,0.022819350632669926,-0.8900310135281329,-0.23470963574418932,0.013483372025203957,-1.1298234628816155,-0.4129516246010128,-0.019834589186857387,-0.7980523464903113,-0.41074692339900537,-0.04567064073988935,-0.5437067282058348,-0.360428365209238,0.2021115910162835,-0.7528881745611354,-0.2901840718733047,0.23944164160829348,-1.0008469508854225,-0.42518690023612865,0.20644851538189765,-0.8710768657908075,-0.4047285260916548,0.16974286396816854,-0.7402499701701645,-0.3583504128286227
unknown,0.0,0.0,0.0,-0.3006897319490808,-0.06598840714651555,-0.14972888166050052,-0.6011554898171919,-0.27323096244694084,-0.2498064683098509,-0.851913631432287,-0.39338138794202376,-0.35312798904707066,-1.0824779668629145,-0.4335664483232705,-0.4545011225054667,-0.3644458873103804,-0.936110643704225,-0.1671982830600012,-0.4596559454890316,-1.3783939681958701,-0.2778064286827941,-0.5153190778375035,-1.6478111013853671,-0.3510734709707424,-0.5651991158169268,-1.896907898709351,-0.40335448149038894,-0.17685731886007963,-0.966407056830967,-0.18649098979021023,-0.21792085922920415,-1.4062538359161074,-0.3191723819561516,-0.24816101759066359,-1.6647829724913765,-0.39298309694278327,-0.2730804853038944,-1.9057581840114912,-0.4359771946167507,0.008340334984038389,-0.8957845110013722,-0.22124332894190354,0.013189217090006746,-1.1430553796590375,-0.4098125459611464,-0.01015302723499628,-0.8065721164512988,-0.4138551387919602,-0.03747908425681049,-0.5470763732279881,-0.36675827484629636,0.18633441809488688,-0.7652741521996042,-0.26791479888074904,0.23157683412403096,-1.0150763111316183,-0.4193300510954754,0.2076845819081243,-0.859938556571352,-0.40877052657822166,0.17433769753085138,-0.70304070709485,-0.36728128741639887
unknown,0.0,0.0,0.0,-0.30264975563853413,-0.07221200562815594,-0.14556490888577608,-0.6045012298776431,-0.26824886527358616,-0.24907282177033194,-0.8577030707422859,-0.379875300855923,-0.3574394135388972,-1.085702175818311,-0.41593836856111843,-0.4635958210306057,-0.36665959734117165,-0.9325329061342041,-0.16915593339962737,-0.46550296988092443,-1.3739130967152582,-0.2830672568857678,-0.524828729704827,-1.638013876469385,-0.3600583686180132,-0.5772213350713928,-1.8839067075485298,-0.41565916149547644,-0.18271606898918002,-0.9643911031759342,-0.19121882294440992,-0.23429983230453919,-1.3951126529768951,-0.32706630815395377,-0.2747119841639223,-1.6418510287003238,-0.40237498686958373,-0.30755890058802443,-1.871726986661009,-0.446967425580088,0.002629256042739061,-0.8945249472468048,-0.22835931517880673,0.0008851903698245091,-1.165432326762328,-0.41689467119120355,-0.023017719622461918,-0.8372225044289924,-0.42207519026639295,-0.050080168877274706,-0.5745185007170608,-0.3769037768063707,0.1848236980840839,-0.759506494842796,-0.2774365467470281,0.22704379890338822,-1.0238122551167492,-0.43309233054938334,0.2007991942226124,-0.9061614005066101,-0.4301267350599444,0.16432339547073957,-0.7718908499992652,-0.3938797215757663
unknown,0.0,0.0,0.0,-0.2997530086472493,-0.06913222856175504,-0.13676604308810397,-0.5785646352647101,-0.2424173532244363,-0.23769522087108788,-0.8258981433832601,-0.34187953888795347,-0.33349391230157893,-1.059556229146485,-0.3560169304376478,-0.43564786464484767,-0.3296214327861758,-0.9309707900502001,-0.18755339423861297,-0.42937222923250207,-1.363447940848183,-0.28658070068601404,-0.49055195693178716,-1.6344580027138933,-0.36403040322305236,-0.5432338943512633,-1.8665785468128364,-0.4262835004230039,-0.1385787183205108,-0.9664964392129805,-0.21605687171963353,-0.1784991384481221,-1.4535004378334873,-0.30552689054933635,-0.2071290140160818,-1.7823342109621054,-0.3875040438722324,-0.2334138833505641,-2.021809269736888,-0.4542413176898818,0.039169752904125915,-0.8622360556621084,-0.2568077676298519,0.07048838515425349,-1.2574377453686472,-0.39196983333077756,0.06372156160084512,-1.3359360394552282,-0.47378113142449585,0.029166265862007604,-1.3338117663778895,-0.5200420460274633,0.19818452264558895,-0.6657559768656606,-0.30457725812325237,0.27141017342857676,-0.8937148721314734,-0.44845994117148824,0.2819772716124565,-0.8998217646204416,-0.49840880078495525,0.2616345737397527,-0.8447351444936544,-0.5212080492943474
unknown,0.0,0.0,0.0,-0.3106809472163901,-0.0647561154313086,-0.139610917494453,-0.5970269802211574,-0.22715737935510277,-0.24307676658540497,-0.85034860785626,-0.3164378420394879,-0.33795738765297934,-1.0836972198971977,-0.33279434452195217,-0.44018321316962034,-0.3494140072444992,-0.9228302930568353,-0.18716037470790925,-0.4524304820045726,-1.3511951944198966,-0.2892066224635353,-0.5089236833828262,-1.6233430975011092,-0.37030711419332313,-0.5589333008031689,-1.860305135988733,-0.43444748404947825,-0.15250823798143281,-0.964201128815801,-0.21692722405943785,-0.18556712580882942,-1.4752688979080417,-0.2959546454227492,-0.19844310482108357,-1.7988420511756187,-0.36695001322847354,-0.21234491490325824,-2.0620421533323006,-0.4257834799254124,0.02551878253027943,-0.8630100195548006,-0.26126101570852467,0.050934911401223616,-1.2427632981777443,-0.3699152400221409,0.04132956263820207,-1.4459007795335486,-0.4442030652082709,0.009087670944896233,-1.6205873229762744,-0.49796417119187153,0.18383488940276171,-0.6635952325871916,-0.315156788477181,0.2558794146468724,-0.8771730496876204,-0.4240283581030238,0.2633791287275158,-0.9101336933771309,-0.45235124351322015,0.23843640607934785,-0.9219737876105605,-0.47050996150714947
unknown,0.0,0.0,0.0,-0.30386242870496477,-0.052392177124314994,-0.14742371534767149,-0.5952525634628771,-0.21816117460078338,-0.2500503295224465,-0.8471849211188514,-0.31329174799396553,-0.3410060627920795,-1.0777946603703126,-0.3399230494288896,-0.4392683979605816,-0.34487561724111604,-0.9154678170486862,-0.19453915610539824,-0.44779643074779457,-1.3453976695795031,-0.289257652689779,-0.503601056463342,-1.6164322865895913,-0.36667281227251786,-0.5561686546082631,-1.8560222462245934,-0.42935913168083395,-0.1439120304721126,-0.9651777048198434,-0.2184521128396176,-0.1769057714690455,-1.4725641992589131,-0.2882707776194445,-0.1897563279775655,-1.7957188974615546,-0.3556596283652251,-0.2104697186692316,-2.0596494904547864,-0.41536869008350474,0.0355287329400025,-0.8734374326746107,-0.2568696019828076,0.05871331013337539,-1.2588803034526013,-0.36132539336293235,0.047674089914782725,-1.467988136282497,-0.4375217020317043,0.008809545222209506,-1.6414499958710431,-0.4959974994856266,0.19814419481457018,-0.6853959418483825,-0.305458060784558,0.2657238247088884,-0.9230675197009229,-0.4159605602554851,0.2544307889053704,-0.8971688383199936,-0.44174621987664503,0.2064418903253514,-0.8365505051191527,-0.45947965037507643
unknown,0.0,0.0,0.0,-0.30496161875176286,-0.08018856727770375,-0.1398792633077864,-0.5803802435366561,-0.2318568423241532,-0.24707902586490302,-0.8282050996415933,-0.31791896999503344,-0.343614789610459,-1.0578982693273309,-0.33557667805539776,-0.44882564297828564,-0.35291314364037063,-0.909992165362747,-0.19578166802789113,-0.45475215096179933,-1.3382292983903952,-0.3030834045004552,-0.5071707290340922,-1.612226159519527,-0.3895304360257549,-0.5486423783558525,-1.8470070969051677,-0.45856465545195285,-0.15961602644935732,-0.9614609010891786,-0.22386527148555846,-0.1796849387033482,-1.4531727359539663,-0.3084705799584055,-0.1899622980254502,-1.7744368103592394,-0.3874836294799743,-0.19867407168706655,-2.038395958367228,-0.45360798176648714,0.00813408575229446,-0.8731970453745802,-0.266107114212833,0.04969041692189004,-1.3044340414328317,-0.37307935858667146,0.06758091435342918,-1.5881154889492184,-0.4629479267467118,0.06455413826592284,-1.8314880340545066,-0.5346252826339881,0.1572901897865445,-0.6841878466891388,-0.31715115504450353,0.2666653673030822,-0.88301431141816,-0.4342215383519585,0.2886672198732492,-0.9605739701565877,-0.4830031681963204,0.2731863838486352,-1.020066225255043,-0.5184476641377372
unknown,0.0,0.0,0.0,-0.29915336947148,-0.07362482593508139,-0.15014874901811928,-0.5758024780512045,-0.2175601188824383,-0.26449887527496374,-0.8241676040995007,-0.29796475741595274,-0.3659283052455254,-1.0572259633263539,-0.31089360543782235,-0.4760799837489218,-0.35022721671192214,-0.9074233311499006,-0.2115249680997618,-0.44971772760870804,-1.3422934810480385,-0.31890757474951387,-0.5015961978259558,-1.6180018077012885,-0.4078446381781232,-0.5454339957832965,-1.8581288831142968,-0.47904791019104925,-0.15436465167887747,-0.9594225034972756,-0.23596612912678547,-0.18037587388525356,-1.455348827305581,-0.32124277020518605,-0.19447093025792184,-1.7800448515775615,-0.4034304570760887,-0.20977075019417768,-2.0512220723674703,-0.47387343592330977,0.017120251199557603,-0.8700296375643222,-0.27413494313614023,0.05637814142511703,-1.3020248190277437,-0.3860422731984679,0.07650587289433662,-1.5908012787508665,-0.4798568749710969,0.07050827956798061,-1.8330332603755917,-0.5546766954124713,0.170567740361597,-0.6833362662898428,-0.32129183258182054,0.2703111178791965,-0.9127439505147654,-0.44362543869536697,0.2863625907927057,-0.9503081901316892,-0.4883493986943979,0.2621794414233373,-0.9567722667983647,-0.5209921175004606
unknown,0.0,0.0,0.0,-0.2918633992046528,-0.101574657838954,-0.12684617962082714,-0.5673621018172943,-0.259869739871368,-0.2218010683831701,-0.8071856390374577,-0.360468870359128,-0.3089192610847245,-1.0215223978290209,-0.38767550384162525,-0.40170280468205616,-0.3605112555707604,-0.8985684890588392,-0.1744113772428144,-0.4771134733843605,-1.3071802849959506,-0.271585607416215,-0.544668659019093,-1.5580707010958932,-0.3465110849128672,-0.5941430476034357,-1.7912450999589444,-0.4082081003130772,-0.182842627533167,-0.9625985266788653,-0.1999316132892585,-0.24219927839343572,-1.4324162369223508,-0.28562366460079214,-0.2662081645904503,-1.7344205483164346,-0.36274524673401454,-0.2705920303179938,-1.9929569896014119,-0.42626495138760373,-0.009491283729253437,-0.8969808792026538,-0.23815696253457674,0.06864401833513299,-1.3190277860017794,-0.3449851964352351,0.11930752903795142,-1.6076717447023976,-0.42801801375297654,0.15928095538014828,-1.8630533245262604,-0.4896035176662834,0.14568464721720106,-0.7338498781422542,-0.28455375089003276,0.2880073461715717,-0.9724886318876523,-0.39128480334335075,0.3700953195270518,-1.1572437669425495,-0.44236624224511983,0.43749481460094547,-1.3398249077567086,-0.4789656639010987
unknown,0.0,0.0,0.0,-0.2886453547952557,-0.10664497499228184,-0.1213154933374001,-0.5558611778835313,-0.27327927796468576,-0.21343380273880322,-0.785971845200118,-0.3742568267267982,-0.2979118803703475,-0.9992248380229134,-0.38028142284251254,-0.38980305204766186,-0.3518001008860195,-0.8971578384316748,-0.18045736962149553,-0.45548585723399043,-1.3088483841535776,-0.2770127294077587,-0.518669044630455,-1.556804647945987,-0.34969461014346864,-0.5688237990259554,-1.787751357365034,-0.41029947742865597,-0.17406972013602062,-0.9622120338165377,-0.2093985064665205,-0.2200626185827804,-1.42584268729238,-0.2982164875811852,-0.24294827899906996,-1.7258329812901125,-0.3773965245742598,-0.2504342952298055,-1.9829278334596165,-0.4423672976409481,-0.006039478194278696,-0.8946794762814215,-0.2493803886942559,0.09379644978551797,-1.3056877613793623,-0.3616867130679601,0.1535461763007537,-1.5918860063893499,-0.4496878747649764,0.20048507887492198,-1.8448955626365056,-0.5144240483987402,0.13942870586173448,-0.723638093776822,-0.29610982601263064,0.3032231775311995,-0.9472224735736464,-0.410132467435878,0.39525725850183896,-1.1264870312672035,-0.4660451807061477,0.4709949673752068,-1.3045848340013138,-0.505519398028856
unknown,0.0,0.0,0.0,0.30079522700366423,-0.23246724096225826,-0.01781086061676322,0.46531248465234415,-0.5457059450872623,-0.030101862496051887,0.40060946491107396,-0.7573644020817136,-0.03946995661866899,0.24302647209171557,-0.7196502003426107,-0.0484372512490354,0.11795171386553348,-1.0209716142420537,-0.018937608982231197,0.14116538490633307,-0.9699620982484783,-0.034214423754139744,0.16426836148634275,-0.7921020541717606,-0.07985763616744433,0.16282267851847146,-0.6865714123363049,-0.11844299527153243,-0.09448360084772786,-0.9950908500107193,-0.02944570250124062,-0.052938128502808664,-0.916603818826359,0.0006491814775216497,-0.01671308891858074,-0.7582175702103668,-0.019084106875909664,-0.013641816754981235,-0.6525156736179376,-0.051881261082661306,-0.26568711449373916,-0.88311597153008,-0.035710941045719216,-0.22015708522555713,-0.8100412117973269,-0.014342306220560014,-0.16954908621400516,-0.6713124360238921,-0.017224425376875855,-0.14853665993155862,-0.5648931328459027,-0.03431836271943617,-0.41015824860787,-0.7401772569252411,-0.04405103523224816,-0.37067049533767443,-0.6905204760456873,-0.02956808823257925,-0.3149335050877993,-0.5622759519873872,-0.00233995619598221,-0.28896223316106945,-0.46762043088492555,0.017297986713605433
unknown,0.0,0.0,0.0,0.3040286412503118,-0.22121302695825884,-0.012868937616054956,0.47221368976502387,-0.5214075850827106,-0.020964104519017628,0.4152785277826874,-0.7314995131344748,-0.02430819691830232,0.2649295329254806,-0.732315018658534,-0.026349100159017695,0.11913131820897306,-1.0182418068905659,-0.021709038524401723,0.150680964622346,-0.9734587502502942,-0.032181280449501186,0.16457540824689895,-0.7926946184464359,-0.07147817694721757,0.15529389129146867,-0.6825767823454844,-0.10510143980454044,-0.09765253908147246,-0.9948094359936703,-0.02860363034471445,-0.0491049229496561,-0.9146131413905977,0.0055066258532967104,-0.01592046516088727,-0.7493699932861427,-0.008819671436939404,-0.01672300486246955,-0.6387210055609686,-0.038884872641105385,-0.2709725003943308,-0.8855768525997567,-0.029929362988807842,-0.2193365594777347,-0.8143037264446947,-0.009891678094555227,-0.17229007262060494,-0.6718348219721051,-0.012233681300411277,-0.15673220339174176,-0.5601038587161069,-0.028479515428208865,-0.41943630937314114,-0.7477667022722853,-0.031662298255641964,-0.3686941160127918,-0.7178822698525297,-0.024389214097569164,-0.3126254286497681,-0.5901622119959825,-0.0003152061152280334,-0.2889990175130472,-0.49245177381069116,0.019283797682831113
unknown,0.0,0.0,0.0,0.29746937902923914,-0.22737735495186173,-0.005553906332118728,0.4699850991318499,-0.5241304311367445,-0.013498650532190262,0.4089675128692728,-0.7301068955456279,-0.0201120083539877,0.2535468078365035,-0.7240635379856492,-0.026861113084571498,0.12568070631365008,-1.0070716579658894,-0.01241494606083345,0.12791489965412522,-0.9606404599054347,-0.02512987766218291,0.1461374201699113,-0.7872208551511019,-0.06401028016190316,0.15501733699354114,-0.6805194880772281,-0.09666477804986696,-0.0923130813771438,-0.9953923400886596,-0.02593037407133096,-0.07005464202268755,-0.8973094393002256,0.006642865152350246,-0.035090109432544384,-0.7291448112878018,-0.005928317531570119,-0.01927168033812923,-0.6253395461515162,-0.032836640472616564,-0.27079202265902097,-0.8906428982656568,-0.034121764022471926,-0.23762026178151835,-0.7961415116990044,-0.016221878829093428,-0.18739355402453048,-0.6475767202652806,-0.015795916471630204,-0.15633779651818425,-0.5472352270707356,-0.02896690529286605,-0.4244121214167895,-0.7536446070111767,-0.042414053693365886,-0.3904909286883791,-0.6886593745247822,-0.03470344879956053,-0.33724500444242933,-0.5537253785298816,-0.007715666258077022,-0.3084903698235778,-0.465661316087604,0.014716202851088902
unknown,0.0,0.0,0.0,0.20976086109806624,-0.2791036882054729,0.018212033916294456,0.2610828304716124,-0.5710415834940131,0.020799973210582162,0.13648696535197705,-0.7666361755622967,0.021037846292899606,0.020240305436089453,-0.874546304092171,0.019040801557644624,0.10847105422167524,-1.0105625900751807,-0.013908185708130072,0.07484457508877125,-1.4485264651877963,-0.0009288088688351073,0.05985975224461922,-1.701923717773931,0.006138460327479242,0.04440272043280777,-1.8961801295007308,0.006945169568047909,-0.096362969489155,-0.995138116864101,-0.020354519778241178,-0.07317993468357482,-1.267738825487184,0.016439887988736475,-0.026222565920870574,-1.1588676719504767,0.04726654767995253,0.0008089391940190566,-1.0284881756619337,0.06334969067068423,-0.24647297782112235,-0.884087503705258,-0.017706209135574875,-0.19557667391217617,-1.0238027963539498,0.02741307536309579,-0.14604214986739178,-0.914113089002873,0.06529156401025717,-0.12662498704174796,-0.7947851617788106,0.07951112999446751,-0.3674533086608443,-0.7476949364439931,-0.014651754190188163,-0.33474087400351615,-0.8846495219675533,0.03234351311153896,-0.2623947891212316,-0.8262503179597853,0.08149782603857128,-0.21506529084815068,-0.7435575904959767,0.11691171635740905
unknown,0.0,0.0,0.0,0.1775707428704848,-0.3966517245380538,0.03229495453979592,0.12497254218703639,-0.7557086695712166,0.03723131836813071,-0.0787273505259705,-0.8941985329893027,0.032455264272728025,-0.25909556506739123,-0.9227224605488281,0.022653095151939726,0.10065938281925492,-1.0233868486036686,-0.01367122189878368,0.12776432609026142,-1.5168425594958115,-0.026435020553781954,0.1427868581683275,-1.8035128774471307,-0.032918825126959164,0.1490675187854272,-2.024722449302832,-0.030822978706567476,-0.10613169788927951,-0.9939374074822234,-0.028713981100771703,-0.16345142830491186,-1.4052194356369987,-0.00793776275016323,-0.19908961571724842,-1.6378923620479846,-0.006631784185852657,-0.23078071984891912,-1.811785166805884,-0.011361182144822311,-0.2763715907125215,-0.8896050917859686,-0.03411378246476437,-0.3004383559830661,-1.0588639584344322,-0.005129841583485887,-0.24210028763647173,-0.9510411734493437,0.0014745672160758783,-0.20828605357367108,-0.8188601819762032,0.007592992702001939,-0.4093320338727655,-0.7510674511191108,-0.037290379402180926,-0.3718337189082516,-0.8648642122863265,0.005655045378618007,-0.3041790870511801,-0.790372201108611,0.04450847233332772,-0.2593378639718762,-0.6825102842816714,0.07702830199475268
unknown,0.0,0.0,0.0,0.18696224522813817,-0.38264673426774126,-0.0018065304923300803,0.15651166819273138,-0.7433414285315094,-0.014058655609566324,-0.04135117722047411,-0.9100563536790242,-0.031615080925912815,-0.2147448172324054,-0.9699847081420673,-0.04964521793103134,0.11075759809100034,-1.0253869453460562,-0.04622517942448319,0.15656620252188838,-1.5210046752856459,-0.08777930484557202,0.1725041502942347,-1.81714836046166,-0.10916736416090969,0.1773686124550373,-2.0357623303325094,-0.11370752836086509,-0.10169538495096109,-0.9931137614119306,-0.058164470030448674,-0.17485840888699025,-1.4429467892010712,-0.07737344415568388,-0.2171016284958875,-1.7091611062918342,-0.08967201591449835,-0.25260927830145985,-1.9041108902841566,-0.09471724632302649,-0.26845927496422956,-0.8870080576285082,-0.06429392920029271,-0.26688520536988153,-1.09194992308824,-0.07554609451078573,-0.19071188646438705,-0.987379534716318,-0.0653842966995915,-0.15101692842345918,-0.859264703929039,-0.04437042120284982,-0.39425419218307306,-0.7460045602821711,-0.07109190165021277,-0.3436414614449178,-0.8756440316760942,-0.055329384723163864,-0.27627996188729076,-0.798654554321046,-0.013564939539547015,-0.24004990626611977,-0.6964623268223187,0.028741117830273773
unknown,0.0,0.0,0.0,0.16579196385385042,-0.3280578739164123,-0.047631860150093214,0.11248522674623808,-0.6884072690086915,-0.06520604939532401,-0.08593012488670708,-0.9063348526806845,-0.08034043380799796,-0.24114785341558168,-1.0383766527240217,-0.0928917883821487,0.08303547213454496,-1.02915967559471,-0.06170558709183651,0.11551313421660649,-1.50290629549596,-0.11480811913815948,0.13059539744346557,-1.7935161294356217,-0.14320641434750697,0.13487294318110293,-2.0000443146835902,-0.1517494389960464,-0.11233742255273371,-0.9918414261753806,-0.06025685700893726,-0.20713187300081295,-1.4741302046849734,-0.1075082446724183,-0.2585143842642403,-1.7679201382255025,-0.13120374675673302,-0.29878248206424385,-1.9775776153828213,-0.13561066446569653,-0.26893896784329296,-0.864048996695294,-0.06020693700862135,-0.33893834105480497,-1.1485498985621783,-0.13213505751584326,-0.2642175476370378,-1.0438989869038287,-0.14214877719176097,-0.20684989031289291,-0.9178372521520572,-0.1173189717433215,-0.3722868931582805,-0.6978713562740181,-0.0607849214101393,-0.36917215072422827,-0.8799656607832957,-0.11532179644660026,-0.2931375165926387,-0.8001578627244024,-0.10095805790261692,-0.2381478901755477,-0.7008094265080221,-0.06469632700377974
unknown,0.0,0.0,0.0,0.1431555880599637,-0.3573133399925181,-0.014961701635256267,0.0849680741348012,-0.7072432051325646,-0.022831070801390956,-0.11382838720372536,-0.8337048582494198,-0.022797250465960584,-0.2924954031339796,-0.8897679336854878,-0.0351451519247205,0.04569777033043381,-1.0321724509626529,-0.1018505476007219,0.08154180897235647,-1.5018351498500966,-0.1335814033429058,0.08972720377258181,-1.7647213703949056,-0.14303391365761203,0.09050094755966778,-1.9808906360476282,-0.14609028416394737,-0.14559986999788765,-0.9824485714243093,-0.11659966707899268,-0.2593190745790256,-1.4913109135881961,-0.15556766874549308,-0.32563981338192716,-1.8039179319037755,-0.18249495686212452,-0.37669567689058564,-2.047622790821529,-0.19111409669036303,-0.284513184867319,-0.8466333134707948,-0.12376750074869787,-0.44366600827263103,-1.1965552540656534,-0.19146559704627092,-0.5318981145197824,-1.4428364706744614,-0.27277326047253175,-0.5981900167832506,-1.6299922153846294,-0.3196323894097059,-0.3533173880815731,-0.674617412341907,-0.1225521561778657,-0.34783910596800016,-0.8098854364249533,-0.18465163008971716,-0.2725317127958853,-0.726483120343507,-0.20259535936259923,-0.19829347284535687,-0.6122375938861464,-0.20380851642877018
unknown,0.0,0.0,0.0,0.17522259239207744,-0.3246785260180622,-0.017250133339807853,0.13815275926155746,-0.6601991143153094,-0.025505099344978525,-0.07773608183752309,-0.7909635171030428,-0.025249039926412038,-0.26256420592395624,-0.8482440287411468,-0.03592650328588065,0.06557255294658712,-1.0271938899288482,-0.08710888372110816,0.09648538641997498,-1.4816654437668542,-0.10911283876917782,0.10322551286092216,-1.7338706880114516,-0.11319143202070214,0.09817893319027118,-1.9395331452396931,-0.1133779975608012,-0.13747585793025272,-0.9853040450573591,-0.1013722214413139,-0.22795169708501037,-1.4889212224321584,-0.12771634144564414,-0.2848411580813988,-1.7960757646216337,-0.15019159443497657,-0.33379319646038574,-2.034821882204231,-0.15810934595477247,-0.2855406946483045,-0.850655004693157,-0.10907801688440957,-0.4332271995713118,-1.2023699184076893,-0.16702020496320574,-0.5157237948162242,-1.4450662079631618,-0.24660076208840712,-0.5787523628549365,-1.6219905389250862,-0.29537648815008805,-0.363350502681785,-0.673184841192741,-0.1089823358572547,-0.3444673268487789,-0.8188906552138285,-0.1647737790900017,-0.2597031121439955,-0.7285795143447769,-0.18027155902508546,-0.18236670389508358,-0.6026599142703374,-0.18141537945743252
unknown,0.0,0.0,0.0,0.19481046748572062,-0.33836316654654025,-0.010299400899168872,0.1705772240814696,-0.6618393547290077,-0.023787838638637974,-0.034023117478805466,-0.7645252958232678,-0.02868643418958616,-0.22446810292860642,-0.7941910866330167,-0.04954403644415154,0.07700469084195088,-1.0074818300457324,-0.11233774231835278,0.10496815612645952,-1.4784701479011173,-0.13488028964320292,0.11098037842399916,-1.7334884697142983,-0.13527983555233944,0.1019684834252133,-1.9427633387916259,-0.13230402534722757,-0.1397299781511396,-0.9818499412244376,-0.12824284043739215,-0.21147724736023446,-1.4919363755116486,-0.151332400946534,-0.2624051526570096,-1.8035125957511597,-0.17022669587616138,-0.3116803084744761,-2.0435319102133573,-0.17490177334393994,-0.2991379980835817,-0.8628541248633887,-0.13408561084416998,-0.43732167575446956,-1.2317411126596567,-0.18257245924296542,-0.518226992721136,-1.513472124018428,-0.27020949501793406,-0.5781163585110954,-1.7187770463527023,-0.3297116418430782,-0.38438089714689894,-0.6980938235045762,-0.1308649250182438,-0.3450891980595299,-0.804986216980923,-0.18367841015289985,-0.25960507182899506,-0.6976920643791035,-0.20530150693108257,-0.17878173776079576,-0.5578189380780224,-0.21215526114682168
unknown,0.0,0.0,0.0,0.16775292850245765,-0.29464664740337104,0.014418328942978672,0.19455867067135238,-0.6297127707966917,0.007863665945020845,0.11221373577022038,-0.8577912876951156,-0.005763317959319433,0.01354714558844199,-0.983149289306774,-0.028993568628061017,0.08305709395495744,-0.9844475504457678,-0.04636343890534619,0.02703775399825038,-1.4268832203851989,-0.09485213463836425,-0.022867404184669777,-1.6809562756376042,-0.12909404701283192,-0.06601218158171678,-1.8727006511947508,-0.15567258039509288,-0.08729424139810886,-0.9921294872433687,-0.0897707968157751,-0.20317744945860775,-1.4724634937996066,-0.13971370534401206,-0.2591394146488496,-1.7640801672221325,-0.18028071457811368,-0.29671360477482384,-1.97427785909137,-0.20972764601357843,-0.2353161133513562,-0.9178944965217896,-0.13051053890918124,-0.35225698544621914,-1.3954816337842664,-0.18902226541924907,-0.3952719367293668,-1.6885800000809084,-0.24061204830311234,-0.42415636249935684,-1.9125053377162995,-0.275762206895171,-0.3493947384286537,-0.791847160124717,-0.16427616481559046,-0.4307944554618151,-1.1342635355343214,-0.22707377591076144,-0.47246884742047274,-1.3308374425285248,-0.25319198934300396,-0.5005071000835799,-1.4969641942559138,-0.266633023023029
unknown,0.0,0.0,0.0,0.1725116599631685,-0.32313297774427785,0.01602569551038119,0.181141267925828,-0.6693560103271218,0.010700776014203236,0.07388510684206866,-0.8982737119711068,-0.0036363981136661515,-0.04948142129166512,-1.0209579928583408,-0.027593706201052965,0.09433802175400685,-0.9872941566035957,-0.05271396088437994,0.08128011211651485,-1.4472401966288893,-0.11399997317175685,0.06600878727480523,-1.7228289905648628,-0.156081200347664,0.05064183011727384,-1.9334239608592254,-0.18474296730526016,-0.08561677491288958,-0.9915709178395106,-0.09724650507049527,-0.18076294228081882,-1.4772237650813504,-0.15347038558050133,-0.22663009257716285,-1.7830054676600238,-0.19707648842301653,-0.2557607468810423,-2.011258156892448,-0.2266707492777176,-0.24135221469086748,-0.9116235628979976,-0.1390247958679456,-0.36110510237202187,-1.3765336557476395,-0.20072819789362498,-0.40793845432953657,-1.6602791505900112,-0.25221950044701563,-0.43894140021438366,-1.880019512809729,-0.28503278708846014,-0.35873867546248944,-0.7807981344919939,-0.17457436214584038,-0.45464128393952313,-1.109230193437367,-0.24003838676444664,-0.5125122865901808,-1.2927828669883008,-0.2678979982641664,-0.5547681084239983,-1.4482503261010637,-0.2801067507369124
unknown,0.0,0.0,0.0,0.17883766634636797,-0.3016489699101195,-0.03743408284924643,0.16892079140963548,-0.6146181344414591,-0.06794144893367451,0.033766709598019445,-0.8056989606630273,-0.09976754029645538,-0.09894125647902549,-0.8866241416335773,-0.13735707916431253,0.09235283143474732,-0.9924613407420618,-0.09564840824270719,0.10379141310753931,-1.4329152098851838,-0.17631665424897874,0.11216059390664773,-1.6914139557402816,-0.23065772888390146,0.11447966012245864,-1.8977341242380716,-0.26494129902414987,-0.08773594267265845,-0.9886449051980059,-0.12199858929252466,-0.14547953645072503,-1.4731140076196563,-0.1881486047442632,-0.17571030944221103,-1.775773598701732,-0.23392943446004266,-0.19931388253629073,-2.0059464893498715,-0.2618904347990029,-0.24001407212158477,-0.8823840701941749,-0.15177034175706955,-0.36694087259660374,-1.3156567540382837,-0.2201061477575673,-0.42773736731085255,-1.587234175353805,-0.2762951896114858,-0.46508270710369015,-1.8076283780417857,-0.3099515043151605,-0.35372545390413807,-0.7159624005683335,-0.18193844076720286,-0.465832835512344,-1.0103427355106829,-0.25138600740030925,-0.5346307686686406,-1.1919901349643072,-0.28660945523047676,-0.5841726560132371,-1.3585982538839136,-0.30328988657937256
unknown,0.0,0.0,0.0,0.20954882730181,-0.2751460854622034,-0.05493932046347609,0.3397659134108786,-0.5667247102008288,-0.11328760954632203,0.4588088977305325,-0.7839123196926261,-0.17545841103239826,0.5765191548144082,-0.9051693173790403,-0.24511021614616285,0.0011410620381117902,-1.007120666715454,-0.1198634208069705,-0.004577330392374557,-1.4441476349668716,-0.2075511442498459,-0.014639441787960526,-1.7091485471926802,-0.27130537696840423,-0.024715881351086023,-1.9317314385542175,-0.3165538857991893,-0.15937864483484712,-0.9747614347731361,-0.15632847741094633,-0.22734877213254784,-1.4569628310760674,-0.2343845704266403,-0.27035964688559255,-1.7688808087735597,-0.29399410813772464,-0.3108539555167307,-2.0173021622647145,-0.3380845272530321,-0.2953951086691907,-0.8507650575768455,-0.19675908799291414,-0.4315432255212163,-1.2580824666077481,-0.2710502992466453,-0.5041841277822016,-1.5387858045292688,-0.33301596394274885,-0.5579257617493436,-1.7766487521260048,-0.3763074060199508,-0.4111361771620902,-0.6623882781880114,-0.24007207423507584,-0.5380650526481379,-0.9498644786090868,-0.312250867136086,-0.6124834783024328,-1.1517828299049904,-0.350338432972962,-0.6676809786843523,-1.3347688958253292,-0.3739235052319111
unknown,0.0,0.0,0.0,0.22347278510446408,-0.288800566372181,-0.051414689407766,0.36457835415919004,-0.5836731266944094,-0.11154167568423722,0.49168324675587777,-0.8071338043457442,-0.17190510910320678,0.6155354826899657,-0.9262575488042145,-0.23880290311431315,0.022955518721597356,-1.0073099379264079,-0.13821341252497724,0.013011901119149547,-1.4850564440732283,-0.2187378131401494,-0.0019994290579933185,-1.7637530221918636,-0.27018058926464733,-0.015006444713599486,-1.9871125919889963,-0.30510562642468986,-0.15516380901799268,-0.9738313431438261,-0.166062360219646,-0.2217386579580222,-1.4922431733570003,-0.24194521202427005,-0.26902697129753356,-1.8197803677531916,-0.2938912307208847,-0.31160612260414233,-2.068259291798723,-0.3314451782959123,-0.30365025142947544,-0.8566885479464676,-0.19395319279876955,-0.43893043623736544,-1.2938355775790407,-0.2619308733887054,-0.5119761878463325,-1.5825554275970266,-0.32085906913464524,-0.5661561909538873,-1.8159917969810289,-0.3622278468483814,-0.4221902892002409,-0.6859696354178079,-0.222806886518856,-0.550341095818129,-0.9907851761081089,-0.2890936789698521,-0.6277880128453072,-1.198100883628778,-0.32635441907797996,-0.6865537669284296,-1.3828202602040176,-0.3489838065566243
unknown,0.0,0.0,0.0,0.2543992923619911,-0.2686781501588692,0.0022111830285242145,0.37816549248781806,-0.5632253025035597,0.005389904710288193,0.44553598278585094,-0.8354649737588417,0.006718427642042099,0.5259498595233066,-0.997808928732117,0.00903970985699021,0.03966380532345221,-1.0235235509018934,0.023709689074144672,0.012842433681107329,-1.4466067283932875,0.0322596784495805,-0.002593411777918118,-1.650559978752549,0.030257943310932303,-0.01370510748585046,-1.7884851549868166,0.029860953132189814,-0.1551029716229408,-0.9876789260591747,0.020818434435094853,-0.2351990325173095,-1.4211879293827483,0.047440532754310934,-0.24530768935004438,-1.5857289965955468,0.06070282860108746,-0.23817020098253328,-1.6527846896541583,0.06973069056241506,-0.30816321102240335,-0.8660235923538515,0.018416476583979585,-0.41598255921151395,-1.2320150562579637,0.046492879866015094,-0.4301426133926926,-1.3574910797458535,0.06277540322553739,-0.4242884628121925,-1.4080621781861618,0.07077701405803297,-0.4211040515594429,-0.7047482230782285,0.015108476083268107,-0.5293373796798474,-0.9499222314087925,0.04492975525174093,-0.5535263133111678,-1.0568933519678458,0.07375064187668973,-0.5461988685272662,-1.1124266036054442,0.09766288140191341
unknown,0.0,0.0,0.0,0.24333558601987385,-0.27479871853021404,0.021764448864080656,0.37425991584388774,-0.5748149711392303,0.022326262431898062,0.4136137834257093,-0.8847768994195954,0.017838394965528255,0.44528477831613494,-1.0930338585499837,0.021908147214708098,0.0814824759077738,-1.026502672007741,0.04570954283676471,0.02904089083803292,-1.2711522527680528,0.061162388741934144,0.026691390425897927,-1.1306258651441436,0.05530349257650103,0.04362276455960768,-0.9872042061996553,0.05177580908360199,-0.11525302885706794,-0.9927820229462395,0.03317520541073124,-0.14452208196174596,-1.2237160699353427,0.08418935228218453,-0.12726041175713756,-1.09894112553886,0.10156939884350864,-0.0985345920750835,-0.9708319247749443,0.1035895415258555,-0.2862702690079679,-0.8784627888709183,0.02501879094827445,-0.2915006616543687,-1.0855178255512503,0.0721255169306567,-0.2641746883163281,-0.9790821370042538,0.10478901239455968,-0.23545563526312732,-0.8453951194937542,0.11382877258800146,-0.42223869772776695,-0.727693416820421,0.018279882806013045,-0.413284544640569,-0.8524535592162874,0.06297164256371243,-0.3713585122659106,-0.7604599712136161,0.1149021423059182,-0.33703267283634764,-0.6556973316505826,0.1538296858378419
unknown,0.0,0.0,0.0,0.2507979033245339,-0.26409904230698983,0.017087067158756575,0.45528685978765104,-0.5457956257503362,0.007201466860486201,0.5026642955941724,-0.8714289069169114,-0.0009461852396270875,0.38751294477363446,-1.016683546455189,-0.0092447242118168,0.14741115408688793,-1.014276796409612,-0.012104215856904191,0.038935313172558085,-1.1014867768175995,0.02075977058606304,0.03622657626893065,-0.9291422742015495,0.02054335078456343,0.0683947235102289,-0.8093684253012465,0.009716648445266493,-0.055425707720590904,-0.9981216426062697,-0.026099377092828443,-0.12291280796233665,-1.0363353464387377,0.044155376911760365,-0.11454072632710913,-0.8799668423117565,0.055213684128135924,-0.07601318893947523,-0.7647753789904589,0.035975995704202436,-0.23359109535619846,-0.8997707788266834,-0.027531575551884336,-0.2754180418089045,-0.9694422437471006,0.03597202082556499,-0.2626699565286317,-0.8367434404569578,0.06081306708715171,-0.22386454135076145,-0.7121469466466747,0.05048297127644628,-0.3920610372820423,-0.7718343477769856,-0.02743998772327978,-0.41083618167904135,-0.848081768780482,0.015411917232786069,-0.378465809239613,-0.7243078929909583,0.060751514922368854,-0.33690073714419766,-0.6210466771753788,0.08969013821973702
unknown,0.0,0.0,0.0,0.2580937532655559,-0.25671730649288677,0.0025079118405659305,0.458911431434584,-0.5457337173126485,-0.01146988106409673,0.5044897056414421,-0.8684956680509036,-0.023424154916786854,0.40923597393464106,-1.047862508830195,-0.034972861757080746,0.1441206396977413,-1.02013180380867,-0.013621793409052115,0.03389455515163166,-1.0841326904700659,0.010666726556580694,0.031247380452934462,-0.9057789010641546,0.0048949317906456435,0.06518102845839364,-0.7828386014288595,-0.008285677152770633,-0.05957498711354646,-0.9979489212045177,-0.023425874095968535,-0.12542605867947856,-1.015012741723599,0.03482640742488698,-0.11515661819094788,-0.8504612518384057,0.03917991425854185,-0.0728776967764795,-0.7345450552940563,0.019691798224530776,-0.23670491798269613,-0.8941317527431538,-0.02319367817612015,-0.2769314645712194,-0.9520513886914015,0.025660149603395827,-0.26268338041088746,-0.8107857883828704,0.045688017294241365,-0.2193014520239091,-0.6853338779774736,0.03714042588743711,-0.393509297157768,-0.7583689970524307,-0.02258708213981388,-0.41554421541194936,-0.8028806248443711,0.0026663291940425757,-0.38205214851343444,-0.6733605355213099,0.03889482607527393,-0.33728011187261064,-0.5717027217923332,0.06625047089435158
unknown,0.0,0.0,0.0,0.16402615989577965,-0.329928604455268,0.033946209698258734,0.22234916336974594,-0.7206009068089855,0.046192565940036526,0.13916056557423098,-1.0432639986379801,0.05450103384281831,-0.003504798585899544,-1.1741795426856465,0.06344599498805681,-0.005169320712740044,-1.0626179799680655,0.00618284196279309,-0.19869927462422604,-1.2760283208680867,0.011556786448521464,-0.2148969653491282,-1.1394534873229831,0.011429516936133217,-0.16432622826786009,-1.0199658328914487,0.010646211223863323,-0.18214257352558474,-0.9831247241747212,-0.017025264340252224,-0.3654329085743772,-1.1683226367317394,0.017595127437505954,-0.35755418479630224,-1.0299538229906977,0.042850681707130564,-0.29352580989632937,-0.9152985553569674,0.04887257837999889,-0.3432938640822823,-0.8437806882244182,-0.032802847622821,-0.4933623436507403,-0.9968635689249756,-0.002617466803033898,-0.4642077006194047,-0.8653153092813225,0.03873411202969729,-0.3972122925232107,-0.7539736538135662,0.05187100489005796,-0.4840325749591049,-0.6653240259807387,-0.045758607693311776,-0.5778285897076635,-0.7925020041195917,-0.022833901483369324,-0.5401003502823352,-0.6749202125198711,0.02458112938926606,-0.48562722402216096,-0.5775634578674752,0.05829919949708699
unknown,0.0,0.0,0.0,0.1357528753576629,-0.3553786746094707,0.06019764312312957,0.16524261369421037,-0.6805981095837428,0.073689669171592,0.022900049590687963,-0.8765687557745255,0.0752334259217421,-0.1312763853206768,-0.9064783224089736,0.07477971998742129,-0.06586163950554792,-1.0536288751555207,0.03673682587466347,-0.2541136134067412,-1.1936228345780333,0.051133769028721666,-0.2640875252636143,-1.0536368479068052,0.054787393765991496,-0.21033607534068896,-0.9522528248625416,0.05338093749663753,-0.2386007374996042,-0.9711067031763605,-0.004632397930318472,-0.4128798353470293,-1.0787657010999914,0.037368840162238244,-0.40459908409188466,-0.9408576651845894,0.06311092315909299,-0.3362023194871193,-0.8469705460586604,0.06731470707422461,-0.3842094021095834,-0.8175061946406766,-0.03651932408144798,-0.5278227808060015,-0.9009385191217324,-0.00322668828683007,-0.5030378049642692,-0.7691271202280187,0.03662657439503845,-0.43376865352158733,-0.6791554612197422,0.04849197887664947,-0.5038050773707774,-0.6259029376798293,-0.06374772526954854,-0.6086459175245921,-0.7363549162639569,-0.03440288316409578,-0.5700557032153097,-0.6212619571952899,0.022319319775526383,-0.5100034718759648,-0.5302865707621474,0.06274333080649114
unknown,0.0,0.0,0.0,-0.1887892972647068,-0.37838971893457146,0.030777920071830958,-0.27147138305795554,-0.736493602745862,-0.008050512376692291,-0.3405997823622969,-0.9862702588566116,-0.08540715864624937,-0.3155985739113443,-1.1891024922514322,-0.15257626602807228,0.21534083850728647,-1.0148339771949797,0.0801102885532891,0.13207937813892498,-1.4012709330852124,-0.032012704778786594,-0.07519858949559403,-1.3834802711320837,-0.12425491938695973,-0.20087541875843182,-1.2392697090324805,-0.1753438360501105,0.29081605637144226,-0.9567637233525204,-0.005403612975035817,0.16384050841816922,-1.4087387954657609,-0.10391490584358934,-0.0813322349974543,-1.3766020833190944,-0.1634077426829688,-0.19234150715967585,-1.2235717848303462,-0.19095186522888397,0.3126112082450011,-0.8595192875243585,-0.10680853698045899,0.1974642819742918,-1.2939104332471454,-0.19325477570521157,-0.05822456980071944,-1.2952762858169191,-0.2045698232108361,-0.19293118172723506,-1.1631490862844927,-0.1973473443556915,0.263214651613071,-0.7412816278059684,-0.21082394183863254,0.16609841390518004,-1.0773317563619196,-0.2754884899522758,-0.020416608241663567,-1.1384633151022125,-0.2784349315414881,-0.1471388867378159,-1.0778482274117342,-0.26652636996219153
unknown,0.0,0.0,0.0,-0.20131784387273677,-0.3725605463302435,0.022650131635933657,-0.29143023536709567,-0.7215190878587832,-0.014364548681038796,-0.3679007232613789,-0.9686818661858702,-0.08473601711519235,-0.34201737269212823,-1.1651523292549062,-0.1435119462170718,0.21882680863488263,-0.9992616317824672,0.07114658214463214,0.11193537573866952,-1.3985779882574911,-0.030936779960869736,-0.09959507300731338,-1.3888115753806016,-0.11793793898793166,-0.22147713928219886,-1.2405585850582654,-0.16621107796990048,0.2790581302006192,-0.9602741452961694,-0.0003547458888524477,0.12138453058809352,-1.4248058013469003,-0.08457532261951003,-0.11971145428745648,-1.399111732740896,-0.13940173292774702,-0.2255560889577815,-1.245183348816124,-0.16776766108857757,0.2862929926095574,-0.8870078485307256,-0.08675975238183696,0.13871494191932288,-1.3443123054098967,-0.16098890498935448,-0.10532564191887354,-1.3552147932281324,-0.17331354597931856,-0.2311918253067841,-1.2187708517058955,-0.17069931636433958,0.2223444261724982,-0.7954179848698131,-0.17585898606501807,0.08790346332003796,-1.142865719149203,-0.23333078782460476,-0.08936445952622804,-1.2038934426594887,-0.23696105495168265,-0.20325319447264922,-1.1388076517954766,-0.22677330770468268
unknown,0.0,0.0,0.0,-0.20769708995126182,-0.35984732857012625,0.09781546611771148,-0.2919446286652803,-0.7003225755878622,0.11057178078816005,-0.3543419783852984,-0.9559830942708574,0.06617999464606285,-0.33449500738294,-1.1798160797876067,0.027795307742022893,0.16295686432527032,-0.9774876140539457,0.25403654798186986,0.11617183491641779,-1.3199192189766331,0.20313065827090676,-0.0583862480138166,-1.353470229617005,0.13494058533442438,-0.18368261409621534,-1.2680112258046485,0.09406360364109932,0.24297705521874907,-0.9597124268843611,0.14111771086917096,0.1516457319712478,-1.3799459757396557,0.096811885600386,-0.06588649903204279,-1.403281081766448,0.037740353193801986,-0.19726493922334418,-1.2949137841454679,0.004584155582936464,0.2816181667043141,-0.9165289298525834,0.010355878291800104,0.1958915938255298,-1.362087211272597,-0.041598173045748706,-0.045392615404332884,-1.4037216882958503,-0.06353372067980441,-0.19754853403370526,-1.3011179784802915,-0.06777617504614819,0.26099161425974005,-0.8665578202638088,-0.11888771156612672,0.17492322646288816,-1.2609830242311364,-0.15569076911560106,-0.013148210038307143,-1.3382453671654886,-0.15094643891007906,-0.15991663870089157,-1.279987122245619,-0.13846377903160267
unknown,0.0,0.0,0.0,-0.2057179398346132,-0.35284382404483267,0.07670781982479002,-0.2927448893747672,-0.7028562229944868,0.08370197328127706,-0.3552240486656679,-0.97400265307875,0.03709111410702275,-0.3272649891278898,-1.205174784488817,-0.0035002452660475615,0.15553425665229625,-0.9770597836841927,0.2283282466042275,0.10173339001257548,-1.3375931754956902,0.16397018631798882,-0.07452977018639019,-1.370215201391508,0.09028537744920398,-0.19803384626875695,-1.2702739805052086,0.048646369045444456,0.24563054847661983,-0.9612014450339216,0.12552854543798372,0.1466323639527017,-1.4040836607022171,0.06593453999683287,-0.08177992806506895,-1.4182129940816965,0.0029010596859999718,-0.21552033856722966,-1.2970116616241043,-0.028311679638711233,0.2961879511372192,-0.9195090894905509,0.0032916543176390463,0.2076101183987394,-1.3943623222508057,-0.06693565680466532,-0.04729477897864768,-1.4217846995631516,-0.09333483229471115,-0.20073136399030864,-1.299579903988098,-0.09377091950071607,0.2847776111901561,-0.8717538460054223,-0.11801527979961811,0.20137374040058448,-1.2989929012244634,-0.1705114048903537,0.003021337754001461,-1.3722292861967191,-0.16925643119583558,-0.14910880818005817,-1.2946122773004387,-0.15456717655576047
unknown,0.0,0.0,0.0,-0.20658030491136067,-0.3372144728718933,0.03899839395990397,-0.290681587977606,-0.689106696750404,0.02991196605238287,-0.3500757225163446,-0.9586817989005844,-0.022145842516208866,-0.3147772160465431,-1.1789862441034646,-0.06559225665849973,0.16968957724757722,-0.9785389937911863,0.1629331959591862,0.1006791154977043,-1.3478654307433424,0.07952974997873805,-0.08347842259917196,-1.3648267234623523,-0.003220558802948309,-0.20952030711602262,-1.2436868726214605,-0.048321646832537785,0.25995730493794356,-0.9622278615597216,0.08086867160777457,0.1431938573788486,-1.4170478826221882,0.004931195932972775,-0.08649276485958038,-1.4141511404499663,-0.05991417396309375,-0.21871075400779597,-1.2711187731922164,-0.09018083384709169,0.30848498132809404,-0.9177473082044458,-0.020930873480122465,0.20293092217474526,-1.3973448278471734,-0.10188160293381661,-0.05236857927038385,-1.4118793587463925,-0.12827504616334956,-0.20404518301031216,-1.2748525759921372,-0.12666935870926951,0.29307642977346066,-0.8651300887476105,-0.12429689505519587,0.21111714831346903,-1.2905152277373164,-0.18580733243091707,0.017926453442768883,-1.363612082551512,-0.1884902025677597,-0.13238703927498363,-1.2858859842659187,-0.17426853252815033
unknown,0.0,0.0,0.0,-0.2246432431717814,-0.35089549532452535,0.052716291133099516,-0.3095567431172625,-0.7024256184815106,0.0482969688169652,-0.3706437943242168,-0.9813794321242363,-0.0027104653248930144,-0.3325532288743645,-1.2124609133498372,-0.04455580696648676,0.17908808452933778,-0.9719378104542417,0.19345990688981213,0.09837429028660423,-1.3541824831708866,0.1168288207345607,-0.09102681362272143,-1.3810668571580917,0.03488420959734341,-0.22280383718569424,-1.2627216619065795,-0.010434766302691455,0.26646187718440195,-0.9582047347539552,0.10412374514234028,0.1342316084272939,-1.4243741817757032,0.03603514968967159,-0.10207825905826641,-1.4294820690801324,-0.031287646493501395,-0.23596295733463868,-1.2850422965043296,-0.06557130046475342,0.306756516512078,-0.9211324911791726,-0.005230749866448159,0.1908489939907773,-1.410405181804589,-0.07951708588928141,-0.06825187682245423,-1.4328306716338182,-0.10753639620128343,-0.22045474175788132,-1.2947139231982139,-0.10917228843605103,0.2793793652172566,-0.8828002936132304,-0.1156301670268657,0.18650828336989153,-1.3068661371626125,-0.17380638891408018,-0.005072583224475426,-1.3817517985895276,-0.17808646689166235,-0.14992691448763787,-1.304488713910166,-0.16595532703187674
unknown,0.0,0.0,0.0,-0.1908583524525535,-0.30063104589929246,-0.042206478809955296,-0.2816891288002802,-0.6130089133065174,-0.1089115636258538,-0.3663090213579406,-0.8228063418343277,-0.20747092655674848,-0.4063291024898352,-1.033128548035833,-0.29123430118469174,0.10515217416894967,-0.9908415328773151,0.01622437005391208,-0.04570314329424217,-1.2933939225564006,-0.141049769723201,-0.22223137192403794,-1.2112712898798275,-0.25968265234458004,-0.325247705019654,-1.0818585992112955,-0.31181510849637634,0.21967343589274388,-0.974384699843295,-0.04814600995273121,0.17498474100948458,-1.458139613951052,-0.1831905482571611,0.10061587095248418,-1.778875773246967,-0.2798688871159356,0.06339906854619809,-2.034843896407068,-0.3322600539934674,0.3019860113003992,-0.8835255132580133,-0.13445246865296095,0.11499063943425697,-1.218465979610371,-0.2934593047446378,-0.10249865798130976,-1.0796097259785464,-0.32737927664664723,-0.22578468092109932,-0.9110306818166485,-0.30590950792860894,0.324105004679137,-0.7635880426746207,-0.22585014338818643,0.13776692395185722,-1.068583712783439,-0.3132102287243131,-0.03640711063596771,-1.0274968272313527,-0.2909126820757986,-0.1513401178740416,-0.9196093559766584,-0.25023170779278003
unknown,0.0,0.0,0.0,-0.19582876967959104,-0.30808664778035105,-0.0369854861970059,-0.292650213610868,-0.6178564590342531,-0.10297665735892338,-0.37581856549150644,-0.8280491024481932,-0.20146265870969143,-0.4062704401713047,-1.0387041088404099,-0.2857938129225397,0.09501964785145756,-0.9917369530418164,0.018124641480743636,-0.0535988198843848,-1.2966937279244823,-0.14012417661558588,-0.2318454261518851,-1.2135916886288862,-0.26028749838867243,-0.332645422394921,-1.0823349507273332,-0.3144169203487857,0.20455222066052442,-0.9776093305661044,-0.049380014306817065,0.1581504455564201,-1.4623567607147787,-0.18129777727305707,0.0782044391691223,-1.779669577819549,-0.2757111820878663,0.04259579774607939,-2.030109296166235,-0.32853267956387094,0.2868654038221309,-0.8892988128783774,-0.13878805153864096,0.11205975150875284,-1.2283670248557454,-0.29268520129974673,-0.10394000867971843,-1.1017809641979068,-0.32346012169199884,-0.22296967929521236,-0.9411787781119407,-0.3026310497533466,0.31289968415158737,-0.7693870023701188,-0.23333391675602613,0.13065384091277366,-1.0713611304613402,-0.3171600205314191,-0.039494315557586576,-1.0292836659488025,-0.2929098681350793,-0.14763026826516593,-0.9201177388698778,-0.2520715313345537
unknown,0.0,0.0,0.0,-0.19745598594491687,-0.3075033123816826,-0.03248730877310241,-0.29820420768613826,-0.614208038303249,-0.09504826956758099,-0.3874340586459328,-0.8235075570139889,-0.19134980343064403,-0.4255478769805886,-1.0366180310496578,-0.27372556065626474,0.08893109188481214,-0.9911648131958719,0.03314523067991998,-0.06278571238743703,-1.2923098987921022,-0.11842452334997136,-0.24190244055282373,-1.2233446870060143,-0.2360916405876179,-0.34917116542274057,-1.1009578593050522,-0.2894716973075781,0.19664582282451923,-0.9798144055381776,-0.03597431118917432,0.14701302441052708,-1.4559977821925736,-0.1626852690325301,0.05817576440378557,-1.7724528994613573,-0.256257192688784,0.00799622266562436,-2.016312607998957,-0.3088856804373149,0.2794374258734075,-0.8924471782878758,-0.12752599972981205,0.11421289314505242,-1.2211556827163061,-0.2807973006812123,-0.10238317113184583,-1.0976172819662957,-0.3192824353169127,-0.22675570072002968,-0.9358864634512973,-0.3040057119300814,0.3065176714633347,-0.7725243513331319,-0.22324426412839918,0.12113126780868373,-1.0637724078852469,-0.30983136156776153,-0.05941162366365513,-1.0190767504323341,-0.29250257359639337,-0.1777835843392924,-0.9080586093263529,-0.2567864440854664
unknown,0.0,0.0,0.0,-0.19353891941964582,-0.2647840270734572,-0.02498695804460537,-0.26980041284541423,-0.622091317747196,-0.07110360080753526,-0.3317987321207914,-0.8798138029570993,-0.14889894207289853,-0.39185383518798605,-1.145464626705222,-0.22127258012869783,0.10730926423522597,-1.009418981089503,0.021129756827459864,0.09880477050080828,-1.404590067252255,-0.07172361117742093,0.06847016865439175,-1.6730525447666609,-0.14163357172012353,0.03932848906539444,-1.889839500696782,-0.18612080601488384,0.2270377598604926,-0.9723354256739456,-0.054933373981545956,0.12572510413934992,-1.403683889375144,-0.18661862184645153,0.001744464202089149,-1.6850929371935905,-0.26341626111528266,-0.10837132603868482,-1.9060280464479975,-0.2937259164057228,0.3140732939220445,-0.8781880976936357,-0.14491514629957525,0.015802527923075415,-1.1472117573428933,-0.3167794825903185,-0.14759849055195323,-0.9356469129454223,-0.32644782417878726,-0.22265147332766763,-0.7312006311108799,-0.28015988696607536,0.3406026870821403,-0.7574518945287024,-0.2399406802221862,0.07207477934075444,-0.9931044975346326,-0.35778564677422714,-0.08815851366254406,-0.892545007310265,-0.34376750267056383,-0.1739500529697549,-0.7608243202089787,-0.3002583502778228
unknown,0.0,0.0,0.0,-0.19224890162103866,-0.29854131480409785,-0.016255203524993475,-0.2713704079116321,-0.6671395496352527,-0.059136763048523444,-0.33507985295169496,-0.9524592914432835,-0.13226703176878785,-0.39707293515553016,-1.2163707162771462,-0.20262870810638864,0.15362322344301385,-1.0128599463305514,0.01594086761517206,0.20179955393427318,-1.446106818628166,-0.0481590058361176,0.2334026997017713,-1.7086796575005136,-0.09220325378902218,0.25694159590013516,-1.928456037974237,-0.12842281752503473,0.24071777758312435,-0.9691621761294801,-0.05272217669455783,0.04195937895852547,-1.3820346254391969,-0.1814677474891508,-0.15825886479881782,-1.625094413772582,-0.25522037015614857,-0.3138792617903796,-1.8287159433696374,-0.2887045513907521,0.29398905199557374,-0.8838648928974021,-0.12813359175562786,-0.03256045501404466,-1.1360551468403226,-0.27597272442347603,-0.1141312318651035,-0.8644432499510134,-0.2645825457779394,-0.11713100671057224,-0.6372537960687634,-0.2162239147839237,0.3045132775188983,-0.7834511819799637,-0.20828519624986072,0.019582017979304787,-1.0212830324624236,-0.3192041666445295,-0.08044115194013392,-0.8463873681963644,-0.2942336556425466,-0.10326031628345973,-0.6587736961852172,-0.2454675505998799
unknown,0.0,0.0,0.0,-0.18994273387194235,-0.30267689423602007,-0.018085282726341124,-0.26612724227451784,-0.6650195047256615,-0.06308306685814602,-0.3358287152527001,-0.9502795679808165,-0.13726781652553502,-0.4035906032299555,-1.2156034943966398,-0.20884821165631942,0.14870775029533187,-1.0171706550626651,0.013495557906585775,0.1913316653654797,-1.4498001508971488,-0.054047834242445955,0.2195845199068571,-1.7112908459204466,-0.1011890543660388,0.24063009448828243,-1.9316396541948877,-0.13872942909870908,0.233565102256338,-0.9708238832232892,-0.054298533785360106,0.03275300884189295,-1.372115523305007,-0.18620944646609724,-0.17708886706009902,-1.6124533181463254,-0.26396136853102964,-0.338670810985561,-1.8127891542083105,-0.29973590809421025,0.2847935627754728,-0.8849922668617966,-0.12874720813181112,-0.04009607194800088,-1.1213537295098501,-0.27965390092514797,-0.11895254061437675,-0.8595126001392878,-0.2729972744725854,-0.11455991518259842,-0.6425786973370299,-0.22687188709287562,0.2915121860238101,-0.7875459065312241,-0.20721866145131207,0.006044789222129761,-1.0270250965681078,-0.31766929434478874,-0.08480368916072897,-0.8459765653057393,-0.2909882618444842,-0.09243336040468084,-0.6543267852340712,-0.24027368870016264
unknown,0.0,0.0,0.0,-0.17800943045807902,-0.26702408006064315,-0.03988108854065872,-0.267965899637268,-0.6186517430464655,-0.09292511588677253,-0.3357924764199864,-0.8848360100874998,-0.16996097854609782,-0.41167859536918106,-1.1286558515839042,-0.2434081191807986,0.11290138986956791,-1.0139836852376245,-0.020605153788060764,0.15252868411336876,-1.4248701935466035,-0.11523022323587849,0.166850773416802,-1.6910810888053327,-0.18405181202047285,0.180748449896667,-1.910781090713681,-0.23213112019511203,0.20967755043286906,-0.9743215694783763,-0.08205366593678234,0.06815471835769728,-1.38998067372806,-0.224783678019531,-0.11807156558370183,-1.6411175397821403,-0.30073411435608105,-0.26618979751701705,-1.8248665801481367,-0.33073331078684215,0.27903586423037663,-0.8736890284955198,-0.15484458743166402,0.005356163573110732,-1.0960534908329103,-0.3154932904905431,-0.11318385380957784,-0.8939358962360721,-0.3216431541793507,-0.1430500627761972,-0.6968477574644724,-0.2811188730600633,0.3101449964660172,-0.7372403057183364,-0.23444928577384294,0.055474565923821426,-0.9242084927712046,-0.34599527375868405,-0.07475093754561593,-0.7864529390025323,-0.3321259665722863,-0.11917213030427715,-0.6230621952265191,-0.2916888928659498
unknown,0.0,0.0,0.0,-0.19793995638194767,-0.24879873218952953,-0.002055828902702723,-0.28530496650547116,-0.6129697324718312,-0.022124378908130862,-0.3567560841882645,-0.8455177670876751,-0.06396801243291439,-0.42139465265176557,-1.0581204538834739,-0.11047268009780169,0.05866613091868717,-1.0093067236217457,0.009284097466255699,0.09285335282780315,-1.4021083615459973,-0.049845160835124164,0.09464564443252617,-1.6404447215721816,-0.09515597637803448,0.10274817932444505,-1.8323848237110296,-0.13035902948453762,0.17011801127848433,-0.9835086111442944,-0.061405814412599,0.1548294997293084,-1.4617322758077176,-0.14666643659746934,0.08954673891703512,-1.791666023709579,-0.21536918036853156,0.021272155919566542,-2.0434409685772503,-0.25308937905592255,0.25031665668950986,-0.892991881449223,-0.14093573378247673,0.09643433384331383,-1.2795144951003852,-0.27357197909228403,-0.09038244791003683,-1.4922216455203092,-0.3672723477996082,-0.2375024521301503,-1.6319383407157326,-0.4123959055421605,0.27624684961125745,-0.754393467348841,-0.2166853820081322,0.025192343530656226,-0.9323326421485162,-0.3407258044863805,-0.16569751895415127,-0.8924751667413853,-0.38906984868331596,-0.3079755741594955,-0.8122154841553441,-0.40773596738206913
unknown,0.0,0.0,0.0,-0.19046889243800932,-0.22910568736436726,-0.04144924730009882,-0.2728671455190381,-0.5836053544318639,-0.07868956222189248,-0.33728178793759067,-0.8449010499540605,-0.12617594812831676,-0.41755835129671987,-1.0901223191956335,-0.17797820569824188,0.09086918289301855,-0.9976496509434549,-0.053932102699355645,0.14311502557394656,-1.3979926953350552,-0.12141830922421494,0.16264078392759934,-1.6461542153709423,-0.16806707733516787,0.18694177866550327,-1.8538451420712048,-0.2036198365749445,0.1822852603483173,-0.9779040663022864,-0.10235096955671551,0.11247092451275086,-1.4546912569847072,-0.19005827604720052,0.017376565612883085,-1.7608390339710134,-0.25882823915362246,-0.06798983700821996,-1.987444123116098,-0.29912298135240667,0.2350117133374141,-0.8808097036992608,-0.15699765636442806,0.014026539623749237,-1.1829582647330317,-0.3013597534005676,-0.22387813514459784,-1.2762706654462515,-0.38254831884406365,-0.4121552942011391,-1.3155877148968926,-0.41626877601687734,0.2295641369666839,-0.732837130547898,-0.2108138299109952,-0.04633210003352192,-0.7916472908837492,-0.3500697021186128,-0.23699212855950616,-0.6693031783235238,-0.3970036532862939,-0.37423219272128794,-0.5320591568928399,-0.4111309796023953
unknown,0.0,0.0,0.0,-0.18318498850606393,-0.22338910123506875,-0.05245086862990646,-0.26737450922166184,-0.5786707393556205,-0.09558352615715807,-0.3358652659462387,-0.853887143847758,-0.1476399855896677,-0.4169664626734716,-1.1075086390034492,-0.20229987878578692,0.0982378112169419,-0.993304737800243,-0.06491482461831861,0.1545477661328612,-1.4004807602341753,-0.13971377731742485,0.17193094343371704,-1.650867590882821,-0.19001269061438447,0.19229982667846057,-1.859094376931364,-0.22551449117201702,0.19108298430280055,-0.975661621406178,-0.10757180683154517,0.11633073005109903,-1.4561752065292317,-0.20315498756351436,0.016984883529003236,-1.7675858338217225,-0.2716895166737949,-0.07485686875618813,-1.9942726877001304,-0.3087675723202592,0.2461776940110673,-0.8806429023082093,-0.15741793547627372,-0.004606032887424433,-1.1619740645167889,-0.3064019169437556,-0.24435792071260282,-1.2268538240225697,-0.3794604743465791,-0.4330862800804511,-1.238909248142644,-0.4034391818898633,0.24013740425297156,-0.735656782097823,-0.20822513501372258,-0.04472629429603922,-0.7900076108066297,-0.3458676888498261,-0.23274311531657788,-0.6560846740917026,-0.38541985756279845,-0.3692660419015986,-0.506424840999577,-0.39202374798151574
unknown,0.0,0.0,0.0,-0.22137675465912457,-0.24935589883547454,-0.030741088850550154,-0.35067946511796083,-0.5613702343824959,-0.07892818622537645,-0.4341417955417473,-0.8122185674633108,-0.14659212229797047,-0.4643060375024226,-1.0315721867387693,-0.20951926829953185,-0.052190384650565406,-0.9990134673575548,-0.002880225544612042,-0.09021156956767813,-1.3548007914694422,-0.11733652473548305,-0.22013535283730892,-1.4949282059806084,-0.20157671863792387,-0.34447078245939244,-1.542282962354314,-0.247472930143465,0.06366609945456939,-0.9963480608695522,-0.056896128002913444,0.004538108367497119,-1.4407167313957538,-0.17241421226582687,-0.18646260734547462,-1.5686223999301891,-0.2398533058022301,-0.3564305249659408,-1.5790712991470053,-0.2658635654908869,0.1502510872770602,-0.9243951021895164,-0.1265806658911953,-0.022597009015979712,-1.2743885979664529,-0.2605061151854966,-0.2551270412773365,-1.210091942253978,-0.30939249475510394,-0.42818117010761003,-1.0691337033959167,-0.31505485648010517,0.1814125787839304,-0.7784742312432861,-0.1989676317390139,-0.08518311119956269,-0.8754724158934696,-0.3132429602320867,-0.2660714970931848,-0.7731787487565177,-0.3503560353570987,-0.3890877978171317,-0.6451150227702335,-0.3554710766675872
unknown,0.0,0.0,0.0,-0.21115382553867662,-0.26553505909154523,-0.02841953543442395,-0.34734597924596605,-0.5603986173350345,-0.0782415325781055,-0.44719691893118874,-0.8022971567472544,-0.151522291140993,-0.4594975908422042,-1.0188327468339602,-0.2178256229424139,-0.07881019447069643,-0.9977730543605667,0.026923480483072235,-0.10995651592924725,-1.3615496506782665,-0.10102822938476737,-0.26612929714170214,-1.4266453733630666,-0.1979059238775271,-0.38176571830997624,-1.3889941978750084,-0.2478870280733807,0.045345062890198636,-0.9985703252925059,-0.028304252625762156,-0.002520728459089978,-1.4371246935761175,-0.16100020460552333,-0.19994094919556327,-1.4930581162965733,-0.24335148154269756,-0.34892603202953415,-1.417679233255229,-0.272548162571371,0.14907387489023066,-0.9354469751042878,-0.10244792705836427,0.004221152063696438,-1.2711047247185028,-0.23469811052424785,-0.2372037058768448,-1.2045690103597997,-0.2900152597182416,-0.40920004884752526,-1.0501581384645495,-0.29798156040595736,0.21084435364384657,-0.8061545957436776,-0.17971116839931012,-0.03072428055515714,-0.9095991988607024,-0.280416847724433,-0.20705545914273688,-0.8311092502163487,-0.31516094249814314,-0.3260481457346541,-0.7138528384149336,-0.3190458968153477
unknown,0.0,0.0,0.0,-0.19755585156316358,-0.25731370430749384,-0.028225704421325288,-0.3215305849705163,-0.5700502347590233,-0.07289915465745038,-0.4092774129583302,-0.8105428906577918,-0.14116785857238243,-0.4422892781875227,-1.0309142411700314,-0.20382669380949975,-0.07487560268355126,-1.0010278784369429,0.03618530883422516,-0.10687575100911553,-1.353566043458773,-0.08811770795478223,-0.24968678663543423,-1.435998847930727,-0.18523284019526445,-0.36066313296673425,-1.4321546211513767,-0.2379740448744393,0.048569104098986314,-0.9986051120481,-0.020709232685534817,0.020497957067299132,-1.4256284708050029,-0.15967140687865422,-0.17603483714182802,-1.4813918822793302,-0.24789375528957755,-0.33191193072860237,-1.416330788742479,-0.2790376996093241,0.15767130156856707,-0.9355815814042597,-0.09636658426357249,0.039243721592022725,-1.272223409498189,-0.2343926004992195,-0.2022409448539271,-1.2095542214523487,-0.29309407169712537,-0.37621925638238957,-1.0724277260248982,-0.30167107743166055,0.23573951990555597,-0.8076200289968505,-0.17505559930589779,0.01758104449509645,-0.9307137395438037,-0.27778004830678243,-0.16170682873267184,-0.8544118428351448,-0.3119630939041543,-0.28238074743515146,-0.745719017034397,-0.3154747759184614
unknown,0.0,0.0,0.0,-0.19485515291559008,-0.25000361092469386,-0.031163224885083878,-0.3169495403994889,-0.565284385703537,-0.08202378651684769,-0.3960069424816477,-0.8068182727115861,-0.15165146295557322,-0.4122995590389701,-1.0251821613080232,-0.2117513806930763,-0.0004500498432670737,-1.008766602504755,-0.001928926194189587,0.030584375751571795,-1.3662328122640952,-0.12820830570246228,-0.1312402937532455,-1.406031764728695,-0.21696927297455618,-0.25558733022704927,-1.3340075451848774,-0.26109333272853963,0.11260734417174761,-0.9922613290895805,-0.05231673567764554,0.09803130410849437,-1.4267274119921725,-0.17151293508144058,-0.09547646824679777,-1.4892075474520714,-0.2344895352359053,-0.24364144199598192,-1.4201601547222507,-0.25444416011081233,0.19464766480081067,-0.9072753787029241,-0.12055100897545395,0.0340743849135108,-1.2331262330656363,-0.24285103859446336,-0.2036466310885164,-1.1934720054070747,-0.2860197346455763,-0.37211128946220845,-1.0709742713655308,-0.2923966021874015,0.23163574402364367,-0.7556591613648469,-0.19222714597796303,-0.010929307227428369,-0.8670079165983685,-0.2909629682270763,-0.18863530901934694,-0.7804096875689334,-0.32028626296786916,-0.30873769984258337,-0.6696254329181478,-0.323606511224511
unknown,0.0,0.0,0.0,-0.20114650221680655,-0.24365030404267873,-0.024642302988501265,-0.31876393962950095,-0.5445074549228985,-0.07425480689528093,-0.398254895501058,-0.7703427868229011,-0.1434782318241746,-0.43421020577727654,-0.9751349912845102,-0.20427207475279102,-0.011225308860695518,-1.0066954923985452,-0.005483761143211202,-0.010606457645145149,-1.3601344107343831,-0.12972295644715415,-0.192396962569926,-1.3346407283369386,-0.21504465396172184,-0.3003869551229824,-1.2129378162819326,-0.2589448333463793,0.09993800407024485,-0.9933580372343199,-0.05702810889759,0.045102721885054285,-1.3987290840988835,-0.17459535118252917,-0.1676263359494964,-1.3808153726689456,-0.23230312455870983,-0.29904195114170234,-1.250672255486931,-0.24919901975630154,0.18051090205812623,-0.9104480058215649,-0.12527921030888087,0.018561346422955698,-1.219447686560554,-0.23997605073161368,-0.21700162703040082,-1.170673393466138,-0.2811029450380476,-0.37445216894192346,-1.0405375633163934,-0.2911220451102354,0.22116507291800405,-0.7590431502330492,-0.19679885880804351,-0.007245860537915926,-0.8418850478940774,-0.29271933981189674,-0.19234813945371537,-0.7559986281505418,-0.3256618038240075,-0.32268071947475646,-0.6450863534813113,-0.33351681471576405
unknown,0.0,0.0,0.0,-0.20359833176108588,-0.2365928571065568,-0.019963934034309815,-0.3215908255373958,-0.5390593839638601,-0.06250870602848747,-0.40257018272369643,-0.7568399870097348,-0.1257816737204878,-0.4504870024767751,-0.9568040034692654,-0.18385155542426218,-0.03326528349426822,-0.9938995286858999,0.004606401757345229,-0.07393669628395638,-1.3324449014209911,-0.11848976187934479,-0.26532916222625286,-1.2710334881592724,-0.20536990493644688,-0.36833411422621837,-1.1203588822861037,-0.2510517027990666,0.08771200092984496,-0.9949368512600532,-0.04906390626126073,0.015387504460408477,-1.4087404559679206,-0.16801023385732425,-0.20123578720609375,-1.3726686140449689,-0.23596370956520374,-0.32802727571721163,-1.2293223567056186,-0.25905773004193233,0.18392182653654365,-0.9200457739723716,-0.11838749031514202,0.026469051213395708,-1.2372803239162864,-0.2405777952067651,-0.21829576235553316,-1.178895725031388,-0.2977364716020871,-0.3812871914372638,-1.0408389281101345,-0.31634858304546143,0.23980158999451576,-0.774425074457284,-0.1887006191427112,0.005442072907684263,-0.8456810991850066,-0.29535314557583775,-0.1856092267082516,-0.7556456283955711,-0.33924854328671356,-0.31958935328566707,-0.6419375275183712,-0.3531257969462533
unknown,0.0,0.0,0.0,0.11332130090405614,-0.4963272276354748,0.04678889487397636,0.041084948079702345,-1.0187838925193735,-0.02722945581310124,-0.2029856452573169,-1.3643190404226695,-0.11201751180977512,-0.42530152768967594,-1.5276148639548988,-0.1998861412078107,0.2853061419559621,-1.0957276088008618,-0.24370345034528113,0.057632974321881934,-1.732484234403687,-0.36308109223079765,-0.19940144989946962,-1.7664824279823317,-0.3723912760522931,-0.319717146721457,-1.63334667748985,-0.36170235404165835,0.15809498743437952,-0.9292106882982745,-0.3340261542160592,-0.17650431937027936,-1.5991432967687451,-0.43583930760334494,-0.3798947340380793,-1.5320100602748699,-0.3947976754554387,-0.40686368400120143,-1.3778808870404908,-0.3640352002587288,-0.02780310149357573,-0.761244785908431,-0.40802389975502545,-0.41355371086814335,-1.2496428220458344,-0.4682308517398977,-0.4564200342582797,-1.088304318143346,-0.37444156349064284,-0.3609461157051903,-0.9218673280240447,-0.3194780629261119,-0.24602206440212945,-0.6050851859864274,-0.4755707089676038,-0.5391085031482731,-0.976916455230122,-0.5124999168031785,-0.5439503835919138,-0.8508896350462561,-0.4395032201155596,-0.44816064254876664,-0.7181623093171517,-0.38825639099001613
unknown,0.0,0.0,0.0,0.12990996559350723,-0.4736221208862832,0.06308952367722205,0.09169542695781636,-0.9706973984401618,0.011236974796276162,-0.1122015901174417,-1.316927729225617,-0.05026060326023931,-0.31832788974943943,-1.4939895909466459,-0.11578287903521962,0.27576020574542676,-1.0819454514947453,-0.23496168569446393,0.051944806030947595,-1.721995604007003,-0.3365085789134574,-0.18558229958867026,-1.7674988590635285,-0.3289434331213618,-0.2994889291509283,-1.6361415731764593,-0.3036885923272297,0.12614698042380995,-0.9380129940205334,-0.32282899866429227,-0.1916385806592322,-1.6384936471293643,-0.41170150258734733,-0.37165719256893437,-1.573266667112035,-0.36262272151292546,-0.3875148922931036,-1.3977258957093963,-0.3209271598306604,-0.06816659652281665,-0.7836875298871575,-0.39022514461732194,-0.4062760374138122,-1.302811953958678,-0.44804897543739985,-0.4494000901857217,-1.1480495809040625,-0.35697824375837955,-0.3678973009809234,-0.966609587193399,-0.2961847529952835,-0.28633930324141504,-0.6285624938717742,-0.4476536811390369,-0.5351951049964031,-1.0369266989238646,-0.48779480726185037,-0.54334502696515,-0.923242807243023,-0.4156530772560002,-0.464425854404088,-0.7750659556951551,-0.35821576567084806
unknown,0.0,0.0,0.0,0.20482166949763275,-0.4966254123000252,0.08934518432702672,0.1711354161003143,-1.0223134151309292,0.06587284040357588,-0.018029176961742496,-1.3518016402136706,0.029441715585793723,-0.22886057211328942,-1.5191632255631837,-0.008599358827823186,0.19218436522437596,-1.06615797992181,-0.14924645353835533,-0.027756381132801194,-1.8369261428357486,-0.22207723010395908,-0.06423927206320637,-1.9362551674251036,-0.22221927942837277,-0.067506943513495,-1.8522069480788816,-0.19578430131718555,-0.0763580347065821,-0.972458113883737,-0.22021504779972056,-0.26592694872761047,-1.8039537686316143,-0.26517297984379434,-0.21241911301730854,-1.6954143125968861,-0.2137694294057026,-0.1506239611510855,-1.4695156442086632,-0.1639085213639621,-0.31094000108991904,-0.8665128822020104,-0.27002720041957257,-0.41132455608278934,-1.5544119267663281,-0.2715497531182749,-0.34480592461338055,-1.42779123744639,-0.1736087655398269,-0.299719336376659,-1.2485653589570538,-0.10803497371452114,-0.49588777925050137,-0.7752121556542353,-0.3088060658205879,-0.4718551941498287,-1.2800124323434676,-0.28013620360868513,-0.38295512329594744,-1.2310158077328912,-0.18376189657110223,-0.3441322248154941,-1.127714835122839,-0.11442123115837134
unknown,0.0,0.0,0.0,0.32844161507881164,-0.5994499846306764,-0.15296899530340238,0.31224374739884886,-1.4337881702512827,-0.2637529584096185,0.04431080581472375,-1.9999409643521204,-0.32205765190865826,-0.03132114131409433,-2.490103849353684,-0.3708457927627332,0.06767959712243607,-1.0409859842726452,-0.5752199708206445,-0.3398638239481742,-1.8855722918248954,-0.7172831182740914,-0.26384771387381184,-2.182386851502101,-0.7137774101039805,-0.14642733588331835,-2.3024319298753775,-0.6866218697616174,-0.29551796547758974,-0.7903311694900088,-0.5366989608826732,-0.4922756041684413,-1.776331929070263,-0.654760333336337,-0.29605543953412083,-1.802514492662068,-0.5775979306018828,-0.18179794411740338,-1.5642336194654973,-0.5175217944881645,-0.5736515839844158,-0.6149368853109591,-0.48065963378544035,-0.6432764264735066,-1.5268540337631926,-0.5291772008874894,-0.4640769817637986,-1.453557160022268,-0.3829222072288196,-0.38799005824325294,-1.2160460289857098,-0.2939370791992306,-0.7817234410392006,-0.5107256935042632,-0.43412608241183126,-0.7808028662388179,-1.2805563703242133,-0.4532896614763536,-0.6342377982026731,-1.2225686555136515,-0.36112917000309874,-0.6048842084907812,-1.019195978747589,-0.3017515200191707
unknown,0.0,0.0,0.0,0.29406993193367087,-0.6888633054965256,-0.23647060863268488,0.1967393569986686,-1.5247167633541576,-0.4195275613434228,-0.07919689239885534,-2.103041875478236,-0.5245092966718957,-0.17966289416534,-2.6512469050588896,-0.6125942049823458,-0.013845306512160954,-0.8948708789447569,-0.8061798283148512,-0.48038392797399226,-1.8602978243190142,-0.9975868429722398,-0.43968402055460093,-2.2352187474434317,-0.9726687619210915,-0.31781694765382923,-2.3865910983562633,-0.913426319324348,-0.3821048301670892,-0.5729558700691446,-0.7250637694136215,-0.6852183384330932,-1.7282765604486052,-0.8690218522807143,-0.5236765408550571,-1.96707853987322,-0.7638547125770492,-0.3725208208192821,-1.902083937262802,-0.6859880214835706,-0.6897492800166003,-0.37829548298391846,-0.6229118225907485,-0.8726196841749785,-1.4925806406415059,-0.6789071380600274,-0.6746358438104022,-1.5965558337808734,-0.5101937333438709,-0.539858638535749,-1.4656848493562435,-0.4106003096897907,-0.9227804112004705,-0.2942823674944464,-0.5366629849158793,-1.0145396061142715,-1.1864598533867852,-0.5701137671940486,-0.8557552755100363,-1.2874029770321391,-0.482571103512921,-0.7720606226655329,-1.1913599828030224,-0.4250945553521484
unknown,0.0,0.0,0.0,0.2113858877244806,-0.8699120292250693,-0.19152749160630464,0.05832367581356419,-1.752712498024562,-0.3680515414506407,-0.170346764639736,-2.4575223828420474,-0.4906025675009568,-0.17706669884081228,-3.04622747685267,-0.5672314734705435,-0.15455163407353276,-0.9955450909601932,-0.6586963543809085,-0.5232200990790496,-2.1804874420479194,-0.8726875216162225,-0.3244344406864294,-2.1752093652421554,-0.8617429895869189,-0.15204198796136786,-1.9903589743958976,-0.80132485164698,-0.5115219879609743,-0.6138652435495091,-0.6012609405194674,-0.7786344345859644,-1.910281673183168,-0.760237911862901,-0.5625376194421341,-1.9053647661359168,-0.6520526548121744,-0.41896901261212155,-1.658769664051433,-0.5662627444279704,-0.8446668274327829,-0.3927124548777501,-0.5370847324848487,-1.0036020788320132,-1.619241730056715,-0.5895194970921955,-0.7913858231359522,-1.5749137854767643,-0.4233490601036983,-0.6830852819882004,-1.3075530346427968,-0.32409182072604853,-1.1156485469505888,-0.31904107978364005,-0.489162372857044,-1.1831889041574473,-1.2751920630435643,-0.48006329333545295,-1.023615962403343,-1.2518530797646776,-0.38803657880451115,-0.9791824079163272,-1.0154384502482692,-0.3383215464293233
unknown,0.0,0.0,0.0,0.18987260981507226,-0.8676091959256163,-0.19676863834196318,0.004179679974846109,-1.7440835322299206,-0.37304377978637215,-0.26565417889446996,-2.452141774911951,-0.4916246955141428,-0.3033803650639111,-3.0765592758453844,-0.5747988588120981,-0.16170391590698113,-0.9956004092253149,-0.6680337978591029,-0.5939763906903269,-2.1140894822723384,-0.8744062456995184,-0.5020242302649274,-2.321881341362097,-0.8590020155762033,-0.3491275256985582,-2.314682160216358,-0.7992574514834507,-0.5204512575216471,-0.6023045888126403,-0.605276524275783,-0.838307489934877,-1.8688890479460385,-0.7727923706830577,-0.6283706583938709,-1.9188774131890747,-0.6636036746722292,-0.4775985512377704,-1.7069210555275516,-0.5733424928315681,-0.852410214376864,-0.370213695558277,-0.5332555485440461,-1.0519022405974368,-1.5859851995549206,-0.6037980853341931,-0.8340774716234959,-1.5646753037550456,-0.43210510583219464,-0.719628069872964,-1.3189746821482538,-0.3229007040606119,-1.1257154209140676,-0.27735544507524496,-0.4762462837638323,-1.2264943686998426,-1.2434855548334887,-0.4841387156911004,-1.0556744197527126,-1.2303072979370757,-0.38954419210821356,-0.9955384850811646,-1.0043496915278507,-0.3335002947720085
unknown,0.0,0.0,0.0,0.1933278856539116,-0.8868642749110596,-0.185747329842154,-0.008168715305055975,-1.7857265406726215,-0.36283917342831684,-0.2714203494086557,-2.4948134007854965,-0.4891303601569507,-0.35210665524193185,-3.1026304321649505,-0.5783981901865559,-0.14123918591319046,-1.0671377198740024,-0.6535726323352721,-0.5902985523499197,-2.1630077908836007,-0.89817821085564,-0.4423302314559656,-2.213988496746307,-0.9174211829209561,-0.2760950283416132,-2.0654466977023036,-0.8713039816878176,-0.4852404397859529,-0.6288721619302411,-0.6075043370590203,-0.8386450307135591,-1.8688139057668263,-0.7910388555786843,-0.6277394106798605,-1.820187179571697,-0.6988324066209597,-0.4817833365431215,-1.5397989793466993,-0.6203787287448115,-0.8157675952132165,-0.3454351521771676,-0.5578628122584913,-1.0446868417237674,-1.5393249365446768,-0.6369347649236216,-0.8424178919186965,-1.4400981998192874,-0.46708158637837977,-0.7519382189511729,-1.1461729930714677,-0.3602949221929973,-1.099228144762966,-0.20015239739706836,-0.522193881683927,-1.2361989161651377,-1.1619625146210228,-0.5215664243449486,-1.0748957063129225,-1.0883430180932385,-0.41370699987808446,-1.0343102558339494,-0.8132764353512185,-0.3529192545207768
unknown,0.0,0.0,0.0,0.19660276808804697,-0.7515033990443811,-0.20993194549305172,0.0013709503819607093,-1.6456837018195605,-0.37802372236522275,-0.2681303433952948,-2.2982498573467067,-0.47761499346408737,-0.4161700252168681,-2.8155094753747707,-0.5656844004326406,-0.08446813278715738,-0.9447680994695103,-0.7574229797506299,-0.45087028536725654,-1.8876472993778408,-0.9414673286713092,-0.5758758215717369,-2.3218949572924052,-0.9321787798763573,-0.6765132303511877,-2.6519955267525535,-0.9037779647396448,-0.4313823988562686,-0.5610786633900577,-0.7064700697449521,-0.7780974237685352,-1.7532840442306952,-0.9040109640417165,-0.6065924260138847,-1.7840387846755204,-0.7960070804593944,-0.46752715739378115,-1.5632974834642763,-0.6990855970836742,-0.7535810329045254,-0.31096874868844343,-0.6344745014762778,-0.9850389400109767,-1.4741892109227905,-0.7382458724757457,-0.8046428056321315,-1.425690333232253,-0.5463015825004576,-0.7152485130705657,-1.185468539224826,-0.41505346478629335,-1.020392181921493,-0.193102816985193,-0.5753624326120788,-1.1796535771023058,-1.161022583222904,-0.598528546309865,-1.0241746507584666,-1.1216514410303144,-0.47428504915888287,-0.967284295907384,-0.8704425868229786,-0.3981216389904658
unknown,0.0,0.0,0.0,0.1702961366553686,-0.6332700102223151,-0.10672680534779583,0.12747534239303082,-1.440479433739565,-0.278789356809474,-0.09647936286258844,-2.045246833111016,-0.4210817382973557,-0.2295720626831505,-2.4885298605878843,-0.5818890197582617,0.4830136653841915,-1.077469659507864,-0.619292598801294,-0.0280324979489876,-1.9114853534300429,-0.8752034744369422,-0.3338458581188657,-2.3742220068465025,-0.9987466863006971,-0.6135382505407768,-2.701130257413403,-1.0757944536190962,0.14976695534027015,-0.6930361125477862,-0.7051743088008507,-0.4406460678272614,-1.8017724107296,-0.992927514715289,-0.34777142841228614,-1.6296804034490702,-1.0117244578419444,-0.17661295913690575,-1.2870754961584148,-1.003713655313979,-0.2035270211193361,-0.3908986812106591,-0.7690512435682988,-0.7095781856950837,-1.4800145518876973,-1.014450424222974,-0.5964969528976787,-1.280788965470555,-0.8735975176221416,-0.423785734146392,-0.948519460822669,-0.7468004950375301,-0.5742863803335244,-0.15720103358861093,-0.8331521704139946,-0.9189377539970361,-1.0702074970236406,-1.023765544178699,-0.7948940390877475,-0.9362965253738703,-0.9233851293803479,-0.6424488171064918,-0.6320780084711126,-0.8302936282606366
unknown,0.0,0.0,0.0,0.12217478071950594,-0.6402032764979626,-0.17293392908810565,0.062129960766991135,-1.392717660237628,-0.3999164642307037,-0.10699885837734198,-1.9613427958497271,-0.5816320919223942,-0.29758167893721854,-2.352925370733494,-0.7890928684707763,0.23650963661710947,-1.051437188998147,-0.7436162615764307,-0.37003100378763015,-1.7271631378223655,-1.029598842267541,-0.5296571938153066,-2.067105406176706,-1.1689793235721146,-0.6536956650629986,-2.2688341923836806,-1.2554571220865522,0.07399034111656068,-0.6211351643880126,-0.7802028819365715,-0.6516905533123797,-1.3766248752414996,-1.0075566820470732,-0.5562312281701469,-1.27818985755593,-0.9879533070545425,-0.3852007138280335,-1.1083236016496598,-1.000167514532331,-0.1752201637353787,-0.26164972555379257,-0.8029419162427749,-0.814710121819416,-0.9985785404646084,-0.9936160028241053,-0.6905978338096272,-0.9187694651754388,-0.844551639363271,-0.5103804214521028,-0.7444252359883075,-0.758174608037686,-0.46754185022892875,-0.02067892541352728,-0.8291459532133431,-0.9619003800108773,-0.6652483537606598,-1.0022215024806254,-0.8349392034995713,-0.6012039077628517,-0.9079632527979055,-0.661275769499501,-0.4223042342376093,-0.8397877174866639
unknown,0.0,0.0,0.0,-0.167218070658273,-0.41956542070025304,0.023354275190336997,-0.20883244179584037,-0.7777041049973902,0.008449543084573845,-0.24432195999267572,-1.047830134219374,-0.03412423385562518,-0.3166752659604593,-1.2645382789383153,-0.07968443811573188,0.1773843072498743,-1.0263244649805157,0.07591286678079784,-0.04418048437437706,-1.2025549831865872,-0.051134651138019044,-0.23294118197234107,-1.2606794899554867,-0.1695181670237516,-0.40036749830562546,-1.2649831214013056,-0.2341284866065557,0.26753358995170434,-0.9634899608132628,0.010624201598744184,-0.06098375026299853,-1.07445216680912,-0.11616536984143906,-0.22693530245209773,-0.8519141557296087,-0.18461506084792983,-0.30571967025632496,-0.6347996450581331,-0.2099970486640185,0.3180959436063939,-0.8507507475581918,-0.06813167600014115,-0.013351855398076162,-0.9649915572607922,-0.18158539425735443,-0.1526369920051053,-0.7326332606705334,-0.17171452394832093,-0.20080705174653604,-0.5106912979898391,-0.13599075046167586,0.33903594063890047,-0.6924499457113262,-0.14968829325837935,0.0899317554124543,-0.8357611091163673,-0.21450278726262134,-0.040676759330141705,-0.7202333613929913,-0.18724884549128698,-0.09892867735077043,-0.5726276793998711,-0.14676368821403513
unknown,0.0,0.0,0.0,0.149592826288376,-0.65585110930836,-0.11498887020641264,0.34435216043514955,-1.217026530756526,-0.21600978838320328,0.451115586526782,-1.6281188768207784,-0.30175566981579865,0.5473408311179936,-2.019570822312582,-0.37887213788841173,0.8756941308255973,-0.8960954501716077,-0.265146271049101,0.45686161029399275,-1.4982023229898902,-0.4577675593205184,0.17144641346507,-1.7444845543213505,-0.5710111259479081,-0.011246379473242947,-1.8745924248724484,-0.637347616991966,0.7484353575680786,-0.5927747475739572,-0.29742665344681807,0.2066206990430773,-1.2852222452967705,-0.4664655742636796,0.004438602260208705,-1.216834127009497,-0.49509680762875835,-0.038999261198679414,-1.0886921444612367,-0.5182363475327718,0.5270286479711719,-0.3366739464965016,-0.3408486870776491,0.03567676372526292,-1.0336891309143244,-0.4880626231110014,-0.07032846115985619,-0.9062982838982516,-0.4305004087354016,-0.0313512122542691,-0.7393766195688257,-0.38827855462192373,0.26291482869470123,-0.12092195041397823,-0.39436984528263813,-0.08155663293387463,-0.7103888753765805,-0.5204069023039448,-0.1373651333539432,-0.6743985044139281,-0.49748259371016745,-0.07635004622577822,-0.5489849591822967,-0.4645601521276695
unknown,0.0,0.0,0.0,0.16164837948784777,-0.620219008027565,-0.0960651392843228,0.36361616138809055,-1.1501607532918456,-0.1961572710029001,0.4532154969470917,-1.5722822141595159,-0.2836500438424057,0.5238245622183528,-1.975992927343797,-0.3612924740367353,0.884703569800409,-0.8418791341950126,-0.2577566519229984,0.4830785667777549,-1.4178077636852073,-0.43250254734940397,0.20806211638470867,-1.677682628183119,-0.5292034040517434,0.02810243238437984,-1.8279358069273473,-0.5877751071630717,0.769753236013976,-0.5649083528687449,-0.29725159125753003,0.24828181598345192,-1.2217203706484692,-0.4488618901687015,0.0814314941218706,-1.1173149076194329,-0.4656550960130307,0.0702157065142755,-0.9618927611299445,-0.4855150072160701,0.5613870779761782,-0.3209739949889014,-0.3440883835502083,0.08796800019917243,-0.9875179420949187,-0.47427218430776796,-0.01881059750897169,-0.8408483525017896,-0.4073480013130641,0.024616209262237575,-0.6666545549149123,-0.3639389800698109,0.3131369384074802,-0.10450256941524927,-0.4000424658837182,-0.01918422341742203,-0.6719845011613811,-0.5118588792961176,-0.07586111869456443,-0.6194618897863967,-0.48125011550501706,-0.013546860162193544,-0.489012182403756,-0.44701751793751526
unknown,0.0,0.0,0.0,0.1532181264889621,-0.6265460765636782,-0.09594368696301658,0.35328025291776877,-1.1595259070457147,-0.1918983114584602,0.44958363787881883,-1.582619323448521,-0.27373385639767067,0.5187622370774231,-1.9847561253153838,-0.3453020995917965,0.8731725819215596,-0.8459304275614197,-0.2652648414828033,0.47624823555711954,-1.4069920492947916,-0.4351349924549217,0.20089866788445845,-1.6397290774156785,-0.5197472720532021,0.01905601711218715,-1.7681592140246338,-0.5681656878963989,0.7644111007094578,-0.5692691690771676,-0.3026686013618628,0.2382548999302759,-1.2137538105218015,-0.4475986346946556,0.07135649605647296,-1.0811799175318437,-0.4535188486364691,0.06694059930059765,-0.9064988148426011,-0.46477617384957465,0.5609958437280708,-0.32361230890331194,-0.3467173585176163,0.08107564775738244,-0.98560731331204,-0.47557463298746505,-0.031157364416841506,-0.8338164405616291,-0.40669087402438664,0.016518275872377513,-0.6587293199102537,-0.3604299767550635,0.3162676142172884,-0.10260130652742051,-0.39902273856817944,-0.027294776764380687,-0.6714484645588138,-0.512960336159187,-0.08966161209638059,-0.6211940685088327,-0.48327030492236195,-0.031521593999135795,-0.49198233442512407,-0.4478124132118839
unknown,0.0,0.0,0.0,0.1606857725726644,-0.6290390416643595,-0.10100915045607908,0.3606717857617393,-1.1659819251536432,-0.2037837369007823,0.4493543102961245,-1.5926801988677926,-0.2921394557215492,0.5136888098586749,-2.000997408037568,-0.370623082474999,0.8771302885494026,-0.8496066584818917,-0.27606289045325155,0.46877155977426677,-1.3967303555140618,-0.44374852034386403,0.19853385854446287,-1.6227238884606363,-0.5304975464857827,0.02299876674050634,-1.7449545120117034,-0.5841693407503786,0.7630398286206368,-0.5642096593522068,-0.31533740696634116,0.24242394969626765,-1.200456607661373,-0.45883013016228713,0.08543161680041621,-1.0804917682885267,-0.46927859687544127,0.08401969233242634,-0.9184136705646884,-0.48856013397892056,0.5582328992663377,-0.3131455055690839,-0.36092251666553965,0.08543806394410566,-0.9708877467103764,-0.48493306764639055,-0.019799436156052955,-0.8256825976790753,-0.4175462646112246,0.02762317396607607,-0.6574255574432667,-0.37796254308678895,0.3098097534241617,-0.09401689122303733,-0.415543781781281,-0.029858785511830254,-0.6635137241720894,-0.5244151177148436,-0.0860216593908748,-0.6105553385924498,-0.49315021016434396,-0.0235586366984983,-0.47812017600971896,-0.46126070333321034
unknown,0.0,0.0,0.0,0.13943780919121648,-0.6581329938195617,-0.10107939742714075,0.3302936338419061,-1.209134462719093,-0.19750118965004768,0.42293192007511476,-1.6394081001024718,-0.2790364989461519,0.48739186860894024,-2.051055404840766,-0.3500257785201515,0.838171585824022,-0.8885747940428554,-0.2756164145261305,0.4323125171602865,-1.4414226304656808,-0.443426714399778,0.14614871428877613,-1.6703948518545713,-0.5230306599536632,-0.0465249098903531,-1.7999751586050732,-0.5696992462685881,0.7244951590197751,-0.6136523684618996,-0.3139068894401841,0.19436428326200056,-1.2465183863639993,-0.46394802519904094,0.0304043249741212,-1.100025826659678,-0.46959872954161463,0.028617409764443092,-0.9175149449383566,-0.48134799301996967,0.5211901228456317,-0.36751361322805315,-0.35907340404367544,0.032155980586546555,-1.0101895202461102,-0.4919136793241194,-0.06932808927861325,-0.841100448719908,-0.4194419524495659,-0.011973335645203085,-0.6585489026455504,-0.37180604353409713,0.2793834080567373,-0.14855305850436204,-0.41324790929494676,-0.06909697162654772,-0.7072977408560575,-0.5284764661439533,-0.12897034145496147,-0.6522829891074801,-0.4961135927928697,-0.06587753876498018,-0.5270676660752758,-0.4608404514794879
unknown,0.0,0.0,0.0,0.37440806309419855,-0.5460055025405796,-0.14657536101539265,0.5448951107097196,-1.4182043184882074,-0.3194652131862123,0.4187493610267171,-2.071231341094064,-0.4514685853093443,0.06046956468584839,-2.2382482396482373,-0.5650833624026955,0.35736494520978285,-0.9602542848541037,-0.7078509881635245,0.10940257726484741,-2.102644954512769,-0.9707954400992749,0.05596793843319237,-2.0278247975424297,-1.035351368935625,0.07947646988370943,-1.7740150643146073,-1.0141199263929683,-0.04687320081477177,-0.693726724184904,-0.7187114408419141,-0.28301129248033313,-1.9638159461906706,-0.8956871224816346,-0.38252684311285395,-2.464861054976054,-0.8733593425959141,-0.44289130467257376,-2.7834436450040383,-0.869531807987747,-0.4379430774288266,-0.5159075986874972,-0.7107583902958127,-0.6029008625784147,-1.7021147490076802,-0.8323191906913671,-0.4924713474599324,-1.5750181826720262,-0.6842050981009118,-0.39841103317128723,-1.2659856607490791,-0.5738975340349225,-0.7696555270869981,-0.42093417916687137,-0.709032918210217,-0.8586223553263496,-1.421075973336318,-0.7191023912990293,-0.7287040668569915,-1.3404294018723535,-0.5497267394063536,-0.637610384327776,-1.0545307414519633,-0.43347801162805455
unknown,0.0,0.0,0.0,-0.25195817365598805,-0.2565612905651273,-0.05180219231069887,-0.4271482963054479,-0.6760937981435532,-0.08479106501792806,-0.5370624362701091,-0.9866494621097995,-0.13897689962118528,-0.6750374091435458,-1.1920913502179886,-0.17943492823317012,-0.16637931363741987,-1.0291800516929763,0.01239565010221394,-0.2582762246895008,-1.2401709128468272,-0.119581487327309,-0.33309152844112705,-0.946725140684823,-0.19097027231089997,-0.3699735909686011,-0.6950366002261241,-0.21050773515134674,0.007291819509299045,-0.9998319016973503,-0.016822535971250104,-0.11527200652749607,-1.1337512116757436,-0.19507758466372296,-0.1950071391977759,-0.7551274006870006,-0.26085829222326096,-0.21714571804380065,-0.48560027028701036,-0.263292527330465,0.18897807391677532,-0.9276036996309631,-0.06769221021783661,0.09995501731530466,-1.1607096932658572,-0.24297713596459217,-0.026768677683119094,-0.8571477450255715,-0.2585454060110068,-0.10274457650133799,-0.604091499942942,-0.21502702200156343,0.3621927472753987,-0.8463605563113862,-0.12021314356485087,0.45727817788272485,-1.2111565944287972,-0.21753641108223543,0.5100369650657622,-1.4377750160897156,-0.24225506700811802,0.5446638966629755,-1.660810609882721,-0.2360320342295161
unknown,0.0,0.0,0.0,-0.24431534420866355,-0.259664330948507,-0.05129921536121473,-0.41385764859884633,-0.6789646002000542,-0.08454117108291771,-0.5265090652090502,-0.9834256853383834,-0.13936593544816864,-0.6630805818532726,-1.190703815490406,-0.18046016623788141,-0.14041685859001862,-1.040941490035266,0.010078485275694183,-0.2383027055343795,-1.2456220649978473,-0.1204401926292119,-0.32363289597198996,-0.9510487361516368,-0.18871996092354976,-0.36693435313163875,-0.6997000060116262,-0.20491457674928093,0.027594045767644303,-0.9994163378106522,-0.020138330499758564,-0.10031572788063642,-1.1319783741169671,-0.19771023658839523,-0.19044240688771663,-0.7555896868193173,-0.26316521246492763,-0.21950383499299844,-0.48360343838956055,-0.26415262492665403,0.20274645896574336,-0.9181615063853339,-0.07114665480321955,0.1064692427032517,-1.1354301188980072,-0.24467668351781455,-0.027031099468170183,-0.8311238672542771,-0.2618488718761532,-0.10521531471453877,-0.5782844925328491,-0.21816463449510579,0.3725693990648871,-0.8332874420237601,-0.12376792638866113,0.4616853801042173,-1.2045115390063668,-0.21927394111423892,0.5116035498846272,-1.4379874220053874,-0.24323361022492707,0.5472694081459543,-1.6584167221049264,-0.23540451598284398
unknown,0.0,0.0,0.0,-0.22799616525379704,-0.23890786909181325,-0.043371024277370746,-0.394536490093911,-0.6644491141844051,-0.07452416309532107,-0.5149794646797846,-0.9605666637882807,-0.1226619009587287,-0.6477693080660564,-1.1582385721586348,-0.16400949721057076,-0.0926515798970219,-1.026208216587081,0.03426083404040538,-0.14214214963596347,-1.308768463685852,-0.06099160861005796,-0.24238842225833382,-1.3885135717002448,-0.12620508034825242,-0.33515570537712913,-1.4148534843056955,-0.1558829335554055,0.06361303798117014,-0.9979684719138573,-0.0035086271854821434,-0.029550306166003414,-1.2656263665544079,-0.158361258554317,-0.12440377029148579,-1.1069794490073939,-0.2337467169184086,-0.17847704055307165,-0.9487467638280751,-0.24067414601161863,0.22483249799434502,-0.9211533996534125,-0.05575279294278989,0.11715155168571346,-1.1265659277291402,-0.21961968266362203,0.017003367211288836,-0.8556601843184243,-0.221264327938181,-0.030482977969721832,-0.6327364186396811,-0.16118257917170087,0.38370210715890685,-0.8166989786045233,-0.1102126561305716,0.45378098976581555,-1.1623293485669124,-0.19974366775469748,0.49126586687112683,-1.384805876792262,-0.19794616535922596,0.5183146471317693,-1.6047703100679542,-0.16869981192766498
unknown,0.0,0.0,0.0,-0.2265701662027581,-0.1511404276381224,-0.10624717981756593,-0.4060132893759707,-0.47538418261041443,-0.2068324167657154,-0.5567662905744969,-0.7326446261224181,-0.3155077513210065,-0.7146860175041151,-0.908657963862904,-0.40522568493100053,-0.12359417559232946,-0.9976522716234704,-0.10021669489883417,-0.10918940847559647,-1.402925536695726,-0.2604445612804474,-0.19257001327064388,-1.3341002911437614,-0.3657628772482057,-0.26899518569249553,-1.2129004971903234,-0.4161676209308932,0.015272827897917294,-0.9908242123263061,-0.13429117988890923,0.07558563790248692,-1.4692285299816892,-0.27163543866982376,0.06211659851358001,-1.7495229348108499,-0.36674462845076977,0.04947564996923809,-1.9957005939052264,-0.42951882363943494,0.15315285589927835,-0.8795956736816877,-0.18963528934137694,0.2073890745851985,-1.2691735241402338,-0.32418392263573503,0.09496276464487644,-1.1874636958659448,-0.337627089368573,-0.01180075062353954,-1.100249294162633,-0.3242140659385589,0.28279559409951593,-0.6992914554423864,-0.25688864664938477,0.3807002124197166,-1.0067043842404055,-0.3507024621981107,0.4326098822637466,-1.2152227339228687,-0.3647263539644444,0.4743592273892224,-1.4238681249806449,-0.3616520273145365
unknown,0.0,0.0,0.0,-0.23060726959010533,-0.17758959583965855,-0.10028753808446673,-0.4176685523751926,-0.5065661837174392,-0.19453768954913694,-0.5599278231201923,-0.7678064772200959,-0.3009950791807352,-0.6909729067225808,-0.9668608900798064,-0.386536474577435,-0.1341427177819152,-0.9984671878013788,-0.07720276065514634,-0.1470245877340605,-1.3989520323770321,-0.2373770002170309,-0.2194533250193669,-1.2978504219586073,-0.3425884252850048,-0.27668312052898825,-1.162205202612616,-0.39448513375990346,0.005569522935083864,-0.9935055966265387,-0.11364686483146386,0.04099847094982486,-1.46581416169041,-0.2569350872060278,0.025840986427901752,-1.7304322497202815,-0.3551677868386058,0.025515968036103853,-1.9784486509272567,-0.4205698434960543,0.14199724794583232,-0.8896781717732647,-0.1719447817880466,0.18691537268493286,-1.2830725304164423,-0.31209147347195937,0.07444508207667444,-1.1243987782600648,-0.306934842922121,-0.02013219303096129,-0.9860785943920418,-0.2780878209832828,0.2744956026234546,-0.7190359047866853,-0.24318399143526007,0.3568378057145907,-1.0163261953985248,-0.3415298888036959,0.4102146677027095,-1.2197044702716902,-0.34436780786321974,0.4609402087588327,-1.440108397164427,-0.3314163229229458
unknown,0.0,0.0,0.0,-0.22419773818290883,-0.18282225673108718,-0.09844575773392499,-0.4066377142191149,-0.5128423597211742,-0.1926787798908969,-0.5501606076403006,-0.7697703290016927,-0.29765025401652984,-0.6884572149033509,-0.96620164877396,-0.3840588836345388,-0.12713686429747006,-0.9922596388713457,-0.07746622501504237,-0.15665840179326151,-1.3782104229682284,-0.24726517612200663,-0.240633862613969,-1.2497310368580736,-0.36571095042723356,-0.2993134629160169,-1.0904979956604832,-0.4232281855841907,0.012563546416375748,-0.9933062903413001,-0.11482495752164751,0.04297399190624408,-1.4599789342132714,-0.24768673056512144,0.02694073750350439,-1.73359626051408,-0.34239259811297873,0.021909968952674583,-1.9812094208017696,-0.40728288168059135,0.15120157994890004,-0.8876032463956286,-0.17589190724805756,0.2059815280733945,-1.2710726105112344,-0.30358219094207706,0.11867659370274047,-1.1927303588953764,-0.3116726641385777,0.034154137519637334,-1.1169116786520883,-0.29770014667295464,0.2826312392080994,-0.7095003242820096,-0.24951004168474297,0.36460434682164955,-1.011609072923701,-0.33454159750826196,0.41178780363145123,-1.2151691656880435,-0.33574424965618477,0.45270675309142167,-1.423496580807634,-0.3255116549132247
unknown,0.0,0.0,0.0,-0.21959090512875606,-0.2487967869424398,-0.08400437604802485,-0.3777649214350335,-0.5992048109801436,-0.16882368783780186,-0.5002707755136524,-0.8741436646310781,-0.262704894113701,-0.6220210600622413,-1.0998099003655297,-0.3494007380014786,-0.11792551860356344,-1.0068376835010013,-0.058775219119178185,-0.1518262568916239,-1.3877806047086823,-0.22129136385860423,-0.2510350754901135,-1.4096660553601736,-0.3498799688646441,-0.35053128966546065,-1.3546969846815644,-0.4166889721547971,0.021341602029163888,-0.995029408126054,-0.09726773867600379,0.03377495017133169,-1.431584802866093,-0.2149251692537149,-0.023062612171680222,-1.6870907378098843,-0.3074236837100742,-0.09732098785196934,-1.8750276014948264,-0.3673546793829528,0.1672870962977864,-0.8863397306439621,-0.1593666349438712,0.210078767381903,-1.2495280291404265,-0.273068960469308,0.12518944601278692,-1.3792851981834098,-0.3165096679658774,0.022838110653187034,-1.4653390686278556,-0.3312702013712346,0.3051814784320419,-0.7102192142986773,-0.23064712830994505,0.389449931182224,-1.0180207179427971,-0.3081824904342846,0.4293626015198212,-1.2286233222011842,-0.32733608552928,0.4479915189086752,-1.4219273697544623,-0.33196027027096253
unknown,0.0,0.0,0.0,-0.16107876709729677,-0.5616624151408331,-0.04298900024509842,-0.08315384502576091,-1.0400607341083965,-0.09044671539996761,0.055086001138908304,-1.3852613103083846,-0.13773258014479417,0.1696452260411365,-1.6623480281543914,-0.18576982417554164,0.17213167470841187,-1.1503129859693748,-0.16380454925685028,-0.19792786640402066,-1.2919998830364599,-0.2807346224735453,-0.39904786244284457,-1.1320389042844412,-0.34552909762492856,-0.5036664463189265,-0.9650965799147044,-0.38243732578163114,0.2162444656433359,-0.9582779421674334,-0.18692703558869475,-0.23634275287578355,-1.079348794943736,-0.31789494199570184,-0.4025100061567723,-0.869962171545867,-0.3460667790350461,-0.47321062515698104,-0.6506614115713364,-0.3625660979345686,0.2022331829171777,-0.7155667590682634,-0.2149743914440664,-0.18173604053172202,-0.8805392874769978,-0.32617919297306736,-0.35910050342657546,-0.7467952585561562,-0.31000004414214544,-0.4545367680256544,-0.5981156042333806,-0.2920412549708725,0.14867321226908148,-0.4422871108968382,-0.246513190854007,0.05315338503065518,-0.5540122002909824,-0.3472660363522211,0.03632655672278764,-0.6643748873581466,-0.3891729070509165,0.016014209249016344,-0.7751020106057244,-0.4129774918323012
unknown,0.0,0.0,0.0,-0.15907175963059716,-0.5584728989173514,-0.06282488300775425,-0.08635655960418473,-1.0435676029165948,-0.11777903687395694,0.04660212480660682,-1.3898231380582633,-0.16351661569649728,0.15812096300755088,-1.6758549164166128,-0.20279784157752948,0.18640518056456673,-1.1477776414799974,-0.21298947519752764,-0.19407774241604456,-1.2804090689573187,-0.33312256859914224,-0.38969165653331495,-1.100801982843976,-0.3844827557095174,-0.4851159065611302,-0.9329425909767577,-0.41150009714753294,0.23526842031882522,-0.9450192014872827,-0.22712877233195924,-0.2316501570403138,-1.0611085745506115,-0.36874307998536354,-0.39470523275408237,-0.8418202485707262,-0.38076663799864574,-0.4591261749404748,-0.6184470185807163,-0.3826508543624963,0.21955603136996918,-0.6880839753613694,-0.24608593682243782,-0.16511172421679,-0.8582889236835799,-0.36584222382530296,-0.34875559374327947,-0.7304758244875642,-0.33224160215274495,-0.4450911851920212,-0.5824336375504899,-0.30000951366492934,0.1648165476813048,-0.403566613032049,-0.27009428903477,0.08252663944701186,-0.5087980619680862,-0.38897767578326,0.06691805086634955,-0.6456744267052518,-0.43549287008613086,0.04842849505052702,-0.7833601761961836,-0.4580904683600503
unknown,0.0,0.0,0.0,-0.1698976093725667,-0.5468798849596611,-0.07168732496123566,-0.10313826123489506,-1.045047142722524,-0.13176407878283392,0.026530910380494113,-1.4062787231222846,-0.17896371089453492,0.1346141967785924,-1.7088593560971481,-0.21884972225193935,0.1838634495231096,-1.1440340038575851,-0.24156233727899407,-0.20526888827196513,-1.295411809541834,-0.3600539390759159,-0.40823251162952,-1.1212815331646313,-0.40388715800712377,-0.5049614349803456,-0.9544422745945947,-0.4278403896432474,0.23317549085068737,-0.9389853470120908,-0.25285511377689085,-0.24307157491480538,-1.058310806646888,-0.3960727605920584,-0.40533971150544984,-0.834294718196602,-0.4000207577370077,-0.4599214685068324,-0.602471727364814,-0.39814322826005366,0.21550022188767984,-0.676872238651224,-0.2686328665067749,-0.16449251170885953,-0.8518702419330657,-0.39107991334363373,-0.35399637466642586,-0.725154962036076,-0.35320237064230986,-0.44988510004092136,-0.5754522727839897,-0.32055737484771624,0.1633798527639933,-0.3847774876017802,-0.28979966621528197,0.1010524735297416,-0.48945491761602505,-0.4174130066904839,0.08227529321716649,-0.6434095064117029,-0.46993862615093607,0.05906444701244004,-0.7981631883455511,-0.49797113586581054
unknown,0.0,0.0,0.0,-0.2764972121359859,-0.19863611997492478,-0.1594804677220696,-0.5091698009508138,-0.4927461397562367,-0.29168754891513765,-0.7267523182737072,-0.7338161339879651,-0.4217896424740145,-0.9421967664990538,-0.9237528308374848,-0.5532540985223415,-0.1534668999118757,-0.9835627648427943,-0.2873916414982357,-0.14104825615616434,-1.432237491871563,-0.4263042182430059,-0.1314087932577411,-1.7648987976442092,-0.502826362011264,-0.1233954755788303,-2.0536713689197232,-0.5596992027672587,0.06909485437635775,-0.9521177778750983,-0.297821487057087,0.03968134202085407,-0.7960132437685522,-0.5700601577778306,-0.09035601276770552,-0.4562066315700184,-0.6574902774414216,-0.19625087525916446,-0.2031177229026584,-0.6701482760243015,0.2562133629663401,-0.7920008883035208,-0.31457871464503245,0.23080255077828138,-0.6389717595842154,-0.5960378807636786,0.07724199447981696,-0.34820092792020646,-0.6146065628700648,-0.04767283872721947,-0.14501291445111864,-0.5593398808675785,0.41242352602848226,-0.5930828336390712,-0.33740646920802814,0.5568190807519223,-0.7761936213068636,-0.5404486152688285,0.6766061785167389,-0.9143852611190965,-0.5739238699365183,0.787039996403595,-1.0436380264257799,-0.5556384259848312
unknown,0.0,0.0,0.0,-0.26767851275648163,-0.1933747533763874,-0.16286458098458045,-0.5001493581031984,-0.488922853808217,-0.2970805001025869,-0.7216345390914284,-0.7279315563074181,-0.42833031642124275,-0.9450025626329446,-0.918880127594816,-0.5617876791361374,-0.14758153289910206,-0.9796556796592398,-0.2966865982682497,-0.13628853667943838,-1.4169112153416379,-0.44046804035556597,-0.1265264010512978,-1.744760860835562,-0.5217784346216789,-0.11745798495131082,-2.0317765396649166,-0.5833170008508802,0.07874093560976646,-0.948636810213982,-0.30641159796316475,0.03766825520396807,-0.7826830173118158,-0.582500783481833,-0.09666340866883147,-0.4331210523424133,-0.6697977221324795,-0.19567664968755513,-0.17990936546630354,-0.6839760619733503,0.2670257708098183,-0.782057529322653,-0.3230597793799078,0.23992895846842355,-0.6223373543594538,-0.6071889548451826,0.07461843627946288,-0.32946671363895974,-0.621887246073831,-0.05520569362940758,-0.12557077292446825,-0.5653955425668286,0.4222185028897795,-0.5736246744914658,-0.3462990211534051,0.5673054288704223,-0.7563858476809173,-0.5551897569673883,0.6846472462440178,-0.8943496329394883,-0.5906532443257493,0.7942754204830286,-1.0250677313124743,-0.5744886998480927
unknown,0.0,0.0,0.0,-0.2765542187045873,-0.19258189041928558,-0.16129409800588637,-0.5190867246429124,-0.48796245363904794,-0.2937179611894236,-0.7459267062961417,-0.720480007950783,-0.4237488583741657,-0.960297772577371,-0.9211780145436402,-0.5558606082878246,-0.16487681150326272,-0.9668812349704018,-0.30031211038766137,-0.16328481911481516,-1.3969091024351048,-0.4447493577714795,-0.15814812567509148,-1.721251981325916,-0.5237881883105806,-0.15001092868028984,-2.009573397325447,-0.5831710561823488,0.06486373499699087,-0.9482934160435891,-0.3106964643677502,0.01802215022380627,-0.7663436768502401,-0.5838213409594593,-0.11585980309480985,-0.4210046903998715,-0.6723802606064141,-0.21823646908510716,-0.16932427920443704,-0.6898617756024246,0.25772514149036385,-0.7867569387413443,-0.32742136331475136,0.22041267349153212,-0.6014014757626064,-0.6121556238313625,0.05262631827294332,-0.30838079336387525,-0.631670022928352,-0.08131712077426047,-0.10335106839381991,-0.5794015418361493,0.4176284407256467,-0.5787739468711895,-0.35041321954714877,0.5517787841293676,-0.759305805644028,-0.5590823628694236,0.6702982841693697,-0.9008506374797696,-0.5969332213789758,0.7821308696380821,-1.0296548455809904,-0.5836864627421446
unknown,0.0,0.0,0.0,-0.27848987616197923,-0.19443033891449774,-0.15831192053328563,-0.5235446163375543,-0.5042737196458086,-0.28461172566552273,-0.7538933363577718,-0.7508192021676311,-0.41110769026259925,-0.9781615851622943,-0.9427543668429446,-0.5420392992641538,-0.1724702209670384,-0.9709715069801542,-0.2922354522072198,-0.16512605831992877,-1.3937365328437192,-0.4373662925883807,-0.16008540871944768,-1.7131357350457799,-0.5171962112724482,-0.15587244121918364,-2.003618551867666,-0.5776007014578054,0.06747189725151505,-0.9494613156704059,-0.30654649423326125,0.0185066377454968,-0.777558721990449,-0.5940993203967523,-0.11668249898949772,-0.4028789842239278,-0.6876965369118502,-0.2277207349131627,-0.12236374232692314,-0.7040563307183262,0.26829525032226526,-0.7882619259738946,-0.3272604167917798,0.2277831639738084,-0.6197157889876354,-0.6257394717755934,0.0646663670770825,-0.3065565105701799,-0.6476473004142954,-0.0721584508105629,-0.07667123685685799,-0.592253338801751,0.4329747619217791,-0.5843479367638521,-0.3538554948548553,0.5696182571874217,-0.7744014815985568,-0.5703080328447953,0.6887259462462076,-0.9249099940688201,-0.6116838868810717,0.7951623253618919,-1.0593448127907896,-0.600101705581974
unknown,0.0,0.0,0.0,-0.37351205371355883,-0.17079403405987356,-0.12049558512425601,-0.7114610827184076,-0.5122521364969457,-0.2574888785562236,-1.0077112354826734,-0.740997132806769,-0.3991167742868208,-1.2750467212527257,-0.949084451682814,-0.546285192896245,-0.29587374272104705,-1.0105454682380641,-0.1978864478939343,-0.3160956672904607,-1.5299162910898279,-0.3233259683867304,-0.3342812993524541,-1.7056909534153821,-0.40046060105430953,-0.3603730136316604,-1.814839811999838,-0.45693869042260515,-0.029394804365303506,-0.9689078965647808,-0.24566935798087966,-0.10924792676521174,-1.2107146892017053,-0.4533171844139544,-0.25199193344806364,-1.0224061854826332,-0.5399849838194425,-0.35243603391252853,-0.8630344184020029,-0.5677965364296691,0.22977295129430142,-0.8661393721265881,-0.30781873287005224,0.29753239909390233,-1.2305562802355927,-0.4841471593520229,0.2798823237318374,-1.4473640512008572,-0.5262947543729543,0.2729318571096891,-1.664601935010295,-0.5388125952744068,0.46178621669599584,-0.7169990921099754,-0.37356334476078773,0.6553291495893685,-1.059263962652709,-0.48677589919782555,0.7927700659825443,-1.2944371106712889,-0.501739731029961,0.9224125509786851,-1.5647240435294083,-0.505964106153435
unknown,0.0,0.0,0.0,-0.32003954587260286,-0.21422170818152783,-0.025331594685201762,-0.590414057940968,-0.5604835694086182,-0.09496106147664465,-0.7824175910256601,-0.811700344975238,-0.18065649752024926,-0.9810035300755089,-1.0091847877592122,-0.2698549686474799,-0.2631617452785735,-0.9418069009387493,-0.01918877833481491,-0.380835026727909,-1.0245951068294215,-0.15522226094477692,-0.4608080706089519,-0.7505982683881056,-0.2873502664423299,-0.5088908660398112,-0.4953004992337228,-0.37017789543418617,-0.06883687370964704,-0.9932242315489517,-0.09363285044190653,-0.17076033241506405,-1.2390866192549566,-0.22746450622264117,-0.33949733739722887,-1.1660722765005984,-0.33492398521013594,-0.46236046699776584,-1.0901816569874003,-0.40379777815582374,0.14037567340530224,-0.9618889213733738,-0.18599992458345146,0.18973022793177713,-1.440593189246183,-0.3325679247592722,0.13398969310566894,-1.7637532664773141,-0.4422691295393038,0.09053220088514163,-2.070455284824008,-0.5166801691499967,0.33091756243780096,-0.834797223439488,-0.27062718109737316,0.497881830898546,-1.2080276540323314,-0.36858344433082335,0.6135358728580732,-1.4430835641772308,-0.4075557475904633,0.6951939668812336,-1.706954158787787,-0.44402878464283235
unknown,0.0,0.0,0.0,-0.3071637423598857,-0.2167164907195725,-0.017730265954357335,-0.5715584364464439,-0.5637726375434784,-0.08386688953901328,-0.7605795883549058,-0.8131092061528957,-0.16683899803014604,-0.9509671360830546,-1.0081243982699304,-0.2537168053194787,-0.24527714029176864,-0.9443775079320216,-0.012378618713935483,-0.350123394758375,-1.0276207627788778,-0.1451146231420146,-0.42189324028495884,-0.7737452586187004,-0.27603404594754927,-0.47171843728820073,-0.5431282528005901,-0.3591213610463041,-0.05508898765472195,-0.9944504503390377,-0.089629823494544,-0.16386340533391278,-1.2163468179442958,-0.2156416083972753,-0.3334988789864037,-1.1512393258324334,-0.3184333491903448,-0.4604628041696331,-1.0922423542278539,-0.3860429699829864,0.14880587924081334,-0.9628677064301571,-0.18451430894967782,0.19618219284561933,-1.4211799206592857,-0.32780916410910554,0.1417179631567054,-1.7365288514883825,-0.4333023038023812,0.09339741989203094,-2.0420754557046,-0.5055515067160661,0.3349613760473934,-0.8364668026564726,-0.2712849763416122,0.5031942910430336,-1.1901689197313021,-0.36944118085591776,0.6168748668956756,-1.414069227981605,-0.40614983211242384,0.6943210790888957,-1.6710731172484732,-0.43996520665247413
unknown,0.0,0.0,0.0,-0.2949357228075162,-0.202922104317174,-0.009043644127150067,-0.5385406392334301,-0.5409318276121869,-0.06695198578594523,-0.7099179480701115,-0.7781638025207697,-0.14384446873063456,-0.896031454275055,-0.9500411262954966,-0.2235088731770592,-0.2594592131646331,-0.9437215971684739,0.01773966370143532,-0.38869789428585133,-1.0348716216428815,-0.11232373225226781,-0.4517378210944443,-0.7771071742521412,-0.2399665190878813,-0.48720983285182773,-0.5329960582956197,-0.31649968071868956,-0.08201837985061794,-0.9947969611360747,-0.06043170923539146,-0.20966256056220658,-1.2109983227434125,-0.18505199900793765,-0.36385494819985265,-1.1426900601314465,-0.28819961766997537,-0.4750524231700376,-1.0813553941629124,-0.3483189877735832,0.11153800238488842,-0.961891555291935,-0.15675944414829976,0.1464318484436697,-1.3950360547902627,-0.2914226337483257,0.1075948560968529,-1.7002670626827097,-0.39223535787981323,0.07313786716722614,-2.0044781750381087,-0.4562503887823534,0.2926579186257299,-0.8317002595042678,-0.24509385086613728,0.4422757692983256,-1.1549314303425637,-0.33595334004905103,0.5444572327844416,-1.3684558004300202,-0.36615926494581136,0.6127902337666555,-1.618959348741038,-0.38973989820752
unknown,0.0,0.0,0.0,-0.24224708288149588,-0.19539086962218383,-0.05121568210680251,-0.4650428062207208,-0.48407475320843796,-0.12065671798269124,-0.6506579064311075,-0.6840258965945171,-0.20107522820469578,-0.7711716417711953,-0.8733227617655054,-0.28477993411900493,-0.21627966075386326,-0.9082461763690368,-0.07199684224125047,-0.40203127287225027,-1.0675802650817334,-0.21662927418744415,-0.5219139492887916,-0.8635376446390778,-0.3473883693205315,-0.6010968525760693,-0.6784352577575758,-0.42866926133344246,-0.07301094242350317,-0.9890626368809895,-0.12815811567144603,-0.19653234903895092,-1.3291494268484405,-0.2397213481133308,-0.3327703513633488,-1.4997806696220433,-0.34088604170265757,-0.4465336257644156,-1.6535461659945687,-0.4135656914191969,0.09350254386937304,-0.9520770811555729,-0.20172604078934822,0.1640583884125613,-1.4062453205654764,-0.3409464931968011,0.17544214111278014,-1.7243334105678556,-0.454298225642661,0.18787901087071163,-2.0316040782790457,-0.5304570550609817,0.23572890383244424,-0.7992034978563773,-0.2724728079945653,0.4459006267491534,-1.040018969423612,-0.40191570522398273,0.5780822500398326,-1.2313871470591418,-0.46453811790446153,0.6836821476168782,-1.4418941530987301,-0.5059353099125496
unknown,0.0,0.0,0.0,-0.2479691792543325,-0.18557752643766467,-0.056555924268263454,-0.45464268362163146,-0.48526308703891513,-0.11315369140477488,-0.6109916847239714,-0.7064036379582573,-0.17403488172958106,-0.756387075315602,-0.8635613218721098,-0.23987109447634689,-0.20786641209671922,-0.9251397199482086,-0.06331460127756637,-0.3349344021181658,-1.242372527145443,-0.15267625790547387,-0.44051597146855354,-1.424678929781768,-0.2314968977603754,-0.535153805674994,-1.581070358385752,-0.29719981591549915,-0.0586509004626449,-0.9912523743853753,-0.11823198446392025,-0.19424553817445173,-1.3537895238663769,-0.2137138310636574,-0.3352712618510482,-1.5177842533684718,-0.2961542157402791,-0.4551284053645933,-1.6593937209470013,-0.3561203458942508,0.1029964177846841,-0.9400467689526488,-0.18562544196661832,0.16413353326825014,-1.3889231527710686,-0.3124485023186859,0.15856858122068632,-1.680260370915162,-0.40685223089778866,0.13894019251818646,-1.9540925870877532,-0.47533108721814354,0.2487072714812128,-0.769350688716708,-0.2522170859812112,0.445159039741166,-0.9762703457444086,-0.38640327236822936,0.5502384284039885,-1.153664850679599,-0.45700729847191407,0.6285321648649518,-1.3495493339822224,-0.5057190080429045
unknown,0.0,0.0,0.0,-0.3164775404232283,-0.5482674273700768,-0.09954451840979482,-0.36763064806698215,-1.0949722454622828,-0.1453031184837456,-0.33059120131507547,-1.5203747443974487,-0.1858499166196256,-0.283847609660072,-1.8666247452116889,-0.2366869270147618,-0.10879128756747089,-1.2305674014580084,-0.17982667440558553,-0.529532570969518,-1.0615077854592025,-0.3256695467780511,-0.7084761172602551,-0.7847585498744516,-0.40899403086976693,-0.7967326630655008,-0.5750264002379559,-0.4460737007934129,0.013730525023664059,-0.983760457433835,-0.17896042878845062,-0.4905441287142449,-0.8383528790070479,-0.3337380255440004,-0.7009677918689248,-0.5640897604715149,-0.39581098790588737,-0.8194967436492752,-0.30995041664553774,-0.4310554248320962,0.07988911034681763,-0.6971569510676271,-0.1912223255687178,-0.3949972346049226,-0.5953980146925718,-0.36813175762397354,-0.6223908101396018,-0.3947489885651984,-0.4144983586175874,-0.7458410060380523,-0.2014738042953604,-0.418565926859721,0.08840748427293403,-0.40540487871879255,-0.20519341512361416,-0.09513755223530906,-0.4496341158454276,-0.3494440314044425,-0.11349760180829743,-0.4652000770138609,-0.4129159170814282,-0.12001456821938715,-0.4583873280873551,-0.43869757352839234
unknown,0.0,0.0,0.0,-0.3196207342428731,-0.553974559418362,-0.1116918238001925,-0.39879218332655697,-1.1032538431788,-0.16043775478562536,-0.3829909401255157,-1.5529811737112647,-0.19783161420199624,-0.3247662016808103,-1.9186396326507922,-0.24005689322755167,-0.14917695446410753,-1.233874302623799,-0.15535941328581973,-0.5445793206392947,-1.0055135944850573,-0.2644038457407885,-0.7048915392916395,-0.7120010538184322,-0.32376480573873745,-0.7544854860839463,-0.5183517920619239,-0.3556720504916824,-0.02385508625554029,-0.9883953694303812,-0.15001842736251192,-0.5030685135466071,-0.7714173844756582,-0.2631982399663521,-0.6611801635284931,-0.5086827273064668,-0.3137016278648014,-0.7278675308826076,-0.28307395069934516,-0.35581902199470183,0.05082362464348356,-0.7180553031879966,-0.15585033960948533,-0.405209515784644,-0.5520073873540271,-0.2936285187694352,-0.5536991709542326,-0.35783977028985964,-0.3250646978827189,-0.6223693352500793,-0.18606025880458232,-0.34084741095572163,0.07955113360444115,-0.4438406579729874,-0.16694126820810748,-0.13289016819794153,-0.3260825976015427,-0.28611776227385105,-0.15308942376442097,-0.20478628374345273,-0.3243106754789388,-0.15053104540156126,-0.10269216296291944,-0.3432640667978126
unknown,0.0,0.0,0.0,-0.3248192845460603,-0.5215975660618773,-0.12032841780662078,-0.41694125664503695,-1.0499477548797846,-0.17203657238964973,-0.40073858007502344,-1.4921992204471888,-0.21408182728089553,-0.3915378135000902,-1.8749980650249087,-0.2588947619367133,-0.1739883785078677,-1.1927297047601553,-0.16119662791161096,-0.5681918160816627,-0.9738368222707222,-0.3001860173568164,-0.7336155676995741,-0.6852802828794675,-0.3731905258190566,-0.8005744381783344,-0.4739292339427388,-0.4032699186882674,-0.03260036971220267,-0.9877782210542942,-0.15241850906448748,-0.51703863125076,-0.7573946679176626,-0.2893746743153951,-0.6806581316871556,-0.4799622236801386,-0.3430629006401372,-0.7504408659862587,-0.24543660601970096,-0.3757904485909224,0.05202966604060996,-0.749442126680845,-0.1588602061248817,-0.4290625007549689,-0.5656013360082458,-0.3114507838682288,-0.5877372079025783,-0.3464985274227703,-0.34037155763776245,-0.665134534230855,-0.15046930038601353,-0.3431053430847443,0.08390940876592472,-0.4893826572400404,-0.17205930941354636,-0.21251955802057074,-0.3645171839997413,-0.29859340686658764,-0.2982976271111151,-0.21818199639147146,-0.33366207310412005,-0.3517695410937587,-0.08435371257715078,-0.34132594110967296
unknown,0.0,0.0,0.0,-0.33489463978386896,-0.537220140669949,-0.08924857491157231,-0.41987385718131676,-1.044265816202123,-0.14173893552821995,-0.4165487199151982,-1.4642636931476127,-0.1930409021958502,-0.4212725033867838,-1.8262374397527104,-0.2529684601054735,-0.1986756677036373,-1.2044822322211175,-0.13468462191381403,-0.556721487728714,-1.0656622689517716,-0.27602836122960683,-0.7420260368394903,-0.809451512033032,-0.373041371369472,-0.840576858767588,-0.608640307684654,-0.42459234052565714,-0.05583932817583413,-0.9881270906201409,-0.14313218440115877,-0.5071666518665513,-0.7920229308794724,-0.2668325905484358,-0.7106861283043404,-0.5702093979399833,-0.3380841563078204,-0.8192930129203787,-0.36761626544624754,-0.3944187551293073,0.025564620069164504,-0.7291627905937799,-0.1648240876089391,-0.4208863682314597,-0.5851073672184535,-0.2970756992941802,-0.6424429215675779,-0.42505491597969997,-0.335043674834777,-0.7786118672705434,-0.26265179565252517,-0.3531779750490001,0.05032976917388211,-0.44838318579214254,-0.19106037836792816,-0.24406918396332444,-0.3922767966517394,-0.2905682995247721,-0.37392034983922856,-0.3129090931543982,-0.31802595670363115,-0.4784321094508468,-0.21532456018642185,-0.3283309148845478
unknown,0.0,0.0,0.0,-0.337438100443851,-0.31640694436485284,-0.03221062552380159,-0.5195289393454512,-0.6192305252073877,-0.08743571911432824,-0.6765109074998301,-0.7916086166077929,-0.14817722635595,-0.8345657699902448,-0.8946948031259466,-0.22227129328722844,-0.30303823928655177,-1.1213713348193795,-0.19379006925214928,-0.6551339901829253,-1.0528863387869263,-0.336448224104342,-0.8766223128295418,-0.88307141642518,-0.42949873048066073,-1.0382372428414406,-0.7118241114898274,-0.48376240565497497,-0.13776058766872742,-0.9569354069055729,-0.25553208701772145,-0.5330229778989428,-0.8666029956691901,-0.38688549812239237,-0.80467910759195,-0.6769571344599132,-0.4645557966146138,-1.006503204807242,-0.5111178695080207,-0.524102924329788,-0.012613123270723742,-0.6958769188370109,-0.3174232491319951,-0.3500130268459452,-0.5793283255471994,-0.46537911818140126,-0.6169160336988689,-0.4159587268826331,-0.5325008639936272,-0.8246397566392016,-0.2631772206253546,-0.573532009905145,0.06821562853180557,-0.3757772126205915,-0.3752813590624586,-0.12423929405793248,-0.25872688754596956,-0.5048230548890477,-0.284931928846048,-0.1501550736549521,-0.5488191332569184,-0.4308105447506889,-0.046672196740719096,-0.5719593234690337
unknown,0.0,0.0,0.0,0.4936993121462825,-0.291305919190524,-0.05712236422698436,1.054821460306324,-0.25181699306717964,-0.20387453213771722,1.476671438069707,0.049363528886733954,-0.33490713871760275,1.755482147319861,0.32275478613599295,-0.4638270511933875,1.0870982826183702,-0.47628418986294285,-0.49093843979182644,1.7164216238778385,0.10247834767301539,-0.693390619554639,2.040141501663083,0.4869689637487589,-0.781207685750392,2.2488439540327034,0.7944047971786562,-0.8146192910412955,0.8233419360418902,-0.10232105591363698,-0.5582458758213179,1.5244150199170134,0.5381654553993046,-0.7329401603101309,1.81496174948501,0.823259535710658,-0.7263553957112531,1.9629286368470071,0.9925283907165142,-0.7108229826746693,0.5837059646017494,0.32512838992198984,-0.6052111005829567,1.2570692200627585,0.8965250887361017,-0.7142025818714646,1.4379737132083614,1.017323579117021,-0.614207803894112,1.478185074849655,1.0199256116389994,-0.5335601099230171,0.3893779239711032,0.7461288736231017,-0.6543977750417462,0.9452033314148904,1.104735905556308,-0.6865108341055703,1.107530403120541,1.1532615989408252,-0.5777673936222882,1.1511140526582566,1.1415224169795781,-0.4873409836041836
unknown,0.0,0.0,0.0,0.47954229046656305,-0.2947432268209608,-0.0589266932183083,1.0552124981109468,-0.2535305911943968,-0.2106784711922161,1.4985347503602422,0.059829113663026734,-0.34408828246412193,1.8116266145007702,0.3458682912910071,-0.474836015368005,1.0538715527877043,-0.506935777197646,-0.5241479781643423,1.6852456625912555,0.05812840252135313,-0.731267182187277,2.003429596777268,0.45588347870271007,-0.8137435928258383,2.200405156135542,0.7728342618424384,-0.8423011416321565,0.7923043854007403,-0.14756784931144273,-0.592011394083214,1.4988269754198607,0.49283311193637624,-0.7762424089829585,1.7612350155777134,0.7884007617732143,-0.7597757203999871,1.870707941653621,0.958034505983795,-0.7342611343626596,0.5576567582739947,0.28331974283476263,-0.6388800844439995,1.2326258152828542,0.8470447189692851,-0.7515548101880248,1.4176197601437117,1.0156876073485768,-0.6431758895836558,1.4614430686538873,1.0620960432404631,-0.5572912832332131,0.3712372969964816,0.7148970635322794,-0.6879122078786094,0.9371762166290407,1.0672012730899567,-0.7257479990910789,1.115721470472278,1.1520990392845984,-0.6195499289481937,1.1777440138212092,1.179265519396521,-0.530897748080308
unknown,0.0,0.0,0.0,0.4785880442430758,-0.3048862369209846,-0.05118115882658763,1.0375711121967026,-0.2693456133973737,-0.1986970438967832,1.4701269314403793,0.04674907659159998,-0.33054480876363057,1.758024413067423,0.34529109849145495,-0.4621812166246881,1.0681074998515636,-0.4661927468951109,-0.5043791875525645,1.6920128910661378,0.11611270330302335,-0.7092541863475065,2.017383907320708,0.5024125755378093,-0.7984860333575933,2.230833919762974,0.8065560789163276,-0.8337469063316493,0.8132712685579288,-0.10036314441573148,-0.5731640977775598,1.4965543634152183,0.5401868897994815,-0.749032538057479,1.7758998212333366,0.8219605451334134,-0.7385998082147757,1.9140059078498124,0.9781965457600799,-0.7218892348673431,0.5751628162263915,0.3231322275566082,-0.6200394469143944,1.2251123120463427,0.8764796969153127,-0.7307400775566061,1.3708861225043407,0.9824364797944756,-0.625211523309108,1.3798373557885728,0.9680045474661524,-0.5405739675653658,0.3820556245420127,0.7425555060205161,-0.6684437428518535,0.9290271146678981,1.0904183292065297,-0.7084417970260114,1.0775210788837195,1.129409095130678,-0.6040226863019188,1.111085654719639,1.1115387849246652,-0.515249557645211
unknown,0.0,0.0,0.0,0.47207738371324,-0.2899833567595561,-0.06263537574938496,1.0424581671298623,-0.2644918570867863,-0.20897905588558494,1.4818777708728068,0.041967674404031326,-0.33993530635089203,1.7846920541893918,0.32990442384811075,-0.467911554603664,1.0764900132255486,-0.5127583375642076,-0.48324834282005935,1.7131014148246815,0.038787743499984303,-0.6856656930540973,2.03335484301981,0.42552396817786403,-0.773838041501284,2.2392088373298367,0.743404278295047,-0.8103569196803608,0.8212690112422029,-0.1492280372218139,-0.550679765453734,1.5108161673749758,0.4691636300612058,-0.7191907179451176,1.8105506813016046,0.7763960614245349,-0.7153406118710026,1.9837985537450595,0.9800102234509566,-0.7092606798062755,0.5917682242000234,0.27855705741981573,-0.6015066567701765,1.2524365286677441,0.8329092382252277,-0.7082277641922144,1.452383359666433,1.0063645317569176,-0.6192795583474939,1.5357615107602822,1.0704182143546328,-0.555310559549586,0.4106840934573098,0.7031630098307377,-0.6561018785938655,0.9455737879322107,1.050679298018698,-0.6960701674986105,1.1203737695074028,1.1384696821092464,-0.604466794272978,1.2036965162991662,1.1767298031452407,-0.5316061443715803
unknown,0.0,0.0,0.0,0.4133891468944738,-0.6357834049312842,-0.1618828057468115,0.7669984906462856,-1.298284138410164,-0.3167335652600026,0.9802412792438783,-1.9326498767096545,-0.43405984083603866,0.9984243615465508,-2.451291419148232,-0.567711087795188,0.44831932284370474,-0.8816191662507322,-0.6983577136202058,0.6169353858293158,-1.2240623813057583,-0.9485202400683668,0.6573698032514778,-1.5836137865699915,-1.0884592813217757,0.6826137356766382,-1.9663089622216552,-1.1948984096494677,-0.0019581663492465816,-0.6960315648206374,-0.7180085141263183,-0.06204944390535605,-1.0256562336104786,-0.970219051641943,-0.1334473190113745,-1.4703638274100175,-1.0744412150268623,-0.19760608596662071,-1.8863592822640733,-1.1999911689928688,-0.4548293671100596,-0.5440373949820617,-0.7217163383709565,-0.7368915875994094,-1.0102726039404326,-0.9844020161557403,-0.8884841997382955,-1.5246909197731497,-1.0755782302340393,-0.9940473062781667,-2.002108670908427,-1.1638296957529786,-0.8436269219869484,-0.4313386233870608,-0.7221715261626673,-1.2528714742966036,-0.8869691973522995,-0.9569252778709467,-1.5210734650963837,-1.2907209594542242,-1.0645749957847275,-1.732242047857367,-1.7116885536582382,-1.161917811600583
unknown,0.0,0.0,0.0,0.43964138904404465,-0.6345310145332879,-0.16478419990088408,0.8017735979850995,-1.3455836892008235,-0.3063032583655781,1.0127867242223942,-2.032577923284413,-0.41394134738430655,1.0205102480301569,-2.585726662973832,-0.5387801184228866,0.4641879231938628,-0.9202224563490107,-0.6524158916047579,0.6317204709578259,-1.2986438599307748,-0.8941415922873972,0.6605316689061725,-1.672132743906104,-1.0245338930908323,0.6714510527473235,-2.071097845452556,-1.1249071695338158,-0.0022653950371180507,-0.739076826625757,-0.673617333751238,-0.08207553183815003,-1.113862343468631,-0.9186712248785893,-0.1557252947621544,-1.5765304941423366,-1.0173466274061822,-0.2121765005732443,-2.0304614182781973,-1.139367087968082,-0.4662919230006325,-0.5848486387097642,-0.6854517953315286,-0.7554191683641113,-1.0654492453888644,-0.950453873148393,-0.9134438566743772,-1.5896453220612052,-1.045769480293612,-1.015305740335774,-2.0923848212093086,-1.13496359691633,-0.8711168828499284,-0.47057221829846824,-0.6950966257979063,-1.2763298946695292,-0.947089877358488,-0.9338158029825178,-1.5388769478233033,-1.3802926518378342,-1.0484914128073752,-1.7292568857623754,-1.8326283814693798,-1.1513932796570643
unknown,0.0,0.0,0.0,0.4248907255967754,-0.7326583641352706,-0.1692676718533415,0.795212394577192,-1.4685620995106592,-0.31588149439043944,1.012724298099517,-2.1395143914848727,-0.4281265203615388,1.0336927577309516,-2.679384898546578,-0.5542504604765089,0.4801948928133928,-0.9351167072000429,-0.6473968668643679,0.6366009777949045,-1.2833126275691948,-0.885518478437762,0.7062143909799725,-1.637091706944774,-1.0154167632956899,0.773201494491934,-2.0316648226902783,-1.1158465970904514,0.02411458893967221,-0.7458999589978477,-0.6656213170919933,-0.0683812925872476,-1.1394430395310138,-0.9156837239117612,-0.13485858069108203,-1.6304296920982286,-1.0251021555851327,-0.17353092059798572,-2.115932427590897,-1.151278367786199,-0.44700366879747483,-0.6056503004588164,-0.6732317826796587,-0.7664578451530356,-1.128292728281366,-0.9427635657354375,-0.9256347008455925,-1.6902469662009187,-1.0402434531135112,-1.02327155454536,-2.2222429461031865,-1.1248848159350016,-0.8775379789317819,-0.5077641414221078,-0.6785736897518829,-1.284664798891064,-1.035754428831949,-0.9017684444027306,-1.5436962453256489,-1.4861023106323417,-1.004960845442394,-1.7358642404940425,-1.9368143462956824,-1.0995122954918384
unknown,0.0,0.0,0.0,0.39673277241481236,-0.6913921001342948,-0.16189316134418183,0.7374188120198106,-1.433145385654061,-0.2974140585205773,0.9399394651065536,-2.0878065430868262,-0.39698083292893993,0.9536572421574274,-2.61001145764633,-0.509812084814637,0.454004605777472,-0.9374268481913979,-0.6428862537162034,0.6180261219506565,-1.2787751043114477,-0.8775827798852465,0.6796959863753486,-1.623811982537176,-1.0039566211553894,0.7338021203286982,-2.010257183332241,-1.1005179696773737,0.023423816006828708,-0.7494251019050597,-0.6616746492637219,-0.023025344345185578,-1.1342414023067793,-0.9150867842512581,-0.0697024746354274,-1.6070685610640836,-1.0276423742406573,-0.1081437627499698,-2.0689858930280143,-1.1516986480002216,-0.41996363223018635,-0.6052902521462384,-0.6675773199764765,-0.7090786092650297,-1.1284169416479575,-0.9394373227949551,-0.8680246544929681,-1.6554019938103623,-1.0443265197239686,-0.9748386560339779,-2.1544262856694267,-1.1304889757465202,-0.8243906754983312,-0.49571092577858206,-0.669022731210443,-1.2136845490607304,-1.0137294140935065,-0.8961147568252844,-1.4719722055673088,-1.446761166138249,-1.0045277828996213,-1.6690257665628354,-1.876660710183638,-1.1000110315175755
unknown,0.0,0.0,0.0,0.4110005093894981,-0.7139291436118511,-0.16570656198022726,0.7705756945343162,-1.445839728349775,-0.29925785498407287,0.9732932656198603,-2.1316065086303104,-0.39722172737224515,0.9776602094084036,-2.6916237872473485,-0.5107921187938506,0.4545548422476914,-0.948568001044114,-0.6289613769309078,0.6487605140229684,-1.2954099861858126,-0.8606360841548991,0.7070835266006731,-1.6588545012088962,-0.9870067223004225,0.7603446585757171,-2.052257644410152,-1.0833048017816282,0.0157227986017671,-0.7629372622844973,-0.6462813067248382,-0.06252003942127506,-1.1529052642986741,-0.8949276923083049,-0.13039637774617757,-1.648876383099266,-1.010840999577731,-0.18452588710359472,-2.1164525794318743,-1.1400831949419266,-0.4338382864267321,-0.6062558293893658,-0.6531694519114717,-0.7305367631713112,-1.101978728505366,-0.9296557403566614,-0.8852954722951017,-1.6367394584583441,-1.04263895910955,-0.9925087579223263,-2.128991980154437,-1.1346615132507174,-0.8442139399540718,-0.48949391617932064,-0.6558311577879654,-1.236638298910092,-0.9986191122084833,-0.8948176769591405,-1.4932821837437422,-1.4599851182619203,-1.0140283125939162,-1.6852687558782211,-1.9134746517370973,-1.116655113126391
unknown,0.0,0.0,0.0,0.40107480418190905,-0.6862046461169159,-0.20911922229128665,0.7793643438857902,-1.375075749922731,-0.361065564091417,0.988429132346834,-2.0103116383018493,-0.46619505858713234,1.002636316620898,-2.5326745727939617,-0.5832668194504683,0.4919196734017191,-0.8946979422934548,-0.6913102838043147,0.684112718545263,-1.1601650320796588,-0.9432358069498112,0.7272058949005813,-1.5082649697270663,-1.087146962483189,0.7687231955212183,-1.894052260366196,-1.1997276199010931,0.058392841229063706,-0.7217396946112471,-0.6896970996862762,-0.018929874999902813,-1.0377130321003472,-0.9528990579684222,-0.11039712020263877,-1.501969061370195,-1.0768394061265492,-0.17850381135191498,-1.9613994933300836,-1.2143055147019,-0.38441115240720575,-0.5770477211310167,-0.6776971382296344,-0.6537032533441193,-1.0329383184888092,-0.960614013944692,-0.8130459346786807,-1.531227947420475,-1.065050146850216,-0.9213575827042424,-2.01872719445414,-1.153997794590652,-0.7841823466138953,-0.4682317928703569,-0.6658020294687127,-1.1429967203407647,-0.9120652320769206,-0.9138020556523455,-1.3902671920050587,-1.3349991414797762,-1.0335692760140354,-1.5820862039922987,-1.7708491562415352,-1.1347378400769248
unknown,0.0,0.0,0.0,0.40319380963406454,-0.3873598576410916,-0.12408706802813156,0.6587228050994002,-0.9675996614780368,-0.30152734956742466,0.6563679186351992,-1.4339287843299258,-0.42519165114974805,0.4211305323549719,-1.6285957861857872,-0.5586468630720047,0.35890101051540857,-0.7419766118327472,-0.7921339486871467,0.31505825509791635,-1.61400672694033,-1.0279771685112251,0.22710123500849094,-2.0228440503631324,-1.0758686060464113,0.1508858493784523,-2.1349026503625375,-1.0529065379285736,0.0031711254203041486,-0.6036329499359674,-0.7972560477758515,-0.12882144447317032,-1.6933028299721244,-1.0168956979664574,-0.17754623289226037,-2.217269774037001,-0.9819777397932258,-0.22941277125559636,-2.3755605249724976,-0.9316277460312449,-0.33216504932047985,-0.5062820518814392,-0.7646485563542376,-0.46960976461011894,-1.5757359004136087,-0.9132769859572548,-0.3567588823535321,-1.6663407061314273,-0.7695839928305142,-0.264376717734793,-1.4583509276873756,-0.6352741827140006,-0.60614412534075,-0.42628550060499415,-0.7298410414150209,-0.6677767260988584,-1.2712907481366094,-0.808088539771116,-0.5551471581084966,-1.3475631735259843,-0.683223943403108,-0.4661217833267014,-1.162903797445685,-0.5640864240712659
unknown,0.0,0.0,0.0,0.39304944745013404,-0.41668700556522237,-0.10830462155276155,0.7135602261106747,-1.0046917052214293,-0.26981173815989656,0.7261511193036121,-1.494929853335876,-0.38664057767490134,0.4555122188410383,-1.548753946177128,-0.5108657575105154,0.353988813446469,-0.8551578368010707,-0.6833438178696515,0.3090805261188873,-1.5904146347461756,-0.9013327109157592,0.24460350815089638,-1.8939921327558067,-0.9722970378857532,0.20365649010997874,-2.00183293539746,-0.9801701188994135,-0.02057653988678439,-0.7056546992915735,-0.7082570517644047,-0.16820152485300977,-1.6981522693299371,-0.9025495315134617,-0.21609839326186478,-2.2902030226608097,-0.9138824466387928,-0.273856042693379,-2.6382857391760988,-0.9209454800489654,-0.3630269938373197,-0.6150835710215092,-0.6983758977941431,-0.46245191703306615,-1.6372353725086155,-0.8442873600967115,-0.28557714135568507,-1.655194297309525,-0.7640551940538041,-0.1626469127148075,-1.4305458512498672,-0.6846406211505336,-0.6535509886922958,-0.5239159338209741,-0.6873321824906687,-0.7061675213665736,-1.362457128106261,-0.7535673789771622,-0.5452355032310865,-1.4103973490500812,-0.6594329055586194,-0.4171636090667071,-1.2427476086769138,-0.5785601920924442
unknown,0.0,0.0,0.0,0.36265252366583234,-0.41814030041442807,-0.09770081065376922,0.6530008238720564,-0.9936615355811393,-0.2566823420880727,0.6990042793244469,-1.4740324080741816,-0.3737269718499582,0.4573426987470967,-1.5685550469491094,-0.495177095702682,0.3261073462211621,-0.8680432102551455,-0.6731119239901436,0.2992854439567345,-1.6112295257630953,-0.8968511578021552,0.23970967637852744,-1.9181461902209491,-0.9703795500643125,0.20094276478732928,-2.00217311534892,-0.9756793592710059,-0.02779704890130845,-0.7155525070128151,-0.6980056832003972,-0.16894845063977662,-1.6904779101853378,-0.9096975468223917,-0.22367936109724704,-2.2809289303292064,-0.9278873742697217,-0.29134868466905944,-2.6194199944687315,-0.9331989969268619,-0.36327272981428904,-0.6163592594112407,-0.6869495688978704,-0.45752097445383927,-1.6131062534590748,-0.8329591850107054,-0.2917012087698922,-1.6563322056189176,-0.744413078111815,-0.1785039211261728,-1.4580412919693837,-0.6560586712951749,-0.6452858352677688,-0.5176369389024771,-0.6740548521258061,-0.7018711889578758,-1.3483684398714615,-0.7288304657537171,-0.5489745326001919,-1.4139304049760717,-0.6224179246134778,-0.42638018210106754,-1.255649500089751,-0.530202935888327
unknown,0.0,0.0,0.0,0.3688295890880105,-0.41735159820748013,-0.10619269809447919,0.6841081451542461,-0.9924457150475442,-0.27716158612657193,0.7162452007449401,-1.4705725066654154,-0.4022035666693303,0.4727491630939919,-1.5608820199303493,-0.5363263791671747,0.3555488256356499,-0.8351097230351957,-0.7218237921792179,0.30442113104861596,-1.5725484758274215,-0.9555005761913337,0.23097389148661263,-1.8959522011503411,-1.0324339290084263,0.17366195091285777,-2.0010044720190363,-1.0402911419819505,-0.006241631670580035,-0.6633581254485629,-0.7482760449429459,-0.14679928324657684,-1.628760166584009,-0.9678238166033213,-0.2037800494298365,-2.215512694599109,-0.9859094243705752,-0.2711508422804056,-2.536758289157085,-0.9939137216786633,-0.3407706712549287,-0.5598804748397768,-0.7378610796373238,-0.45844591547081487,-1.5575246892671915,-0.89585881707651,-0.29502677281200185,-1.6106557877986705,-0.8166252100718322,-0.17101041052968646,-1.404424511564367,-0.7363326494897733,-0.6324473536536054,-0.4719200204094484,-0.7249394459845346,-0.7130316024488312,-1.3076057455424448,-0.7990297940339914,-0.5599901512168719,-1.374303463315975,-0.7088841249411972,-0.42808781607975255,-1.2205457636653818,-0.6294107181804867
unknown,0.0,0.0,0.0,0.3844841204264437,-0.48513192400051885,-0.11310792658058974,0.7318323905288348,-1.0915985932170276,-0.28104621882994546,0.7729847979475913,-1.6065455520328287,-0.40433450445834046,0.507365447757518,-1.685446905725045,-0.5397136456442597,0.3693268659105305,-0.8772214910279553,-0.682083046726528,0.26432019814299973,-1.6870006973409455,-0.9091292605098372,0.1922972849894737,-2.06334154240551,-0.9761336401452281,0.15918895020136553,-2.189596627738519,-0.9703235755324858,-0.003583698665701172,-0.7060137262059711,-0.7081890817519241,-0.21755245472854554,-1.6955563561495093,-0.8958090588968919,-0.2722183504771289,-2.2703516882805888,-0.8895961994735503,-0.27029975811993007,-2.4952762901637158,-0.8711838553391369,-0.34427759951476844,-0.5919553859737241,-0.7071638186408566,-0.5470722060726165,-1.5561188427641524,-0.8419194821961936,-0.48302617300213224,-1.9275286776504903,-0.7950881509845409,-0.3595216564205083,-1.9800438351155942,-0.7410281416845483,-0.6412865394983752,-0.4918973195664116,-0.7054034748265727,-0.8771116182355169,-1.3209945275063424,-0.7832650022160731,-0.8110325059348731,-1.6408293238340048,-0.735632262893695,-0.65558211447674,-1.701287620918331,-0.6836803837273583
unknown,0.0,0.0,0.0,-0.4014787548609706,-0.15911143101507746,-0.24866624817654734,-0.7634338686769501,-0.4205597567117352,-0.5356886677293311,-1.101371767742957,-0.6376992043261757,-0.7547285953711084,-1.4611729381162506,-0.733163525525777,-0.989466166897804,-0.4260380237036467,-0.4054501178186897,-0.9403012421960341,-0.5028457247821719,-1.4293392335707322,-1.245459220875646,-0.5571919602767347,-2.0710941697186755,-1.3917512629039914,-0.5888851557742322,-2.5511235087707558,-1.4732918669499382,-0.0029341968470457122,-0.4450781098271095,-0.8954869438699764,-0.15521745904543308,-1.730364168734547,-1.1400874259096687,-0.2612113950897241,-1.8789802399324433,-1.1346607000471103,-0.27550367096527556,-1.7639283865216049,-1.1140413937202704,0.34248842572956384,-0.5518795764272948,-0.8203601179607214,0.2310216146884321,-1.7003523241705907,-0.9880862919239555,0.11931470127856036,-1.7216323084816914,-0.8736832223906038,0.10423709717975893,-1.4675557915753303,-0.771774753435015,0.590890977940562,-0.7362636055152944,-0.7548407171509625,0.5318521208535182,-1.6663040955318855,-0.8918587655397033,0.37707902563715345,-1.7520621912517231,-0.8134843727169362,0.3157815569678145,-1.5980966265912528,-0.7315370695133715
unknown,0.0,0.0,0.0,0.43274151116529275,-0.5692147580055884,-0.11847491954844455,0.5371299680183355,-1.2119722594182492,-0.30816627097260346,0.2266112089047486,-1.6111873718832623,-0.4343552382484443,-0.16592671082893148,-1.654726693659243,-0.5663480578766749,0.33088375111861706,-0.6769026422665546,-0.8062121871289606,0.14689760319570314,-1.74967288412175,-1.0197651661051972,-0.03627363933807107,-2.101639406357207,-1.0424942276227813,-0.13421036380191087,-2.257429955194612,-1.043069501786705,0.009845101606347271,-0.536130681925674,-0.8440775828514062,-0.19523241549730128,-1.9241403384195077,-1.128101646908301,-0.2943865621192814,-2.247660007035641,-1.1490474858964461,-0.32301270129315174,-2.254213642404338,-1.114681979849397,-0.3006262089324127,-0.4494418172702762,-0.8423355195722783,-0.5380088812164696,-1.7897920871484694,-1.0759348049075186,-0.6634740586969448,-2.261892031909198,-1.1399215168008547,-0.729191927066135,-2.490002488399749,-1.165454184041763,-0.5614437004787514,-0.4377236115221081,-0.818588224376783,-0.894365192740434,-0.9340115022529398,-1.0208831532466283,-1.1038181690260986,-1.038954375003791,-1.1043997303833617,-1.2621244476697575,-1.0405446983775166,-1.1581316588481043
unknown,0.0,0.0,0.0,0.3305334287655727,-0.41051350094623457,-0.214244764832196,0.5013116842812807,-1.0779298697424438,-0.4342214876850067,0.37563281477432336,-1.6091719294869478,-0.5685367747828854,0.0966234967716443,-1.833901796771851,-0.7026404880584316,0.24345802606554548,-0.5666888566052073,-0.9259541456296007,-0.032923413009545426,-1.6718448610966639,-1.1694525774149471,-0.19060332552448156,-2.209501023843036,-1.2104009395736657,-0.29781240319801433,-2.552129757705405,-1.2105282570637668,0.022949874698176755,-0.46214382923187314,-0.8865079719631626,-0.19725397782024687,-1.7301353151327992,-1.1443448363273288,-0.29940222114655957,-2.056795249210809,-1.1043951341882023,-0.351215415815951,-2.0842740094193237,-1.0387983499591409,-0.2141546210609036,-0.4095604139853877,-0.812508663999008,-0.4168242571692159,-1.550376798680581,-0.9823869413152416,-0.5188674312703269,-1.7112923265978381,-0.8872760394823631,-0.5666808185224049,-1.6412972757039768,-0.7953026453804595,-0.4385532045045969,-0.403221811546984,-0.7388161667846743,-0.6955315729180362,-1.080994101736444,-0.8703346316789232,-0.8625560437650592,-1.1996844323955524,-0.8492032296775792,-0.9797332053366306,-1.1229798789568375,-0.8139842981106025
unknown,0.0,0.0,0.0,0.3480228778210795,-0.4562569918787805,-0.18286110567066002,0.46339056605139284,-1.096542243246749,-0.39459586667432894,0.2480508854006018,-1.582306904004206,-0.545101056550848,-0.106928269221519,-1.7290315400267968,-0.7042149074795936,0.2898844086193267,-0.6360358854316179,-0.860357304155371,0.03353869935383381,-1.8068102618236084,-1.1003969453025728,-0.1546254301050936,-2.340363457336064,-1.1601666785668088,-0.28704380335328866,-2.7328706624774037,-1.1808644634948278,0.012742968047849405,-0.5158757177976098,-0.8565686548970447,-0.16082186102797352,-1.7491761122701037,-1.0989869823444782,-0.24395958023131165,-2.256714365062824,-1.1195681453576527,-0.2742251713276983,-2.511973526783554,-1.1275057294462816,-0.25052503335071635,-0.5002010912223731,-0.8199006409044791,-0.395668099872476,-1.7152786502421506,-1.0315658094837057,-0.4167815557629574,-1.886678078870251,-1.003721786285105,-0.3877522371164401,-1.8009976011607112,-0.957179783502381,-0.483644786940409,-0.5940494312070352,-0.7802516745854683,-0.5777137066567907,-1.4739201795507222,-0.9604755749226467,-0.5837559241335121,-1.6694115316676668,-0.9771928254623479,-0.5604619991217751,-1.6415415390529773,-0.9713492259271964
unknown,0.0,0.0,0.0,-0.44035432697088484,-0.37746166335943043,-0.1440748449181988,-0.7434511890927391,-0.9112691036556223,-0.3560087478695913,-0.7978456971527157,-1.4237579226263732,-0.5170794583324533,-0.821962400825991,-1.770718715211677,-0.6662198185869946,-0.8209059385554969,-0.3881092710161333,-0.8239336059998995,-1.2437167502329687,-0.6037999275582987,-1.1466557885992448,-1.5663579870406925,-0.8655550343317606,-1.3553954801809356,-1.8135077423042407,-1.0614917259893784,-1.4993635550713984,-0.41073650119626476,-0.23688515507651092,-0.8804436097158229,-0.354754285319906,-1.2124612128889822,-1.2463663751193497,-0.36893868324973356,-2.0392792973026226,-1.366694023217797,-0.349815971417042,-2.594430892755566,-1.4329130003123332,0.061276939507939276,-0.22340471069046683,-0.8957702033011369,0.18034757836913706,-1.2384113875050087,-1.1501822057533995,0.12649814668034196,-1.778199418512719,-1.0620881825927695,0.07552978229114228,-2.0726449220952294,-0.9751758970625036,0.45202257860693723,-0.3673424641562477,-0.9136000876054341,0.6088683930735398,-1.1811567357016497,-1.050584127677509,0.5465672632207911,-1.5174791411804462,-0.9259339920383034,0.4608863644373273,-1.7025639545308728,-0.8136869149584346
unknown,0.0,0.0,0.0,0.38811033619972907,-0.43340217368733647,-0.17701771290242246,0.5448312520303078,-1.030216426152032,-0.38307911307411224,0.477839214799232,-1.5400938049665467,-0.511582470687362,0.22843567211139945,-1.7740593663666953,-0.6569315639668194,0.3731077938762284,-0.6206285578609736,-0.9057295743450847,0.35281658555379586,-1.4731258900644526,-1.1687899890489593,0.22308979289629294,-1.8588326526635912,-1.2553172469973926,0.09270180101618805,-2.1474278669523033,-1.2990734508368098,0.04642465916786511,-0.4420064228787453,-0.8958097304422873,0.02296600349375366,-1.5111921622401456,-1.165893995213482,-0.03702220829566311,-2.1500293673547954,-1.260245778995052,-0.09195741068466189,-2.6274294320623084,-1.3327411091008716,-0.26596444931567903,-0.3396362068503002,-0.8459210429805191,-0.44365540054708663,-1.325486103313614,-1.095194773519761,-0.5730314916524705,-1.7799779962648041,-1.2208650718353253,-0.6561820874344024,-2.065220825346311,-1.3024774825688865,-0.5112922461874819,-0.32341424987070994,-0.7737945061735549,-0.7794048198250475,-0.7973097731420559,-0.9691115349506981,-0.9749147499188876,-0.8823088196973705,-1.060333369231731,-1.1292221958087807,-0.911704660907269,-1.126567254033336
unknown,0.0,0.0,0.0,0.07053400609391679,-0.27129644078878606,-0.21080231201251962,0.07366022156442394,-0.6523878770739003,-0.49021581767520056,-0.05875316349512292,-1.0113765287143301,-0.7040967740559793,-0.4006209484561923,-1.1146400759931232,-0.918685965895956,-0.15359086423489332,0.08348997985002833,-0.9845366737922121,-0.48763055134788064,-0.6109982777675204,-1.3058945674472748,-0.7711769367745747,-1.0242731009821313,-1.431248255339669,-0.9770675868145494,-1.378661701367804,-1.4822978943936238,-0.11089069837784798,0.10221943883283435,-0.9885618034993936,-0.2894020144257949,-1.1594532376486384,-1.2602520761556775,-0.3354303608136027,-1.9705469562565712,-1.2935107997421305,-0.3228871425419794,-2.5510678578388695,-1.3250541780647171,-0.07843236741674316,-0.08034543477741397,-0.9555482383411246,-0.205640484914919,-1.3697053146789004,-1.1931998458694402,-0.22232212001785862,-1.6732136551115722,-1.139992999337859,-0.21965855728202044,-1.700632024367347,-1.0713621320701383,-0.05631668416316849,-0.39336480208127034,-0.921086040601503,-0.24168157421383088,-1.330581118418141,-1.0640288486196818,-0.3143452085229444,-1.630872953118074,-1.01223041137594,-0.3659396440839744,-1.7406373992775568,-0.9630390205948726
unknown,0.0,0.0,0.0,0.43837963188450474,-0.46254921089818524,-0.17006197777001164,0.7148476372202531,-1.051618622425169,-0.30699922727990536,0.7711844346858624,-1.6598236813209124,-0.394592242898272,0.6008404037245284,-2.1047128108238193,-0.48968566545798914,0.37316817940915215,-0.832833030116074,-0.6727493041707916,0.376283695633599,-1.4446102282292754,-0.8934047302081531,0.3391487184426219,-1.8643302983574057,-0.9774443206661524,0.3102464292469514,-2.2232419593624653,-1.0242412906767895,-0.009460629565364826,-0.7397454176234439,-0.6728203427315076,-0.012021012000275404,-1.3805656346416373,-0.9472545043426471,-0.03470574286815756,-1.9597665998711373,-1.0696610557980133,-0.04972429767698048,-2.3792594064899593,-1.1680600171178754,-0.37692686034768946,-0.6746498425895965,-0.65222724459653,-0.5807909115199192,-1.1888306878634385,-0.9307532722186483,-0.6878272336056156,-1.6246598183351764,-1.0787427631354072,-0.7466208124860818,-1.9423700123996948,-1.169325386802115,-0.6826744302700553,-0.6453097941704621,-0.6208022630769295,-1.0247524226409581,-1.1026651805199443,-0.8617050637585764,-1.2927820350658599,-1.4073473966002552,-0.999500334072018,-1.507249620698093,-1.678188608962452,-1.0956786105212786
unknown,0.0,0.0,0.0,0.421960822083613,-0.4659875846690724,-0.1829413085020043,0.6727784597765588,-1.0665706041522007,-0.3209776081810693,0.7197229297966444,-1.6457038838902107,-0.40475827711301976,0.5397707436163464,-2.035173636003163,-0.49680180426371423,0.33882412146004265,-0.8223795322109667,-0.6954766117148372,0.363425065062394,-1.4222047574434367,-0.9139594851925483,0.3251795484569376,-1.8270601846997383,-0.9964563514492866,0.28214265104765784,-2.1428779235972835,-1.039885973305625,-0.023151498165802593,-0.7279967999803739,-0.6851895119972389,-0.030164943826522298,-1.3507759494825946,-0.9504956882427672,-0.039797882931579105,-1.924479795921306,-1.0641871348708931,-0.053143386646143716,-2.305276253567168,-1.1532977374055735,-0.3736088162412927,-0.6579301970344473,-0.6546909305778524,-0.5815358125259322,-1.1603329600511785,-0.9278372695188433,-0.6766629393345793,-1.589314640380356,-1.077067498886455,-0.7325455611802432,-1.8842733655250192,-1.1676659640041387,-0.6662066331129307,-0.6200883812036079,-0.6139689691605901,-0.9930554386570031,-1.046297184602047,-0.8559378336952193,-1.2513754675109992,-1.323499347850737,-0.99450833840708,-1.4547805019409772,-1.5551603004103194,-1.0896000416131522
unknown,0.0,0.0,0.0,0.4622911865314556,-0.36220026779400577,-0.3176774194268015,0.8778475142238549,-0.5203492765564787,-0.6059120859962154,1.1625800158839306,-0.7788783269733892,-0.8518727750977408,1.3034847033401142,-1.1689006436137257,-1.108778627299299,0.7812407924492579,0.15275995388260474,-0.8509369594610192,1.0871046215343922,0.17147483531546887,-1.1616115464741326,1.2778832166426441,0.06848491748533536,-1.3724681332883035,1.3296869277533627,-0.14213724257895827,-1.5228494684344724,0.44338246597178493,0.37130089211458434,-0.8158110298247337,0.6725011317438061,0.7606615384866231,-1.1665941117083345,0.9493115836897518,1.0699772580134759,-1.3342334677615266,1.0791887059698448,1.1510772585868498,-1.4766124980698612,0.0058650648874691265,0.5342582562631164,-0.766536224115222,-0.16159517399791437,0.8855732711513453,-1.1067578339551747,-0.3144757661556414,1.2802910748254233,-1.235915113781763,-0.4187309545729893,1.5927327569795118,-1.3159707753887182,-0.43617361338244554,0.5726195919787718,-0.7233296769980992,-0.8504405428326058,0.6523242779937825,-0.9246402491140899,-1.1658924566584739,0.813572259125328,-0.9669947117362919,-1.4549082305003478,0.9643112151921559,-1.0209124552647886
unknown,0.0,0.0,0.0,-0.3667170877091474,0.24187272369398138,-0.18648603469937558,-0.7783081521988111,0.6593616235553842,-0.3292793525026061,-1.0928231015920313,0.974312804348097,-0.4339040870713745,-1.3505424979405294,1.0983964754782396,-0.5742979472639348,-0.7817671023008923,0.5762718695160729,-0.6455704984145781,-1.129774235147851,0.9773536034779441,-0.8579663317220239,-1.3573979384868895,1.1085543882471343,-0.9528500306458477,-1.5682502375008966,1.2012405756052018,-1.0231616070876992,-0.49266008423155117,0.5636221451359091,-0.6630355336762556,-0.42648637793533956,1.1723763240595702,-0.8980179298176438,-0.33655630516155716,1.5696026534598362,-1.019815084369662,-0.2515339178158274,1.9138954090778064,-1.1273718478615653,-0.1326202626765069,0.5153020389199131,-0.6633005763031138,0.09637295084360649,1.0299643594499146,-0.924878212552946,0.25082516506729224,1.3477564684675072,-1.0353368024360863,0.38584059125299547,1.5976141663089465,-1.1078346312685374,0.20907154129656064,0.46624819609226104,-0.655870219261812,0.44511283409709795,0.8600306972023349,-0.8881756026881712,0.6104728057183465,0.9960303561009854,-0.9662029192788486,0.7535080519658605,1.1147135679765197,-1.0137679211055193
unknown,0.0,0.0,0.0,0.250478350652552,-0.044704873568997286,-0.22072973086125391,0.5681417704468167,0.10275463194139615,-0.35238503670095944,0.7746294035489721,0.11452092648201483,-0.4617696920048623,0.8499370776727726,-0.03004940210392366,-0.5842137257800348,0.46760965089799394,0.7056945072346154,-0.34400443365985717,0.6375123398365234,1.0995683853298004,-0.5047143148002571,0.767853951443683,1.2774010377268237,-0.6168742120534338,0.8800729900905324,1.3738123232026587,-0.6915483876484021,0.20348229155525566,0.9153937242555739,-0.3473460617553223,0.31430512508550246,1.3780058437764469,-0.4602678573491363,0.3836125954576432,1.6903713987071542,-0.5635276716193319,0.43465278876205204,1.944496783389133,-0.6506456758172114,-0.06182321340168392,0.9297129649132638,-0.3672535509620909,-0.12234654244856212,1.372862939397725,-0.5332108790672949,-0.19893180445453015,1.671095206252545,-0.6728945454863058,-0.25453630867270016,1.9243835813516863,-0.773513398313691,-0.2990139811855144,0.7924643520122499,-0.3980726273014844,-0.4967912742868398,1.0356024809075877,-0.5777309706193033,-0.670125613329111,1.1455044701178778,-0.6652688173969598,-0.8110270573424375,1.224297528844478,-0.7251527393497567
unknown,0.0,0.0,0.0,0.28452704335853785,-0.08790773597034905,-0.24458310052959217,0.6285913205362468,0.056208255635326713,-0.3848479384761413,0.842625434132193,0.07830003435153014,-0.4981393667599998,0.9412217907273598,-0.02629208136467584,-0.6231840075636621,0.49994934109080896,0.680770547546317,-0.37351508334755923,0.6869695923429333,1.0581323173984398,-0.5397134487861718,0.8174624060829054,1.2417329297286464,-0.6563620991113865,0.9289349241014545,1.351068845198373,-0.7358773495287291,0.22906930909097334,0.9011583899816749,-0.36802283597382895,0.33697474765738733,1.3437215868272911,-0.4898228504659265,0.3906206691336604,1.6279093534031421,-0.5925746174562091,0.4226617628683304,1.8555000512814133,-0.6807037478835801,-0.0463652566885699,0.9236581420192086,-0.3809599246844604,-0.11362874814984095,1.3508206964771516,-0.5592734446100821,-0.204096481662283,1.6298379970424661,-0.6962113489126275,-0.2820446214995386,1.860387319316318,-0.7939297216848282,-0.294903258295716,0.7893536050313208,-0.40707004200332525,-0.48724094876520163,1.0490307270132988,-0.5992131799031244,-0.6696910109039819,1.1569702801873383,-0.6910429858573559,-0.8250797773746389,1.2310620673927297,-0.7535703299856524
unknown,0.0,0.0,0.0,0.27241687374678897,-0.07830749636983016,-0.24295850670402036,0.6178649666666286,0.07463909233338083,-0.3826483802964731,0.8423914321599106,0.11853956768760546,-0.4963780020614896,0.8850099112937867,0.014023693035160009,-0.6182353814596654,0.4927270774828944,0.6939343475357429,-0.35627886570742207,0.6818048142142256,1.0889988064909297,-0.5297834778328331,0.8207554002683283,1.258554134517244,-0.6503352898555913,0.9394821641194906,1.3458529967381094,-0.7307223685448366,0.23237680436205055,0.9083032471174942,-0.34783075204802916,0.3394411099159245,1.3272821303901454,-0.4783149167494817,0.3927302280648697,1.59214822489909,-0.5844822311510558,0.420894783372037,1.8018225742373153,-0.6700309351080561,-0.03596592109647221,0.9273377557972016,-0.35872640405553996,-0.1121755846651713,1.3393427810157819,-0.5398726759523559,-0.20357331056020037,1.6049755101798797,-0.6699392822186864,-0.2787545394601656,1.82715035247425,-0.7579917920748004,-0.27880076638564055,0.7959416105195947,-0.383493337551843,-0.4674226415548627,1.048716846709028,-0.574715248432863,-0.6456031815670644,1.1535979598419583,-0.665232031012963,-0.7993706414667036,1.2277940059985104,-0.7231040224765641
unknown,0.0,0.0,0.0,0.25262424781896337,-0.13951161588424277,-0.3026793783091958,0.5600771019099601,-0.13269486426101734,-0.5479201535251352,0.7042094934171289,-0.11842376066173414,-0.7574067524727854,0.6181756936591446,-0.11729060416074773,-0.9539560817254525,0.4380926447219502,0.6839693360849188,-0.5806357656119577,0.5840062979598111,1.2282840986133625,-0.8509335553027146,0.5362218967319993,1.0569285470558936,-0.9767419018560545,0.4705522575267078,0.7994256973968309,-1.0382749032421466,0.13127967465267135,0.8205354758406403,-0.5563157196323529,0.12122559401735736,1.3228800581237619,-0.8852324921195783,0.01683132478682023,1.0717733082792151,-1.0026593742210683,-0.06350015376406395,0.8323945683630556,-1.0362911942647546,-0.14577571963717656,0.847443489584741,-0.5506152253603611,-0.21986593112398198,1.3320699984528017,-0.8346302147622227,-0.37951288393859023,1.4018511551195523,-0.9464130092131929,-0.512168925828554,1.4244804868397751,-0.9897517351298746,-0.3719194565274053,0.7814422616572745,-0.558178337067091,-0.566986570489937,1.104134723321896,-0.8029199879022427,-0.7846615496851677,1.2027796277662917,-0.9181761285446183,-0.9604631761958217,1.278416568189248,-0.978088809764724
unknown,0.0,0.0,0.0,0.25258631836335327,-0.1205361332074259,-0.28977394487852326,0.5463351123143323,-0.10322376684058908,-0.528758515911213,0.6753153411478949,-0.09607433513405932,-0.7337375978518385,0.5942990011950778,-0.102823944159534,-0.9275677483072681,0.4249200776430146,0.7017755884692594,-0.5566692273801981,0.5594360573845408,1.2444328191665552,-0.8258463605748241,0.5067515599610836,1.0788685936306934,-0.9569097187092658,0.4363586370476402,0.797676357168132,-1.0174836297392675,0.12070460777015177,0.8365047626968631,-0.5344999341894425,0.08358773554553847,1.3331500627519863,-0.8516004980173263,-0.009493242738827741,1.0903567434453725,-0.9632965871683459,-0.07729329564091053,0.8274496423754263,-0.9905973255243867,-0.15307275546063911,0.854015047932395,-0.5316073632066101,-0.255597828845298,1.3257137151015765,-0.8006979345694019,-0.40349325694206445,1.40131650908549,-0.9051806668759322,-0.5262262010377016,1.4121967336054972,-0.9420121175105399,-0.37632789597775396,0.7753788262763792,-0.5419816659204816,-0.5716826748101249,1.0957209203899818,-0.7751526192442336,-0.7804985933428685,1.2008955385403481,-0.879796077611919,-0.9531861270656783,1.2722990874443874,-0.9292353918846311
unknown,0.0,0.0,0.0,0.2786453174187099,-0.2160327975574042,-0.34557868090007954,0.6199239970133154,-0.266235803311896,-0.6465856256908826,0.7706958295342929,-0.3640872826632636,-0.9083422929955631,0.6853418924184188,-0.42666866165453504,-1.1619341674624344,0.5201537987011736,0.5084475288089924,-0.740789148280694,0.6750521643072461,1.1531184641478245,-1.1057359312170891,0.6029637474185772,0.9674178548186227,-1.2897696457865029,0.5258856804170914,0.5903279102956873,-1.38129266281728,0.16881097840036824,0.6688730310405996,-0.7239556076984773,0.1582181785146886,1.2039898951913988,-1.162189424515235,0.02773450021920025,0.8077044241348861,-1.2990334416124514,-0.050907721191330774,0.4170537341286723,-1.330770769649563,-0.15476031592237718,0.7101270825213006,-0.7286754111382806,-0.21078077948445578,1.2532321928451478,-1.0764594675237895,-0.3505924969755697,1.2538290186535215,-1.1679166473608327,-0.4403630431548897,1.1907797910006326,-1.1932788017723026,-0.4181269907282006,0.6522261517758129,-0.7507829768256157,-0.616616199086051,0.9992570649935238,-1.057366436137254,-0.8390654870927252,1.1049952761857016,-1.1799722099251702,-1.0044038906787187,1.184057286332443,-1.2414925925019664
unknown,0.0,0.0,0.0,0.26570898774395246,-0.11131289550922047,-0.38329562312539445,0.510215748505421,0.02212747260369803,-0.6548633246156464,0.6235109856244051,0.04066448772611454,-0.8966770702874138,0.5140265680788926,0.006832829992797715,-1.12248177366231,0.26167413719850413,0.7846706577459603,-0.5898030793576925,0.23982893903339708,1.2507252467835335,-0.8933214784387292,0.1400902127263534,0.9896711502689854,-1.0418556179942249,0.07272935053713772,0.6675779007427316,-1.0924177115124774,-0.03669177883205386,0.8520322078501361,-0.5222019055424465,-0.1768333558754214,1.0224686425124199,-0.9071578559869006,-0.25523846344261913,0.6309840351399859,-1.0637276448427724,-0.2600385047285858,0.30962364435113,-1.1030080476693458,-0.30409143224272545,0.8267206062015361,-0.4821497767832346,-0.4826762196063336,0.9949969878893867,-0.8312074009757603,-0.5734275662658267,0.7060259264676922,-0.940047070225003,-0.6154660494720688,0.43371983425723903,-0.9313698828981705,-0.5140004273104122,0.7858928533249123,-0.4631652443162079,-0.7568832501562825,1.1500649437350623,-0.6830755196931307,-0.9684661716266615,1.331330077087858,-0.7701982295910617,-1.1499865214296212,1.4619032156474527,-0.7918805638893862
unknown,0.0,0.0,0.0,0.26824661160947705,-0.11688409798025601,-0.38039789862834444,0.5276776282019396,-0.021510606522043604,-0.6587711058332267,0.6338898640868534,-0.037612121547424826,-0.9087663969688999,0.5064125634482426,-0.08646034917587622,-1.1430643486969034,0.27485663426719564,0.7842216760964621,-0.5894774615205369,0.23218592193624965,1.1918803049875129,-0.901346827643585,0.12835211790285625,0.9253783070913998,-1.0587978566450271,0.05058758144025386,0.5976194956104713,-1.1124905731548047,-0.04194054235964087,0.848994972961551,-0.5267338291704781,-0.18985542960175658,0.9574221055767106,-0.9051637230289487,-0.27916879720185805,0.5851836538005616,-1.0623812841269922,-0.3029650700387926,0.2679355601580468,-1.1055228771909065,-0.3248008341119085,0.8242079259395843,-0.4923980883513677,-0.5049005808357562,0.9439577139251,-0.8431002318137524,-0.6072876728533122,0.6551666440758465,-0.9573933501021179,-0.6685064716950243,0.382651622349241,-0.9515618526471047,-0.5553004794248396,0.7798497415531467,-0.47892924371491247,-0.7941743661964913,1.135761937055379,-0.7009366285278374,-1.0127620080777475,1.316209076368718,-0.7889407588120035,-1.2074670669191745,1.4440256406580434,-0.8099663187298279
unknown,0.0,0.0,0.0,0.29103350007166295,-0.16859468235085898,-0.4322324125168679,0.5625737845716295,-0.10397988684130294,-0.7501994053774356,0.6774878610030385,-0.18862148737895623,-1.0327544828630397,0.5929788417514933,-0.23735866947338807,-1.3060642755508918,0.29506768746297407,0.6823170339091568,-0.7263870028694798,0.2683646111563893,1.0988126067863608,-1.0778410342224674,0.15219954993825613,0.8227271445215415,-1.251553781088663,0.07225529432337498,0.47749049751453665,-1.3110734878171229,-0.043296829547429055,0.7546732708026367,-0.6546706338970697,-0.1940706284581821,0.9005418132283117,-1.0786528434989586,-0.28390449383322686,0.5175466185799378,-1.2587358951718186,-0.2933506593675063,0.1888057954547201,-1.3165476134379543,-0.34062392309449485,0.7417280139389709,-0.6095024747384278,-0.5237709082012386,0.8727138047971736,-0.9973955183947203,-0.6248495750052449,0.5620894108956779,-1.1349614716540282,-0.66978659576642,0.2651876823082088,-1.143708070023351,-0.5725550461678338,0.7080709487356496,-0.586059190583841,-0.8264559931933311,1.0783187540458374,-0.8290353015285269,-1.0559461642169417,1.2697028537538864,-0.9311302993089013,-1.2471650395191969,1.4000709363472674,-0.965213733875502
unknown,0.0,0.0,0.0,-0.3959034323920542,-0.11652192153935055,-0.23250065578648324,-0.7271747127310488,-0.36935597767910955,-0.40986490988409685,-1.0340072241143294,-0.6178378785434631,-0.5661205586167839,-1.3600971199110456,-0.8335552073253744,-0.7120030821731896,-0.31156391601172817,-0.9658035497059019,-0.4763799848948055,-0.47509643489118986,-0.1928995509474977,-0.7201987385949694,-0.5729981653383394,0.3150556810039688,-0.8715983695477488,-0.6363764574501382,0.6695661548262741,-0.9444689007651627,-0.008864814515678436,-0.8818602233898559,-0.4714275781775988,-0.18710236536897856,-0.07563965740327101,-0.7107660392883404,-0.33614773207899046,0.4418083082731167,-0.8371381806561806,-0.4333152001660605,0.8568977762436844,-0.9267589328512279,0.26005253029469333,-0.6752201481156433,-0.46729438468631435,0.12699350687127567,-0.05089682122905994,-0.7838796140673466,-0.0676161903274681,0.476831806727053,-0.8824643519489689,-0.19777402421026855,0.888592981386085,-0.9052907856212413,0.4754446468827668,-0.4009809468800272,-0.46679939441561746,0.6867754443474905,-0.4442136419592511,-0.7143431261109034,0.881339141950756,-0.5287678231184754,-0.7873634033232745,1.041693731787772,-0.553668937470676,-0.8161548221737002
unknown,0.0,0.0,0.0,-0.3976320608889544,-0.10470738982413925,-0.24627583174021359,-0.7297681269912476,-0.3306009376997914,-0.4332284683119527,-1.0324629607103595,-0.5691210161114355,-0.5923779528128588,-1.3607772381545138,-0.7737226114355487,-0.7417597913652768,-0.29511625576767436,-0.9391103260868171,-0.5156416974046814,-0.4457338279426698,-0.17107186560794124,-0.7606289329839652,-0.5506979839001939,0.32193153866765767,-0.9147797115510204,-0.623073223127859,0.6670873628209619,-0.9965041089427399,0.00039074187965233687,-0.8649270356933816,-0.5018974698555904,-0.19008374483756482,-0.05846114957169912,-0.7337519441860023,-0.36047703199038467,0.44410349970562163,-0.8577292843317175,-0.4632632742395666,0.8537700127862093,-0.9569721912247201,0.26076278649096307,-0.664230373530425,-0.48899425703283755,0.12581391397731898,-0.059730812117032545,-0.7993464944149551,-0.07880806355680153,0.42798564573349945,-0.9105359241484923,-0.2093787379354607,0.8228064530226651,-0.9552735080150865,0.4801506809212331,-0.3963136798904328,-0.48101720066166864,0.6801844241318787,-0.42201166969306414,-0.7572572928907436,0.8905231144459764,-0.486092840828974,-0.86422108035993,1.0783416997738264,-0.48574186911518963,-0.9189461335527587
unknown,0.0,0.0,0.0,-0.4067163180393959,-0.12066399892301587,-0.22496623376605107,-0.7354569265615125,-0.3713426799807997,-0.39388382244510256,-1.0300466805815907,-0.6163106608099023,-0.5444446377670519,-1.3526424022307413,-0.8194852350630296,-0.6862762575789259,-0.318269587504113,-0.9771724096638417,-0.44472227828187083,-0.48982224315907447,-0.2335792837309674,-0.6789137899565519,-0.5874283918051749,0.283121404422007,-0.8306391050073454,-0.6492278306356407,0.6469586634601747,-0.9053423727037773,-0.01066278162438096,-0.8983404667413423,-0.439170480454889,-0.19745867121729638,-0.09917442337267533,-0.6682553440047957,-0.3421073633480518,0.43204655627715577,-0.7969551405088189,-0.435745999913367,0.8615997291659624,-0.8892207314920363,0.25822200816679275,-0.699124980976472,-0.43538519050070656,0.11398582431719802,-0.08928512574456086,-0.7444113097832611,-0.07956033592346784,0.4377978879521495,-0.8524021995621313,-0.21125825004754858,0.8609823293841892,-0.8838762097856107,0.4750098512036661,-0.4328289593713933,-0.43476896754436,0.6774800644698026,-0.47192037476758564,-0.6898019026810623,0.8813007778203876,-0.5330716924788224,-0.7760980157180777,1.0510403790600134,-0.5328254262737331,-0.8127195222962752
unknown,0.0,0.0,0.0,-0.4265611336756528,-0.09543722206861137,-0.24552357350764875,-0.7833779312300552,-0.3358428878523176,-0.4267377563136308,-1.0856881620808034,-0.6004482351019363,-0.5836020325624911,-1.4161691697545753,-0.8262624877494064,-0.7283259349545195,-0.35256631773146113,-0.9599865058694873,-0.47140142288220904,-0.5077000086014753,-0.19494514612997763,-0.7120803995564013,-0.6041404574521937,0.326522059467349,-0.8648666855220938,-0.6668599045333022,0.7067212270434596,-0.9404041256713235,-0.0315324688098159,-0.8883413324626389,-0.45809974945339266,-0.21688187735503778,-0.05167014308557146,-0.6855165629046915,-0.3618756382894619,0.47505792954247217,-0.8110937427876389,-0.45466964036830604,0.8989812135476094,-0.9067515954721724,0.2509432550734071,-0.6879419878088847,-0.44822801581852506,0.11152951157094126,-0.057885904025130476,-0.7571999678700219,-0.07479576070115289,0.45770156918009786,-0.8584548439974773,-0.20344047972712034,0.8749968563107394,-0.8906859657689847,0.4784327915979054,-0.4172236828739529,-0.4438761712197088,0.6854005481554107,-0.44072573429612655,-0.7029783477485656,0.8941809153250939,-0.5049578212997848,-0.7877972339415852,1.0684239921989158,-0.5085421258060326,-0.8252050877422004
unknown,0.0,0.0,0.0,-0.4001909427364018,-0.1007110547792335,-0.24266769816228367,-0.7384412008450785,-0.3518422398534769,-0.42049253389666363,-1.0335705951325287,-0.6056287003863317,-0.5733240521246304,-1.3595225248983656,-0.8200882974073989,-0.7151249698678789,-0.33553226157533245,-0.9490598192218472,-0.4951234598775241,-0.4855980552808156,-0.16782360428244136,-0.7377176757216055,-0.5793838038244049,0.32769087780992456,-0.8819926400013538,-0.6426163926607712,0.691228723965382,-0.9516759414431395,-0.020994817756597874,-0.8759510350202733,-0.4819429446254809,-0.20782715572401625,0.001716708300457371,-0.7237062624073267,-0.3578299784700067,0.5338672948100949,-0.8483214182601996,-0.4556468679601722,0.9583820200743745,-0.9408644274216564,0.25829238252322556,-0.6770447652243979,-0.4700889738569187,0.12299552778163349,-0.029257507227183524,-0.7957048710918909,-0.07019837640311295,0.48957871950589366,-0.9016462637804218,-0.20481504482827928,0.9037901963503103,-0.9331965886219935,0.4839020874154293,-0.41078055909110084,-0.46162868801244855,0.6987377610001337,-0.4473906754933437,-0.738416978222163,0.9085632451490055,-0.512546627326598,-0.8327751502794747,1.080809060027254,-0.5183084701201854,-0.873945226251415
unknown,0.0,0.0,0.0,-0.3340146943726415,-0.1073273924277192,-0.19468160253751046,-0.6372493394814998,-0.42925767935498094,-0.3263335596408428,-0.9068842234629909,-0.6757937981148662,-0.4597610139125211,-1.2133115108815684,-0.8648726829919999,-0.6016051594789881,-0.23678098374639414,-0.8041246937236971,-0.39947181977513974,-0.2157379330610317,-1.1136043179751296,-0.5624732188915531,-0.23042416325421916,-1.419832986240193,-0.6455525124988127,-0.2238877416758609,-1.7119263185273323,-0.7060122709917086,0.10171844798726665,-0.9080217809737955,-0.4063862726719967,0.021426686666087706,-0.18338958595352206,-0.7282348826677087,-0.12850898532542498,0.3740674998560294,-0.8305267064928781,-0.22437263941906255,0.787691068390463,-0.8538191789168331,0.3775365968531063,-0.7489632302469403,-0.4146383191421619,0.3088579475604083,-0.06423219996127179,-0.8183837964496498,0.12423609160182518,0.45583813632024045,-0.8741758788875001,-0.0038804414202708746,0.8874117376757388,-0.8163355757876194,0.5942435697157468,-0.5021036783949663,-0.42620923876961103,0.7657439667958273,-0.41107640698676856,-0.7770232784292066,0.9826265104257466,-0.3242588036743558,-0.8601312250849281,1.1898917055697233,-0.16743909509896884,-0.850205494229056
unknown,0.0,0.0,0.0,-0.34843307071237023,-0.12564961816669476,-0.18086493591075656,-0.6413972198105555,-0.445779234084558,-0.30566183845501255,-0.8891395876498723,-0.7015392878505166,-0.43489173498371086,-1.174212851787584,-0.8920594691643238,-0.5705690669984161,-0.2515015453066925,-0.8504425093519264,-0.3407287172203611,-0.22534595335021196,-1.12886450813445,-0.48521427298206293,-0.23666523583527294,-1.4086415953230593,-0.5618408543032136,-0.2247774365066024,-1.6634807615454454,-0.6162514709579977,0.07881485227515968,-0.9332708567425053,-0.3504193587916552,0.006033721985618954,-0.2456923194813071,-0.6377718494211964,-0.14343801635940048,0.3021126658425818,-0.7296136222163925,-0.23773165223935805,0.7096531182538577,-0.7471716792372538,0.3426362506259138,-0.7568746091993127,-0.3634440725215937,0.27221030215765457,-0.10856214422347496,-0.7359961959664126,0.08455513082072837,0.395888123550353,-0.7826458300616234,-0.04237370988706358,0.8119489328867958,-0.7210891499259078,0.5497409963125132,-0.4917878254778052,-0.3795963147856045,0.6939441127631667,-0.42740251758033687,-0.6920297800583933,0.8885402950308429,-0.3575605931293484,-0.7532223398279488,1.0824789731352844,-0.2112077052654486,-0.7318883456635626
unknown,0.0,0.0,0.0,-0.31501290956005645,-0.11080280578763961,-0.19283523296258076,-0.6123959207665459,-0.43554897667690445,-0.3271269441870321,-0.8727403821817319,-0.6778802337036417,-0.45911297759885095,-1.171947184326142,-0.8737038532574072,-0.5966797095823276,-0.2315650307292377,-0.8129981534589019,-0.3942492669153253,-0.1974997057025024,-1.0713008988373716,-0.5497167297223722,-0.20206499438327197,-1.3319974303566118,-0.6306396436098953,-0.18538646015544719,-1.5716152777643448,-0.6902022051957182,0.10310908124415957,-0.9098711869315256,-0.40187428451793505,0.03460311574276317,-0.1819025642427012,-0.7040280998803083,-0.10250542872049571,0.36756215718863894,-0.8006675902887226,-0.18737684272444718,0.7782197290811077,-0.8246458889092046,0.36639625791008235,-0.7388750474665491,-0.411172089125425,0.30019569781494493,-0.030740514436110138,-0.7917962832600005,0.11839991687065357,0.47490867090938,-0.8409831282184156,-0.007411148332041708,0.8991778444726232,-0.7861617692958901,0.5702358890145467,-0.4814958202289756,-0.42479667550000266,0.7194966634036453,-0.39728956205434807,-0.7579625036507356,0.9305517945292325,-0.3148547927939303,-0.831644008644279,1.135256103997918,-0.15611766655320347,-0.8200947048251072
unknown,0.0,0.0,0.0,-0.32539948975338606,-0.1075127545400574,-0.18746632546195877,-0.6159582525389817,-0.4258728217478764,-0.33383859124027293,-0.8705037520012189,-0.6877429018273892,-0.48589900931964614,-1.1796306827900498,-0.9087327405322412,-0.6436726979712474,-0.22001194190039813,-0.8362936868572417,-0.37866791947943,-0.1874030158338197,-1.1208295055662398,-0.5765791215489707,-0.2109736923508865,-1.3307394816409612,-0.6881974845620523,-0.22603117620156146,-1.4352507805363923,-0.7493984536846529,0.11050036035639618,-0.9107617403763838,-0.3978727467767638,0.039963926842414406,-0.23168635787344907,-0.7205938404962513,-0.1194241015041723,0.32343009363455283,-0.8306753053765362,-0.2233908053658634,0.7779631564768499,-0.8553281233877579,0.37000582957415273,-0.7117946125590899,-0.4247441650716108,0.31166466450418295,-0.028081516126686232,-0.827965809058581,0.12046803231135492,0.4885042184483121,-0.8877425335624033,-0.006220056811334449,0.927808900451599,-0.8309728293663587,0.5740254242144586,-0.427663901327506,-0.45484806527624866,0.7774564011525388,-0.3931110529334091,-0.7868159288394448,0.9886445185235219,-0.326666501723345,-0.8535219573880293,1.187578258361908,-0.17250406305336602,-0.8362100430059937
unknown,0.0,0.0,0.0,-0.3075202298493785,-0.2911292904787166,-0.08727422942453476,-0.46557381588461644,-0.5570813681948342,-0.17715160687588408,-0.5713897430940349,-0.7588273221242235,-0.2644506434833573,-0.5124920100319035,-0.735451692912333,-0.3298424860953002,-0.04845317638906961,-1.1081424722381998,-0.0972611487531015,-0.4097078669574067,-1.1516703836522637,-0.22766069586966708,-0.4547867930540254,-0.8623307763558472,-0.29205040763152834,-0.38081790453429704,-0.7432920522987009,-0.3270929225028404,0.08520200988273793,-0.9884426166028119,-0.1253866467983265,-0.3357776546350055,-0.9948810464775183,-0.2519304848807676,-0.3813082988824578,-0.7074084747580563,-0.254807419603848,-0.30064247804093047,-0.6256469936084881,-0.23837815526200995,0.14833577824955824,-0.7821130374414731,-0.171952426823868,-0.25806543911927277,-0.7815061186526473,-0.2906789108328278,-0.2958479518355219,-0.5435608968540031,-0.2349625429251953,-0.21194175984613767,-0.47814688567382724,-0.17591246035500283,0.15265032292916333,-0.5288441079223436,-0.229565333305134,-0.18412580567188158,-0.5050142813162011,-0.2990399733181465,-0.22756314205972625,-0.36439952820313815,-0.2646202443935381,-0.16536437902743423,-0.30693165746184886,-0.22057987336488974
unknown,0.0,0.0,0.0,-0.30360340340458963,-0.2838210571002662,-0.078632853270146,-0.4637707706965512,-0.5410483130260824,-0.1639478045057301,-0.5759306400556408,-0.739820937285237,-0.24811429819083303,-0.5350120064822907,-0.7267916610202328,-0.31172685456126065,-0.06820848630614186,-1.1017012084861524,-0.08781198732780648,-0.4207935010358189,-1.1311079190510145,-0.21691105131850896,-0.46286123940768714,-0.8485860059792747,-0.2816434996862861,-0.39504791076927304,-0.7154470643704278,-0.3154069540067423,0.06728541886935314,-0.9906418442619481,-0.11874935286081262,-0.3429205312837232,-0.9822102918799736,-0.24347225565480923,-0.3864818123386499,-0.6942817477721172,-0.2506455782385057,-0.3169807054487647,-0.5957301104025194,-0.236589409835839,0.1322338136452112,-0.7927332502642964,-0.16729523884592826,-0.2685933799434049,-0.7707215167053968,-0.285436821670282,-0.30016750503740514,-0.5317794765062149,-0.23763267174275374,-0.22793144392226433,-0.4530750937165311,-0.18344068314069217,0.1375551506407905,-0.5477749631140306,-0.22565850151409836,-0.19835479762080616,-0.49864135552550026,-0.29826972186155415,-0.2410928199441234,-0.35520809187690494,-0.2704687368442525,-0.19116041654191973,-0.2947057508928726,-0.23040995445059134
unknown,0.0,0.0,0.0,-0.30627867586761415,-0.26709623013565337,-0.07512694723436984,-0.46862913324446454,-0.5198940310562492,-0.15966324344558003,-0.581387965091457,-0.7138981023045597,-0.24358832156451005,-0.5566725590617531,-0.7200629435475147,-0.309260177379175,-0.08757479262309784,-1.1009491609952289,-0.08902779458559947,-0.43889813375305325,-1.1221723157105807,-0.21750356446824548,-0.47544876145649495,-0.8419322645901324,-0.2856900394034196,-0.40490980067878446,-0.7180318206843742,-0.32215238213596264,0.04891734601890979,-0.9912617039959861,-0.12250439767388076,-0.35762089409549397,-0.9808945956009643,-0.245926391047953,-0.3985333029186613,-0.6963613121330428,-0.2566358981238084,-0.3301788063334903,-0.5954234074290814,-0.24525276128840057,0.11558167678586445,-0.7909725874965052,-0.17255295072044022,-0.2831005816402744,-0.761252308903124,-0.29304055511524674,-0.3175720048772895,-0.524096623084014,-0.2487665356177371,-0.25052984367370135,-0.44063410704467054,-0.1957896444017849,0.12331030720056071,-0.5427688538196187,-0.23155868209032268,-0.20859099008308488,-0.49495039984878514,-0.30530438935814275,-0.26354615094707884,-0.34470091246653767,-0.27523373232459875,-0.22875456270980388,-0.270726716059453,-0.23283995123329587
unknown,0.0,0.0,0.0,0.2458164366104681,-0.5862551668938168,-0.2577172316230664,0.15132558718953334,-1.419617998419604,-0.45158750375516216,-0.13456848417773526,-2.0203834813742962,-0.5680714626738972,-0.47596967499800547,-2.2786115179465507,-0.6574467308169819,0.25367391675006123,-0.8522525312553141,-0.7660210161893994,0.13697871374265297,-1.8619482973307044,-0.9988672931946689,-0.031674300205785155,-2.0536304069619544,-1.0351233196526504,-0.11453154905592611,-2.141178552946576,-1.02065747190374,-0.09164236777972,-0.7016236927139237,-0.7066299386879981,-0.33470945492943854,-1.9866358755334022,-0.9503509531484118,-0.6558064301919618,-2.4500668982497213,-0.9554144586605745,-0.8877845163445813,-2.7091632825293415,-0.9422339568813192,-0.4285829241884888,-0.6751968101747243,-0.628827293844891,-0.5225228998470918,-2.080232339364127,-0.8597549631786336,-0.5696307629716921,-2.184215722483467,-0.8264537658592648,-0.5763755157565067,-2.042680692952598,-0.7589431039879582,-0.7176407551759832,-0.7537998454195224,-0.5503554283562859,-0.6921035525855158,-1.8104623053751796,-0.6759293925586811,-0.602736833024449,-1.8216460466206978,-0.6339355421647715,-0.5144677827654319,-1.6204234057479694,-0.5871768376378222
unknown,0.0,0.0,0.0,-0.5292010266489489,-0.29341133849973083,-0.1794655482210862,-0.7712592998891195,-1.0733255969635418,-0.32254991826048296,-0.6577217958753754,-1.842908649889175,-0.4269245389405937,-0.4814284547641694,-2.2500665178172836,-0.5205440516303226,-0.6122852074190211,-0.6769530671708812,-0.5977713605005807,-0.7109069440102251,-1.7972782774546703,-0.7859906979669373,-0.7900843402448752,-2.3478325566173295,-0.8019288858327842,-0.8359504883702914,-2.760123989192939,-0.7819579382932311,-0.24930355446497887,-0.7663076993302511,-0.5921319512391682,-0.48599031001866805,-2.0802601187033893,-0.8175607674827667,-0.7997514546219763,-2.589915713835433,-0.8284401981597729,-1.0309746217708333,-2.9045493529150037,-0.8055850420529663,0.0761200884959028,-0.9340680133586355,-0.5679021497576617,-0.12226338192554358,-2.2355859089588406,-0.8271169926332055,-0.31232098438045747,-2.097733025908231,-0.7923626293287414,-0.37834875352633546,-1.7688645072523013,-0.6915586456352771,0.315414373887207,-1.1555945164065964,-0.5421776765891457,0.05868295200933932,-2.1194268778698944,-0.7006428528293064,-0.10657714433626449,-1.9855037970342946,-0.654472575836095,-0.12419406756339119,-1.6645944187201154,-0.5805991606165686
unknown,0.0,0.0,0.0,0.10371813615439393,-0.5320988352871772,-0.24834581088591687,0.007405513546549891,-1.3581613185869943,-0.4391880092064243,-0.18396812282296696,-2.019863250413639,-0.5678882273011221,-0.4238659441938508,-2.287633388410658,-0.673900496053386,0.02878797070215914,-0.8230305076199114,-0.6918637993288973,-0.15283717389176965,-1.9345120388187083,-0.9208182648376628,-0.3816771826410321,-2.3793948233645725,-0.9608491134570906,-0.5672338363205384,-2.6948273353259116,-0.9543419242659359,-0.14594236318198822,-0.7399110416285862,-0.6566829349883831,-0.3858943500052566,-2.119788837660894,-0.9105590702253062,-0.7271299293462783,-2.6259430660826935,-0.9133493970566274,-0.994144975143984,-2.9376594411143646,-0.8877856410283281,-0.32981118267558357,-0.7427179727503705,-0.6073500968604568,-0.405456461064657,-2.1832140030959284,-0.8630860335342767,-0.4266538529246191,-2.0655595474217634,-0.7820707986440686,-0.40174096896180356,-1.7625463999000215,-0.6572438940149756,-0.5106538299306,-0.8468787825126453,-0.5644340109630074,-0.5110726449463591,-1.919964745892576,-0.7071274948454964,-0.48200095044599517,-1.8462423410631534,-0.6412352623213856,-0.43114700616527907,-1.5670903649704273,-0.5629611459162476
unknown,0.0,0.0,0.0,-0.2774375053826001,-0.16680374994481897,-0.04011987110986943,-0.5002247706714026,-0.4137881250000677,-0.1079102873760979,-0.6273578707872995,-0.5988837548083329,-0.17893190039931817,-0.5369403518756266,-0.6878492068432644,-0.24466290750330308,-0.2511402205774362,-1.0123371649404138,-0.034345071916849455,-0.4620195560076804,-1.103218512695945,-0.1427468731432917,-0.5119878492018534,-0.8165682259393291,-0.24149891706673032,-0.507608127152696,-0.6007840823955378,-0.3024141886247296,-0.10554686785105215,-0.9911421666365323,-0.08060436837959183,-0.3480125921884796,-1.1502363061741334,-0.19175065067088892,-0.44853535264290545,-1.0086360104446572,-0.267382990613924,-0.5017101736598696,-0.8936721140782041,-0.29202123274714625,0.009475916672154968,-0.8890456709585085,-0.13864748325701529,-0.22239907726698163,-1.051310633143398,-0.228935052674788,-0.3920089832562012,-1.240484437025718,-0.29721969900732254,-0.5132705280185064,-1.4188735857176784,-0.33389322932949667,0.06523369408191486,-0.7176577826043057,-0.19708470352761445,-0.22320438973247658,-0.7030217065871617,-0.24938610149548177,-0.38533093090522574,-0.6096071527781615,-0.2509788103816546,-0.4997247289955174,-0.522614115556806,-0.24578368619359292
unknown,0.0,0.0,0.0,-0.2746130375202973,-0.1574871175351859,-0.04083514969497141,-0.5019576282051206,-0.4008123313055172,-0.11131803993406494,-0.6322351518715256,-0.5880781000041102,-0.18436186365185994,-0.544533342955229,-0.688934568981826,-0.250681852729096,-0.2659161078723492,-1.0025510920807617,-0.031150712118323903,-0.4679579462890955,-1.1077819202140728,-0.1413242534552408,-0.515389400064612,-0.8180703648723509,-0.23823485079110804,-0.5083821392295406,-0.5985733697582966,-0.29758391599699047,-0.11548345526528865,-0.9903136856548723,-0.07708680538621793,-0.35485727892965535,-1.1489411725747714,-0.1980491616247849,-0.4529241218470002,-0.9794492731010483,-0.274787331757479,-0.49669708861194073,-0.840888280098157,-0.29500110499179827,0.004846569885030611,-0.8925845727414278,-0.13552569544804216,-0.22643701558635818,-1.0555867584147138,-0.23208607194873113,-0.39489127400737395,-1.244498557609943,-0.30243180182346413,-0.5092459062128692,-1.4285724466638314,-0.33806127721670715,0.06745787515309695,-0.7245692444662553,-0.19383887065233113,-0.2266818655942135,-0.6934349189181624,-0.2520161961274871,-0.3883180191501654,-0.5947522154054701,-0.25795748071910174,-0.49928991775198966,-0.5102888110313486,-0.2541822145178861
unknown,0.0,0.0,0.0,-0.2728962502646898,-0.15830996074481665,-0.04956381782570256,-0.4960491536024673,-0.40605780973194383,-0.12229982506571734,-0.6222559815264443,-0.5889204288684533,-0.19448316956360026,-0.5316545171024477,-0.6944220622513888,-0.26202179797041275,-0.2656128621549036,-1.0123816440635913,-0.041134875834852994,-0.471793182610495,-1.0785206065292194,-0.14984377834591195,-0.5168916971563783,-0.7960819828507144,-0.24833569617880208,-0.5045272413155749,-0.5944705468614002,-0.3110340404996956,-0.1114167749839765,-0.9903347594116131,-0.08260367154862083,-0.3516635410589,-1.1225744566619478,-0.20777688789141294,-0.4348194034527388,-0.9273494114730025,-0.2870893460113354,-0.4619488781770097,-0.7720651885880493,-0.3079970119420379,0.014074045093354633,-0.8881386363851986,-0.136736853406984,-0.21592905568677226,-1.0437340934865065,-0.24097005935287333,-0.3854150311832039,-1.231699938877045,-0.3188089122615985,-0.5003240570535141,-1.4165591931710808,-0.358346187265771,0.08221759272094842,-0.7194057123731202,-0.19036248774122796,-0.21589945460641244,-0.694574972975076,-0.25526321587177697,-0.3792727224340303,-0.5909448044670023,-0.2657676878281723,-0.4903136482719527,-0.5024906869868208,-0.2653976743236748
unknown,0.0,0.0,0.0,-0.3826571609377991,-0.037787523377020245,-0.11628902453678767,-0.7322051024106152,-0.024771043882664767,-0.2456331078005026,-0.9216999326914088,0.12980243141184378,-0.38418781048846856,-1.0083439138882317,0.3515205976814112,-0.5581380399157283,-0.8656718555711996,-0.568675526353397,-0.32150479996328807,-1.122852697085389,-0.49283220344079154,-0.5465686305776135,-1.3412743088046275,-0.457550074236531,-0.7332940419413251,-1.5314468224622702,-0.37358408668415116,-0.8511307686350885,-0.5778582632547996,-0.7208440521032341,-0.3827057356972019,-0.6935091273023405,0.23075182554257312,-0.643098341873927,-0.7268389435138213,0.9025235910207136,-0.760699611737765,-0.7517921227505829,1.370097149124766,-0.8110621032533981,-0.21919115743000392,-0.6407203894379794,-0.44461502856306134,-0.36472175543184043,0.2964101903121227,-0.6632515949650365,-0.45701352191940103,0.8293255218895984,-0.6836302922095373,-0.5213584778178718,1.2070074951095549,-0.6637681219290983,0.12614637409452809,-0.47801789224875413,-0.5155715296015222,0.008768561741911847,0.19671889693447417,-0.6610325951274273,-0.13637360798295026,0.5944497450659564,-0.6250858149189495,-0.23977149885470575,0.8994810088053297,-0.5661216793364833
unknown,0.0,0.0,0.0,-0.7449562897146432,-0.040134384749353304,-0.17857484917060434,-1.3570047304223969,0.1065394247789012,-0.2941358485831915,-1.7771586747675507,0.3231805855719607,-0.4073855072443419,-2.1199231682945245,0.45642251709714127,-0.5645951951372264,-1.228069266199568,-0.1637801318725861,-0.43319193378249393,-1.5788494233658124,0.166439817940533,-0.7288975915846095,-1.874012023315727,0.31591973527845413,-0.9507524205267596,-2.1621264551855823,0.4434030294425817,-1.1061098270508953,-0.8497242894347011,-0.14611314399825176,-0.5065763329406917,-1.1435324882737081,0.9743013900416574,-0.8351116797641279,-1.2642308028049183,1.7799128862636966,-1.033556116428989,-1.3498527697152958,2.4010626429551807,-1.17024370832399,-0.4183139420148722,0.007553693776946033,-0.5855331566831904,-0.5829647272187601,1.1237145835479088,-0.9514069743650407,-0.6955218075663767,1.7760892400210662,-1.0683754151219134,-0.8003935999134764,2.2486505839033275,-1.1051500927707152,-0.009056370069341811,0.2196724615346115,-0.6664739718579943,-0.14861389760604085,1.001660941185907,-0.9619852501643775,-0.31538362782538537,1.4574366078038055,-1.0152282614371617,-0.458750437446508,1.819065874655574,-1.0165889179072882
unknown,0.0,0.0,0.0,-0.46206341900303816,0.1310121686931523,-0.13636948211337824,-0.8134364011193197,0.6020902360120245,-0.2854244143374443,-1.0696725518805084,0.9910812228652622,-0.3875398483406792,-1.3036629765208674,1.0905888044886973,-0.5093159907377386,-0.7383905920057476,0.5229985218702853,-0.6038445088713991,-1.062807206216712,0.7441216799425667,-0.8563267584537764,-1.356086516812409,0.8276763510182086,-1.0064350626151697,-1.621145186519352,0.8684448144621364,-1.0992426147095056,-0.426337772820784,0.6519265884406037,-0.627078804258611,-0.6614254182011169,1.392212625416637,-0.8198924905436223,-0.7839013329938949,1.923083050232924,-0.8942133777969937,-0.8778101567486584,2.334942833352933,-0.9638989510962152,-0.08795667130176814,0.7890251686646383,-0.6311830618314057,-0.18352212862103517,1.559763324996377,-0.7999075156125447,-0.2808904384430794,1.9831377530549457,-0.8100177932353174,-0.3492599448473514,2.2514491189850676,-0.8173241105256224,0.24731139429922727,0.921577458734013,-0.6327658143228766,0.12142074646513076,1.5250642977976216,-0.7554485189597566,0.01238810054872173,1.8009937089919932,-0.742610235763019,-0.10537717245956885,1.9858368234828143,-0.7332880550694241
unknown,0.0,0.0,0.0,-0.40690566938531353,0.1374271462441744,-0.17516120335972338,-0.6056095417104445,0.7576001977973872,-0.33379548083474947,-0.6256283553208053,1.3943573122064274,-0.4300175481875826,-0.5744786333665953,1.856618938178198,-0.5361046768409846,-0.7188938252797401,0.5077916730229299,-0.6414120841231336,-1.0347147827659493,0.62815830735965,-0.8996409369202888,-1.3505149098087248,0.653944123918437,-1.0615055072462598,-1.6319826787195744,0.6460406749443937,-1.1635146505202825,-0.4624604620227274,0.6223159360795275,-0.6315482537124039,-0.6864165128194101,1.3199767222643954,-0.8466688352171401,-0.8286755644695095,1.9172787043981845,-0.9460244640492234,-0.9240668758646772,2.3603384488775263,-1.034291006319429,-0.15102185109961272,0.7701204305069869,-0.5994258162611152,-0.28379547628072066,1.5940235510181908,-0.7995477210229885,-0.36900903301423077,1.9123983208693593,-0.7987666740780623,-0.3937495400479863,2.0269407632220444,-0.7807576668656256,0.1695601882848473,0.9405937496848962,-0.5637374436035787,0.06476033369372489,1.5915920701664867,-0.7200591276157023,-0.05310134513627083,1.8281206191490207,-0.7115175569438373,-0.1624982892255214,1.9366366248486975,-0.6905595743861224
unknown,0.0,0.0,0.0,0.21232682630755387,0.5347416828812366,-0.262630113105758,0.16851117320039471,1.1731252586114678,-0.4482034780334368,-0.06402620249463997,1.6461313994727085,-0.5599426404063769,-0.29793618069178707,1.8937100016454127,-0.6784377713088104,0.003639585045460071,0.8427879814799838,-0.7275540522175143,-0.2100042365013135,1.5399652956449206,-0.9541214052616501,-0.3619171798630433,1.8977840408545055,-1.0586972310598408,-0.5326652000578632,2.1693369072211888,-1.1310313380089156,-0.3122010580281679,0.6624030432475938,-0.6809939116192001,-0.5295813288847953,1.4065415878167418,-0.9198374648382335,-0.6632984995584335,1.9050696685630517,-1.0266550705332027,-0.8030151557633903,2.2679325306518057,-1.1089541783709145,-0.5817814809665672,0.5189836608470534,-0.6203453122104886,-0.8413271248703127,1.117257538474522,-0.8683144657158804,-0.9850919898138573,1.543654030335647,-0.9787645710147477,-1.085285156093901,1.8254221302739841,-1.0454882638944851,-0.8071491073137932,0.41282760220223974,-0.5610637994221672,-1.075417198847925,0.630343841785553,-0.7836757271365258,-1.2558416002991422,0.7121130662213777,-0.8808271761363394,-1.4094188152257698,0.7286825955372593,-0.9431686579435984
unknown,0.0,0.0,0.0,-0.5228212891988935,-0.021618635052055094,-0.09479966626770757,-0.9801499430500326,0.1623557479645206,-0.2439662208476303,-1.2133631169127173,0.6227383843151354,-0.4083543767474008,-1.2773872085845512,1.1084245623584907,-0.6404710779959676,-1.0329822920108604,-0.39549576559242694,-0.4570919119107695,-1.3546688356923222,-0.24466773712085743,-0.6950468387344192,-1.6166502150440474,-0.26993489423122147,-0.8808880604829303,-1.8698799411241445,-0.3265825924312548,-1.024499942473166,-0.7096534102121268,-0.4334998489547233,-0.5554006826882112,-0.9524635982816555,0.8228156545234965,-0.8217725005692047,-1.0606264461464818,1.6638228260952004,-0.960625356598597,-1.1085968085197413,2.232702738812485,-1.0583568608170837,-0.3206151338514809,-0.24952546593814762,-0.6393852014237918,-0.5744258520395265,1.0532957269376644,-0.9011360805754616,-0.673646608180286,1.6900924945710452,-0.9651982018772797,-0.7339335387580215,2.074693013091832,-0.9847515280419358,0.040879626580117,-0.004203580474563459,-0.7201471202801335,-0.16557926713506982,0.966496047908207,-0.9341529601970109,-0.3224541035415961,1.4509118621285866,-0.9386429724902832,-0.43124245656727817,1.7606832292217898,-0.9120232959440772
unknown,0.0,0.0,0.0,-0.05507369912575405,-0.569358684077336,0.08163324105816681,-0.28857975408121445,-0.8368825552622023,0.12268888680210312,-0.5133128548159778,-0.9603650817591725,0.15361485106288672,-0.6577777351001607,-0.9664273685253011,0.1767793075108814,-0.6854476703686561,-0.865262016705104,-0.02295761685675296,-1.126399755936976,-0.9983524789235461,-0.02739059313902795,-1.3898238342604543,-1.0571888468820105,-0.03419176631725286,-1.5972941433527452,-1.0804799354194075,-0.04265839053981669,-0.8046425183021888,-0.5923065046443218,-0.041514121649600416,-0.9710454326006758,-0.7033473509389091,0.009455938457692466,-0.8508677521814221,-0.6869763227103309,0.07445309753843823,-0.7178016675382461,-0.639794417645662,0.10544799533903629,-0.8099437490600155,-0.3119524975861686,-0.0443945093010723,-0.888340247390179,-0.44484357898576904,0.02470250147921312,-0.7861191285501322,-0.4441324672780121,0.09229559361874455,-0.6725035742857929,-0.38896502349290213,0.11268387407213326,-0.7753293759074356,-0.05662692723436362,-0.04239167410149063,-0.7994203660202246,-0.21132503795517243,0.02810273968453271,-0.7019826031073555,-0.21627824414253624,0.09479459856449375,-0.6091054286859009,-0.18566476620859879,0.13454394443871193
unknown,0.0,0.0,0.0,-0.06294666010673965,-0.5880884051028188,0.06866963228036406,-0.30511211355900875,-0.8578104150311485,0.10891933363383394,-0.5294929019449321,-0.9725404294859573,0.14299443507474874,-0.6696050507013881,-0.965919070178282,0.17117129832860717,-0.6919434179355276,-0.8636454903299957,-0.0381701642743983,-1.1117576020323647,-1.0198223078834858,-0.041069122832467476,-1.3631580382549873,-1.0863812492307827,-0.047448207175443416,-1.5638461430165655,-1.1165564398029109,-0.057645526653997296,-0.8047501200354089,-0.5914775204408704,-0.05031487966908759,-0.9443912692532433,-0.7328910848619381,0.0055220657991682,-0.8251563099478547,-0.7238931435942462,0.06852261355163006,-0.7016307067276258,-0.6766216718968345,0.09340535271798256,-0.796905588030667,-0.3214787693761003,-0.04702531152408074,-0.859667818285336,-0.4838101864653585,0.0265394829747917,-0.7617837460029999,-0.48963369876407586,0.09080906171070746,-0.6539441233255535,-0.4323012606537038,0.10480977111894343,-0.7488223937241417,-0.07976388749555667,-0.040112712161833444,-0.7708050059876203,-0.2493052205990982,0.02949396501186968,-0.6812329963486087,-0.260928348329598,0.09165991784838552,-0.5900227023078697,-0.22843785969814126,0.1255911081168512
unknown,0.0,0.0,0.0,-0.07262020057020398,-0.5826370055964051,0.07262801930610555,-0.3262028727521334,-0.8513103360730344,0.10869652269299283,-0.5660653101691032,-0.968718774539109,0.13768863194421566,-0.7163773450007207,-0.9650049228230271,0.160943487679955,-0.6825388661667054,-0.8770580224305878,-0.046650181010596564,-1.129989259501378,-1.0406662073747648,-0.059641548056096796,-1.3983550446571937,-1.116707528662049,-0.06921977251407602,-1.6098823262689548,-1.1515757016241321,-0.07901498357816002,-0.7974644242971163,-0.6003541443861983,-0.06021123897400506,-0.9721578699666541,-0.7391516982084931,-0.01521090937086168,-0.8544371455967861,-0.7296958153581433,0.05083821358067959,-0.7216925261425168,-0.6740010762201079,0.08202857683712222,-0.8017222579101289,-0.32738268534122805,-0.05833428909098173,-0.888821779094931,-0.480699064636286,0.012074923329878364,-0.7888802161421749,-0.48757290995697805,0.08261772389767669,-0.6767812306134625,-0.42753026612931405,0.1031649598632326,-0.7680986855045308,-0.08142069782359813,-0.052769770567824247,-0.804120400325029,-0.25064568350166017,0.021833794553926228,-0.7135890921114422,-0.2576431790284084,0.08941857782027507,-0.623742600614144,-0.22146107448376068,0.12729727405252111
unknown,0.0,0.0,0.0,-0.06503501144615773,-0.5686426040809893,0.07712278694183254,-0.3092727915897624,-0.8211644128433632,0.1154202819472965,-0.5340092335912878,-0.9186335122936538,0.14437505903903153,-0.6784424119234954,-0.8982559490062229,0.16679906921198773,-0.6842952161064558,-0.8598047403832033,-0.03622065113730516,-1.0997797878924447,-1.0024670603334187,-0.047120136487101866,-1.3519049507298881,-1.0657416769442116,-0.055802439904668745,-1.5512735896649437,-1.0973326743673129,-0.06629542736751967,-0.8034432340136116,-0.5926994603936164,-0.05644749212201503,-0.9337267907648783,-0.6972016133325589,-0.009629917274202574,-0.815675701329159,-0.6762346035851192,0.05491446631220221,-0.6929838351948169,-0.6311568696368596,0.0825843949637311,-0.8072742484649048,-0.3173876595380557,-0.06180521553399503,-0.8492169875819737,-0.4483850626925678,0.0033384354410564343,-0.7499510646525045,-0.44434187076799725,0.06976937816711505,-0.6456616704949852,-0.38860953358172196,0.08726875766271494,-0.772109562329791,-0.06434383606060501,-0.06328850198723689,-0.772328134192674,-0.21595558868733786,0.002570853041473019,-0.6782784830263332,-0.21788785696452645,0.0653107689087341,-0.5925091788605038,-0.18281559882462117,0.10077341180041417
unknown,0.0,0.0,0.0,-0.06767487398843096,-0.5685143948070638,-0.034383611554183,-0.24897889888419394,-0.9766571209421486,-0.10011015608672721,-0.35585786423815,-1.416657024157358,-0.16238436791970598,-0.3382946417231377,-1.7817444571722336,-0.22614302980476336,-0.7058645402378714,-0.838658259048875,-0.19854729263977086,-1.1890711790924022,-0.9593404805478076,-0.2698658412741397,-1.469605397443999,-1.00316469891431,-0.3022918524838879,-1.68169520010557,-1.0236392343340477,-0.3186419680221102,-0.8329030323524076,-0.5207547257946479,-0.18731538714346305,-0.9912798516681559,-0.688780303492263,-0.20288623896627025,-0.8567680719313753,-0.6887979752109111,-0.13460965323212626,-0.7047641675243758,-0.6278268471431298,-0.09173935449510505,-0.8435257901109259,-0.22352587044810332,-0.16849363260161845,-0.9012985425885003,-0.4314878884096372,-0.17311593003897044,-0.7851834329346008,-0.4208552673662921,-0.10248535836409321,-0.6542339429011177,-0.34605581397126595,-0.06270491339854599,-0.8227124097603657,0.01361503179286413,-0.15187659191776948,-0.814745341441477,-0.20052756702329516,-0.11724437708304662,-0.6971610133185778,-0.1853261902541125,-0.044667370268053425,-0.5910967963883397,-0.12334407549157893,0.005520288618977453
unknown,0.0,0.0,0.0,-0.062284172347022014,-0.5628777632387849,-0.028476865471156684,-0.2379418224694596,-0.9632772548116418,-0.08721640606954567,-0.3350671499008309,-1.3873014220581532,-0.14598857370400115,-0.32433321482234956,-1.737395515508318,-0.20726561906966767,-0.7039128070284241,-0.8423991926414746,-0.18024576228250247,-1.1701241548169132,-0.956542236723183,-0.249490570976285,-1.4429477315380619,-1.0038812698132724,-0.2825227150278398,-1.6500316620053896,-1.0310047453708124,-0.29967970096116614,-0.8276004931672354,-0.5336027337981395,-0.17419973074749737,-0.9639011892788699,-0.6725755014756396,-0.1939076345747488,-0.8262350684348103,-0.6648467127239364,-0.13198300976659696,-0.6732862898829479,-0.6043192118115152,-0.09130823026480375,-0.8319670245082954,-0.23795959722929,-0.16110670126630017,-0.8682917660807604,-0.41154022626836556,-0.17236196197117049,-0.7517224672822044,-0.39841195024636833,-0.1085319283560304,-0.6213058226321491,-0.3315287607791412,-0.06999472783739065,-0.8042840479879125,0.007550233209770698,-0.14982431132927393,-0.779610257512451,-0.17140968450888255,-0.12199522325329665,-0.6649260931854516,-0.15926386793932848,-0.05520894283709075,-0.562515804493148,-0.10902795296870058,-0.006569727251597582
unknown,0.0,0.0,0.0,-0.07739371361412653,-0.5631361877840289,-0.08910386905195364,-0.24674870968916512,-1.0372825831176582,-0.17171914315874073,-0.33437651730525625,-1.4616724060991573,-0.2462230645681556,-0.2992292517099122,-1.8243860571769224,-0.31436513436286384,-0.7098621764945936,-0.8412880025947747,-0.2347110585493534,-1.2236558486058045,-1.0796671192466427,-0.3095669878359308,-1.4958152623876633,-1.1752178619676332,-0.3401747365904419,-1.7022187793016696,-1.250753927109779,-0.3497629572002718,-0.8365082851201431,-0.5065071882210022,-0.20905587101493167,-1.3281488866316666,-0.6320523296882191,-0.26914613212068933,-1.6365001558410068,-0.7013256318172929,-0.2932971455975534,-1.8521630515851155,-0.735811528042722,-0.30438720418788867,-0.8751843767978527,-0.20523921611114496,-0.1698223524179282,-1.090882365610569,-0.4493274974275157,-0.17628202077009653,-0.9728625070211282,-0.5087078766299059,-0.12178046062217845,-0.8362877594464069,-0.48045193451317,-0.06971252821079202,-0.8720793670055959,0.03299703645076974,-0.1436526568909455,-0.9526219048349155,-0.24123722905610953,-0.10391681034756758,-0.851348292464049,-0.29164873358805526,-0.03156129464480565,-0.7391285498056799,-0.2754187084852136,0.03593378238751363
unknown,0.0,0.0,0.0,-0.08413009189904223,-0.5678559424995099,-0.08130198711330028,-0.2744015518549039,-1.041639853435466,-0.1557508006423702,-0.3798882558010651,-1.4796358781048566,-0.2230663135225021,-0.3399064602669558,-1.838075881436793,-0.2849313396932244,-0.7054161664749359,-0.8431082020162661,-0.2285639019442518,-1.2018953091384172,-1.119504502235189,-0.2952498576786597,-1.4714421154862398,-1.2378122870496864,-0.3181697182830802,-1.676898163221927,-1.3318562825023967,-0.3243976578535292,-0.8360723935428837,-0.5089416123826747,-0.20484478987954963,-1.3169366778149805,-0.6231276704538142,-0.2644368119014436,-1.6244121576394215,-0.6811942220547059,-0.2895824572534543,-1.8431181968944033,-0.708051979343607,-0.3022448150278472,-0.8793279280796995,-0.21294932603264075,-0.16570839293033274,-1.0916167317098642,-0.441657457055622,-0.17377706532678266,-0.974457172091689,-0.49989306222040375,-0.12486494466684506,-0.8389774786104737,-0.46580910197403624,-0.07748438155925175,-0.8775645822424905,0.022772435644697775,-0.1383478686686252,-0.9577696186234924,-0.2321436007248053,-0.09887137695690434,-0.8585634219556111,-0.27425091006529895,-0.030410342455971132,-0.7462407191320017,-0.24871712672725924,0.033156128460680494
unknown,0.0,0.0,0.0,-0.08688015146163941,-0.5615010491328816,-0.0785857690192149,-0.27028730216078506,-1.0259559299088519,-0.15113450016957808,-0.3705040806390217,-1.4520926183840093,-0.21898293113709416,-0.3462761884001257,-1.801072290101165,-0.28149488250175764,-0.7098254092898245,-0.8387724717824083,-0.2109026040722095,-1.1904035845014846,-1.1079077368312127,-0.27708494943773837,-1.453502986024003,-1.223252735599613,-0.30254160985260914,-1.656885189492781,-1.3134272283092638,-0.3106940437396334,-0.8380206797846227,-0.5109694241985961,-0.19139380289725622,-1.3134941099993642,-0.6131738429045062,-0.2516323123745377,-1.6177294085261003,-0.66144946482959,-0.27965234419081003,-1.837515287015786,-0.678199148094127,-0.29422609959464463,-0.8763875703160401,-0.21370539233578573,-0.15790829603091602,-1.0888968254254352,-0.42311614414599485,-0.1716078215304588,-0.9717738187267702,-0.48270522196213667,-0.12527205600055083,-0.8374193715895631,-0.45619039393236765,-0.0784848717195399,-0.8681310256731368,0.030254350527511645,-0.135574840726946,-0.9548772047492937,-0.2097522664402847,-0.09999092736511853,-0.8551141767373325,-0.2542779156035477,-0.029706641077907568,-0.740717852941951,-0.23355002580972203,0.03589036540235623
unknown,0.0,0.0,0.0,0.12566285323805731,-0.43900701684747456,-0.06810442982462472,0.17787151093392659,-0.8911275469804065,-0.1806955649025021,0.25486666180749556,-1.29073500481362,-0.27933123545372357,0.37369280568678437,-1.5794819636629096,-0.3902079695596162,-0.15773199987212866,-0.9996117482914261,-0.36345190612933354,-0.3581859102353495,-1.5647322218817628,-0.49724777890583194,-0.4997439428583228,-1.8802402918524703,-0.5644356541875352,-0.6344340092658823,-2.1077639990642263,-0.6003025574394936,-0.35382722894005736,-0.8526163816059501,-0.38451475638494953,-0.5853339527414628,-1.515294164193248,-0.49122530095557326,-0.7039447931796363,-1.889849348496294,-0.5083791512463599,-0.8299866115367712,-2.1397046237163155,-0.5212596941717286,-0.521654416940728,-0.6405236603366332,-0.3869006398174617,-0.8084178273158293,-1.2040548877872317,-0.47148489724190223,-0.6944689179249967,-1.2189117959340192,-0.40851960973680596,-0.5735988474198633,-1.095902280955405,-0.3481193501640317,-0.651552865467164,-0.4100231743488441,-0.39165046864024433,-0.8939400816525769,-0.8957974378483837,-0.4515439448765882,-0.8289718314766183,-1.0151524244450738,-0.394760307466732,-0.7394601538653192,-1.0106067844358104,-0.3354032697522381
unknown,0.0,0.0,0.0,0.12916578218117167,-0.42812692840411765,-0.05929825896516875,0.1757270565493672,-0.8821179542556891,-0.16033366566904786,0.24372801599192398,-1.2767650339760226,-0.2527380037940709,0.36040150761005935,-1.5538969732920962,-0.3569748406311829,-0.14742859036555908,-1.0100740684889984,-0.3233719224578157,-0.36214075018414504,-1.5564127857726198,-0.44832663015767504,-0.5122010391054596,-1.8542164032671016,-0.5133436658798557,-0.6545639427571527,-2.0681540863595904,-0.5495759991395157,-0.3351284481751996,-0.87480818792736,-0.3498564813733361,-0.5708177002128293,-1.5077939151294146,-0.4500387089596108,-0.7020884606603616,-1.8672843184238588,-0.4714142190276142,-0.837079373440867,-2.114427833864608,-0.4879890199839851,-0.4984785293693966,-0.6642970410527663,-0.36021498865418555,-0.7724027649577497,-1.1877675728239894,-0.44259426550526315,-0.6630342824398963,-1.1715435222915445,-0.38306295594738315,-0.5463297736948927,-1.0392001020639114,-0.32485365627770213,-0.626331126320397,-0.42700384200671565,-0.3737449495850349,-0.874297261635082,-0.8783251114781534,-0.4338952934425673,-0.8352438445711043,-1.0146333958495117,-0.3854278453681069,-0.7633769713282057,-1.0439854929012315,-0.33382476557084273
unknown,0.0,0.0,0.0,0.12724940597595957,-0.4291269300379549,-0.06180664019642149,0.16873846598341602,-0.8936207641460014,-0.16272729356777235,0.23024707890201163,-1.2939671907877097,-0.25275979021226186,0.3441358112766108,-1.5718386462289622,-0.3553160110255022,-0.15184960867810604,-1.0060103331562886,-0.33748047306327844,-0.3623956592005817,-1.5631953781606207,-0.4593123394197625,-0.5072177011919096,-1.86545436872753,-0.5199725231481163,-0.6436408044112935,-2.0836871600572753,-0.5529680406904101,-0.33887271790831236,-0.8689238596848592,-0.36074451780699396,-0.5811678441682753,-1.5081526225003175,-0.45598657137998294,-0.711459445520924,-1.8689180845921491,-0.47225545024818144,-0.8426846861443498,-2.1172817707455365,-0.4864223533076775,-0.4992521083695479,-0.6571866800007896,-0.3667130142678481,-0.7849651800190649,-1.1846064658264397,-0.4441391277203033,-0.6825637392401934,-1.1742691050097753,-0.38433450183750195,-0.5662469725618167,-1.043165170734912,-0.32786217660837685,-0.6253107666504184,-0.41809034111778304,-0.3756081694377155,-0.8770084700567541,-0.8768877359079488,-0.4347237237627028,-0.8365838923312602,-1.021990727980146,-0.38756852718284973,-0.7587794117892434,-1.054521428586202,-0.33758807045932077
unknown,0.0,0.0,0.0,-0.5045477568426786,-0.7352956608526825,-0.1651685064019469,-1.016792291225621,-1.4225278072286183,-0.32818321872593514,-1.3400292066548383,-2.0626901453542987,-0.46481360143919365,-1.4376325686599298,-2.639186287487065,-0.6190609302404642,-0.6537043418049509,-1.0390404275885994,-0.601813600901157,-0.9303853736429246,-1.1213444836720823,-0.9050580913232449,-1.107183280801573,-1.152711315074792,-1.1030498779794897,-1.3176092878625845,-1.2113371371801493,-1.243728039782575,-0.5540107824150743,-0.5073556704640632,-0.6600471775682387,-0.9006840849240583,-0.49044843832557283,-0.9540846365926837,-1.1753122633836113,-0.5156019383836862,-1.108406786778134,-1.4190071565714826,-0.5000995521988968,-1.2524878767040066,-0.5030980980813405,0.01956043487636611,-0.7091004415850881,-0.9866599459761509,0.21107614842895217,-0.9954055128917718,-1.3982819443537569,0.3117513217004021,-1.0846767157626027,-1.7773108052910933,0.3847044385902884,-1.1587010721493365,-0.4781476782864078,0.5206359104415808,-0.7604458273639918,-0.9036427971997135,0.6666694695001952,-0.9932159093186174,-1.2347432933976215,0.7256914937302165,-1.0635636593644946,-1.536146413105901,0.771615374470896,-1.1232676562821668
unknown,0.0,0.0,0.0,-0.5064947304140821,-0.7289713114445425,-0.1602911840058329,-1.0281853568906638,-1.4141244009026768,-0.32516557837964527,-1.366635298477207,-2.0460364574798398,-0.46363410717425796,-1.4554542550196683,-2.6416717677762773,-0.6212270786606567,-0.6439741867637688,-1.0295596960900117,-0.6138811047677689,-0.9227846913440176,-1.0972698351673003,-0.9129154696161148,-1.1076295488345995,-1.1493735333390802,-1.1094111953413976,-1.334862354618347,-1.2275599162792818,-1.251624914984429,-0.5613126857575457,-0.48375592442810705,-0.6714970397465341,-0.8997798379575949,-0.4810588778699295,-0.9584758180269507,-1.179893329402031,-0.5231897426238485,-1.1107659933233274,-1.4338398757827553,-0.516920776654269,-1.257975452090938,-0.5208322471279674,0.05300653827195162,-0.7169387514543738,-1.0017096964471872,0.2282679524752469,-0.9965172796623302,-1.4033774484314916,0.3340544226079871,-1.084124411809019,-1.7807793110356067,0.4213566938352276,-1.1608981798625442,-0.4978732887108942,0.5594166498362956,-0.7640845379958427,-0.9201733392989222,0.6900925355343712,-0.9915547068241944,-1.2470642025894634,0.7499553519617963,-1.0624329433657769,-1.5452384401362607,0.8089002690022319,-1.1262217517220459
unknown,0.0,0.0,0.0,-0.53309015087989,-0.6932306527925551,-0.1489693498838493,-1.06862908660161,-1.3599391581099167,-0.30864465858324797,-1.4039547946462159,-1.9612005698186605,-0.4460128030733542,-1.4717069799838283,-2.5446299133625914,-0.6060989346190007,-0.679454825839937,-1.005642781682086,-0.6071138775578776,-0.9403602113918499,-1.0574238482351168,-0.9042953308591256,-1.1110997573841828,-1.086146230302912,-1.1019745993369858,-1.32207231580737,-1.156927268748664,-1.2457593297711285,-0.5667337572715414,-0.47205694252106445,-0.6752592771569644,-0.8946139025235653,-0.4599379995451919,-0.9624447031763887,-1.1746124663116604,-0.48330525351597503,-1.1147737014820893,-1.424632127666898,-0.46710288414439827,-1.2617426289301397,-0.5006984751469942,0.05692083150795555,-0.7298322973618392,-0.9582339399677552,0.24561495551805915,-1.003593273751862,-1.3577029119755235,0.35873779991546306,-1.0824105348864452,-1.734507914240439,0.43973834903474573,-1.1543796011569893,-0.4599545930987625,0.5692944603363904,-0.78669231526123,-0.8794096177465464,0.7128583552863109,-1.0080356681389058,-1.2115511287772447,0.7827348685352973,-1.06824767212315,-1.5135654545559436,0.8447220296972693,-1.1244129673621441
unknown,0.0,0.0,0.0,-0.4143560719457613,-0.3741581669481004,-0.012315888830360684,-0.7061484832631213,-0.5399222440023357,-0.12319580232533035,-0.9037388491359669,-0.5261043773522593,-0.24297866387455017,-1.0558277197795387,-0.39791430132485506,-0.36205735560954294,-0.5691877696549146,-0.9022802015965469,-0.30877710906055833,-0.7491618509890264,-1.479869496232785,-0.4773069195249731,-0.8226347227439601,-1.7827796739950297,-0.5674313389167548,-0.8719678678644168,-2.067990487212227,-0.6240909537368372,-0.37003621177771323,-0.8361860212594932,-0.40480382881516574,-0.4296090863620433,-1.2044018314131524,-0.6165428977918008,-0.44195263895722336,-1.509423665564442,-0.7206408995026352,-0.45779884461858444,-1.7374346065490718,-0.7861373785371243,-0.21316359437060492,-0.6327971456888521,-0.48032764921167365,-0.5436394808562524,-0.5032573756160219,-0.6565042621429147,-0.7937753396365315,-0.42218458225496763,-0.6903728355452979,-0.9859420053257792,-0.34475496585648757,-0.699178900814507,-0.14349578690483375,-0.32489789486175297,-0.5500630481968671,-0.44618449710739105,-0.2501885552414265,-0.6389604352382586,-0.6254870546190425,-0.21125916325445082,-0.610625405656392,-0.7610539230927539,-0.1659686912412134,-0.5874043658631585
unknown,0.0,0.0,0.0,-0.22752745557165546,-0.3711321663630767,-0.11482730826826888,-0.3515583701891237,-0.8869890094173556,-0.19630907450393825,-0.4357851521096731,-1.2783275290943017,-0.2829187818626591,-0.5247531146784584,-1.6011070476681772,-0.3676683540221175,0.007844008325076928,-1.0823957030812426,-0.20064457042643097,0.20676898879838032,-1.5169384749947055,-0.35573417801759605,0.32183193198947474,-1.7837584214692241,-0.442654761478601,0.42687014360338704,-2.012817804521909,-0.491012062260192,0.2029661512060394,-0.9473162736482915,-0.24778341176463442,0.3826738359156033,-1.3941004752046862,-0.4124928156825226,0.46985529923180486,-1.7066658947795563,-0.5063452648195219,0.5570859780916728,-1.9671410333226151,-0.5506347884957856,0.3631425100077584,-0.7014369164411235,-0.30131652640305906,0.2785102619584237,-0.8183990300025356,-0.5070727867235816,0.021310080582491307,-0.6499049944960866,-0.5277745432003476,-0.14223866717330802,-0.50663529915673,-0.48608038997720643,0.45896092649978515,-0.39828965311337333,-0.36011052034308094,0.40713096321670705,-0.4695727470496384,-0.5104813378601274,0.23326219062172682,-0.4080932894816984,-0.49642908224601034,0.10927674417150375,-0.3210727135265182,-0.4492281593717606
unknown,0.0,0.0,0.0,-0.14263822574279153,-0.3639937319282693,-0.1077808545594261,-0.1787075099207159,-0.7805458199721149,-0.18717498275144429,-0.1682131825749205,-1.1165819478822594,-0.27529082380796205,-0.16117203829106994,-1.3686698648624886,-0.35806826962015065,0.29033116647048596,-1.0372958651575197,-0.12464344328854246,0.5190843062408835,-1.3477333272406768,-0.2632795479803251,0.6670145505117102,-1.564648843551184,-0.3636355581222739,0.79878551282742,-1.752630201568858,-0.42719777137855314,0.4393962385762922,-0.8825508868240127,-0.1674361899087377,0.7010502009955184,-1.2589931226202358,-0.3147650186799214,0.8415986176779977,-1.519127359828493,-0.4055844327312166,0.9837795374929347,-1.7397888973266284,-0.4537329158031291,0.5388366756870647,-0.6446569683602317,-0.22377942807006904,0.7337344387723973,-0.8337423965979337,-0.4159134645959665,0.5014117069112456,-0.7448131608022702,-0.432133193808245,0.3131812976502842,-0.6567528276289851,-0.38896402684569475,0.5863341225758382,-0.35376767933510594,-0.2875813478081487,0.7539597065484571,-0.5115602246833856,-0.42941045070275996,0.6162194173921354,-0.5088710693206165,-0.4156357649838919,0.47435077280677485,-0.47412863447656994,-0.36863465842667
unknown,0.0,0.0,0.0,-0.13998880285705603,-0.398017701847052,-0.13995080088671327,-0.17098191273820992,-0.8405242552620291,-0.2521943242722598,-0.17782704229461171,-1.231428489887263,-0.3699975439619838,-0.18810163674061084,-1.5346989002152822,-0.4835128646653284,0.3189174534123847,-1.0470404273848575,-0.18064754837720717,0.6004634653994603,-1.3571752437709574,-0.33320992862871596,0.7643752830446296,-1.5449496180853381,-0.44523104663800295,0.9261469709011323,-1.7016791864458807,-0.5253672975123324,0.45150714634092654,-0.8649716785162702,-0.21900979925067138,0.7637479205354443,-1.2412441721626115,-0.38777472262604895,0.9401754449979381,-1.49767794063868,-0.5065073763683127,1.1148748748951514,-1.7088783026694765,-0.5892771149961527,0.5226797144089984,-0.6161825763139661,-0.27143476465467636,0.8175203791221497,-0.8614304975373975,-0.4758507290619174,0.6267228798115162,-0.850925680327029,-0.5177687415067883,0.4335729901425929,-0.8006083156151076,-0.5073548852887171,0.5487895168818876,-0.3270083268897842,-0.3340689103533867,0.792161922112426,-0.4986020495051432,-0.5036258679440531,0.7191725437611196,-0.546010852975108,-0.5293751122150849,0.5927421312212912,-0.5486613719559541,-0.5193548909233426
unknown,0.0,0.0,0.0,-0.11858146106475895,-0.4026814959867268,-0.13317592279672136,-0.13028245775764866,-0.8360539602294605,-0.23716394521203937,-0.13159377074518913,-1.2260845815143004,-0.34858088472251797,-0.15843470845890825,-1.5194375253410761,-0.45513116295584544,0.35791928077662116,-1.030029847184336,-0.14688436611102784,0.6294833543372109,-1.3315036951030972,-0.2956444824894268,0.7912544523880954,-1.5142675091063038,-0.40710223791754835,0.9516919052362086,-1.6671738017986268,-0.4866504287384151,0.4938220849732619,-0.849498387433728,-0.18572086081040046,0.7968719801979808,-1.202748934321343,-0.35241736416333064,0.9658097679793817,-1.4549407868484066,-0.47051952276891607,1.1373294200226265,-1.6614166434391424,-0.5504195272862787,0.5656195064878334,-0.5968811387291588,-0.24058782071513882,0.8520988980112016,-0.817047293709326,-0.44670367874408773,0.6362007979516254,-0.8126818876757381,-0.4894526339102438,0.4309382527825622,-0.766945510882792,-0.47608891706636186,0.5850524364559679,-0.30704194131046536,-0.30539555698666143,0.8274731859578167,-0.4612933705396107,-0.47660602709865085,0.7415834861796571,-0.5257406746140992,-0.504854761642413,0.6081220484247666,-0.543690572036801,-0.4944057783170089
unknown,0.0,0.0,0.0,-0.14089163910254235,-0.4023686598813638,-0.13619317026192165,-0.16612569435241195,-0.8431663568748523,-0.24270150538825158,-0.17089178477283032,-1.2387063013504243,-0.3549956928988875,-0.19144680636563813,-1.5412927236188168,-0.462274517813192,0.31712040987662293,-1.046130965541373,-0.16183670780012216,0.5927928166509145,-1.3523960173336127,-0.31477145762789166,0.7537992738598083,-1.5377129152858071,-0.42806869626792576,0.9120032305441386,-1.694162902782119,-0.5088023472269816,0.45301152560386054,-0.8688290650823792,-0.19979142458609672,0.7593893020012324,-1.2373805573227,-0.3703432976167429,0.9286791995485663,-1.4879207246194994,-0.4897492687007554,1.0990336708335549,-1.6947115529000785,-0.5711439200602105,0.5261719333216127,-0.622322385221978,-0.25287425930540763,0.8074016417390641,-0.8535186252604284,-0.45819509563494887,0.5961082462136326,-0.8438264482058554,-0.49817356132094065,0.3940781608864354,-0.798489339277115,-0.4848766567369671,0.548674716307847,-0.3363616657678685,-0.31618040824270616,0.7835527943503663,-0.49477289027453913,-0.48571973838996413,0.7059009421191977,-0.5550906072584102,-0.5123024248264749,0.5811030398101334,-0.5756312976395598,-0.5021528789162578
unknown,0.0,0.0,0.0,-0.13943119971527101,-0.4076625132873834,-0.1336814141370615,-0.17312855978134337,-0.8385581723915047,-0.23786030425144639,-0.1796711862662441,-1.227206767804819,-0.3487414508616966,-0.20332644378850445,-1.5289901896776028,-0.4539751741994231,0.30327225246814465,-1.0499725367355495,-0.14241728718040214,0.5667253706824681,-1.3514289322347857,-0.2872824273305549,0.7242322290357637,-1.5340551103410822,-0.39155081415227055,0.8792020092266275,-1.690751539407942,-0.46428054556802456,0.4423277286862077,-0.8784977900461065,-0.1805209498075158,0.7315789877652474,-1.233262423053115,-0.34409536219444137,0.8972090301084582,-1.4786927777809762,-0.45204833186786175,1.063086546196478,-1.6792850459970612,-0.5219982866331133,0.5185737807478288,-0.6372849840497534,-0.23601529722629508,0.7750892380516955,-0.8463816171892339,-0.44124942984405907,0.5686264476177824,-0.8232097625798618,-0.48132427647244647,0.37527409832108133,-0.7665548572288023,-0.46454234508304837,0.5436005339855957,-0.35604062358775,-0.30137670254421994,0.7695520392492674,-0.5076620567241662,-0.4697121114933744,0.6851538368052089,-0.5530809403961516,-0.49550416521763313,0.5563824794394947,-0.5554356142462515,-0.48289481118584554
unknown,0.0,0.0,0.0,-0.14743503742102745,-0.4207790953384168,-0.13550792386328506,-0.20683030593416168,-0.86577950706828,-0.25330603552771697,-0.2318469458811902,-1.2645191432414105,-0.37671447576936207,-0.25740534690264566,-1.5834868029548979,-0.49519938722770895,0.2672679253685395,-1.0768223484496744,-0.17484449948762237,0.540451001607601,-1.3752775876515675,-0.3322219935466301,0.7012224670537848,-1.5685693126546347,-0.4397910292993877,0.8530401707620638,-1.7238837388264043,-0.5093514521257736,0.40641992173849795,-0.8876595094155205,-0.21652584732144778,0.7172598583124832,-1.2538655979635969,-0.3869760230361457,0.8847097761188519,-1.5053963117117815,-0.4875062492685371,1.0468337926350464,-1.7056387855539374,-0.5467119449730585,0.48710986408782114,-0.6268125528567146,-0.2733858858529247,0.7148926216434855,-0.8258721707945126,-0.47762891233348664,0.4847245469326243,-0.7879188340533584,-0.4975929821958645,0.28851576421035696,-0.7302686592142226,-0.46462610195428317,0.5141939967398701,-0.33456698039692556,-0.3395495462532258,0.6996089470383927,-0.49930547878496234,-0.49295370370689395,0.5724961582680931,-0.5115039253654842,-0.48825669836439584,0.4323403681583038,-0.4842267889691882,-0.45283963994634274
unknown,0.0,0.0,0.0,-0.08914798812143732,-0.5438319020877913,-0.1484288800240785,-0.05010658381441591,-1.1415712326882692,-0.2502311845922905,-0.03956858454974595,-1.594395364831691,-0.3556584266281928,-0.04360231602513137,-1.9664674084080578,-0.4624807439058604,0.4163503427740202,-1.0506363354115746,-0.235963748199685,0.7738983031238114,-1.2950777619448355,-0.4242775345268104,0.9958939288150753,-1.4606113389621966,-0.5425693026277801,1.1998143301280708,-1.5984553406594209,-0.6156098194978225,0.5860883669567742,-0.7591818462465556,-0.28309600923999784,0.9492974634268427,-1.0203207960597707,-0.46763820504073156,1.1887310598535263,-1.2318502759558903,-0.5728298052795219,1.4002304734042417,-1.3907259410629602,-0.6306896205153031,0.6563452625814299,-0.4148299539348045,-0.3423656621657381,0.6826122920846834,-0.4833791830603108,-0.5530248105422413,0.4256484874900688,-0.4705189408124646,-0.5694588074007176,0.24405030924346763,-0.4404062218923711,-0.5324110820734924,0.633740976427217,-0.07841506721071405,-0.4125193958277195,0.5567354602569826,-0.09131709658268146,-0.5726991568167586,0.3627140209690469,-0.11301429638401872,-0.5595486341960154,0.22475994587169834,-0.10767013088817298,-0.5159231314129875
unknown,0.0,0.0,0.0,0.24105100084155506,-0.4094738573286627,-0.19200605210055458,0.5433567749868609,-0.760269618413382,-0.33672323407215626,0.7994458297079613,-1.1244998011563134,-0.47784277859938984,0.988184756469148,-1.4426602398419677,-0.6167740939579978,0.9543940039577974,-0.1681412749673,-0.2613941445000967,1.3958716261682307,0.06694703710210127,-0.4605967290621022,1.6633997785480106,0.2009740197239219,-0.5968914312428301,1.9005108209147379,0.3559573613470328,-0.6877615590823688,0.9253076758561871,0.2398036504915373,-0.2937684704194004,1.3964119910486195,0.47006942428371645,-0.49752647280524465,1.7173756331846928,0.641676019453438,-0.6200441746053416,1.9736298532933807,0.8162977924476629,-0.6995294110477659,0.7914424631514307,0.570625798757792,-0.3443945721182504,1.0910476255628365,0.8568343747539571,-0.6058892462288105,0.8976219793453512,0.7546835843356824,-0.6457610439134055,0.7062479249246382,0.6389955380090676,-0.616641306807184,0.6112099176514094,0.8279423160729893,-0.4056955177577749,0.7848125644214899,1.028941074225008,-0.6370058838030216,0.6686520626249483,0.9069403631287525,-0.6643764078892322,0.5322290904818704,0.755528571428714,-0.6399426020050808
unknown,0.0,0.0,0.0,0.1898785748883736,-0.4699685667236911,-0.25789007061333113,0.5083130099395285,-0.8106222590062879,-0.4235656931011142,0.8079886640991238,-1.111411982446839,-0.5805052752017097,1.0433646806683827,-1.410740066951704,-0.7337657776144324,0.9358591159047304,-0.1208564313001314,-0.2919882474977117,1.3446015288908986,0.11889926233264726,-0.48859259461903537,1.6095020032308651,0.26416291805900244,-0.6182366684235252,1.8542723809417285,0.43861444041160635,-0.7088384462640984,0.9078544332718281,0.29120298885759904,-0.30166396415397184,1.3558689735917717,0.5418748148625643,-0.5146692387634124,1.6760337715686664,0.7334972263029198,-0.6399788594813529,1.9396497602068725,0.9412650341670342,-0.7232985166053901,0.7691798798011232,0.5960113460806973,-0.3381719396374119,1.044906662338328,0.9053278788398107,-0.6402818289381056,0.8177817447728598,0.7521671810659194,-0.6950461937123874,0.5961470803895079,0.5969085897837917,-0.6664943321470919,0.5694026808334495,0.8440253745535817,-0.391495125426968,0.7490951942826883,1.0726264027273666,-0.6609879230890646,0.6100196756754783,0.9338969567053047,-0.7049244825965257,0.45169034516810486,0.7597837720783392,-0.6881540596220852
unknown,0.0,0.0,0.0,0.20819368959828874,-0.42973964059996467,-0.24296516816311392,0.5300657845204246,-0.7472318038004687,-0.38033189200060363,0.8130666752385274,-1.0113443539399423,-0.5139076225940985,1.0291390912390628,-1.2664997505575528,-0.6430288053464912,0.935177046975239,-0.0577337912992088,-0.21574995895314697,1.3103542538098434,0.1435324411918979,-0.3910023707403029,1.5534427637785775,0.27075878840501577,-0.5122950406346379,1.7870654889272415,0.42286943900510343,-0.5988434158201862,0.9191593000344118,0.3227118424361741,-0.22583898669561064,1.3258951014231473,0.5513659848128398,-0.4248036740594209,1.6187126681733743,0.7085427135151426,-0.5502673447923256,1.865862410506003,0.8836116748467828,-0.62989171199794,0.7961668714894169,0.6066490562312657,-0.26738783461063387,1.0405862846923386,0.877885203847438,-0.562721395974817,0.8075712957648147,0.7258858450865602,-0.627877076772243,0.5876321781771855,0.5850110714103396,-0.6009301952908256,0.6122440005115444,0.8460161878409653,-0.3255204887333745,0.8030632864513648,1.0616344687538157,-0.5855611142144841,0.6788137659952947,0.9398687798001117,-0.6350634483648596,0.5315100490701711,0.7844915757541241,-0.6209430088378352
unknown,0.0,0.0,0.0,0.17868793223612361,-0.3974701925156474,-0.27807696609589083,0.4775965159886544,-0.6970658570567212,-0.4488979240308051,0.7559715991282157,-0.9693522525599702,-0.6090479769456565,0.9857006988217524,-1.2266186211942562,-0.7639553060012241,0.8997648809407544,-0.02086507219736819,-0.2896489684453916,1.2795292930531965,0.19562723479519376,-0.489654150960788,1.5251226354724707,0.33410138789532473,-0.6251769555254136,1.759550144807979,0.5046870283628624,-0.7197809173249272,0.8810629637475366,0.3750697945686478,-0.28818518892309425,1.2891977213691062,0.6210333405725045,-0.5043082107298512,1.5866916154952786,0.8000796260864056,-0.6361688261052848,1.8398440316192062,0.9932623795939027,-0.7215700766463177,0.753310257225991,0.6637560666652118,-0.3179806819543356,1.0035534230293375,0.9642940676034042,-0.6232737370010268,0.7671943136846445,0.8316412592180691,-0.686274352588924,0.5433005420679333,0.6977247341150687,-0.6589775856247783,0.5697551669789951,0.8986154011806876,-0.3671048252799343,0.7519325405568635,1.1413646699668072,-0.6380744739425666,0.6269272091649456,1.0356703615378744,-0.690177665895827,0.4788438792829289,0.890228228036514,-0.6767777537216839
unknown,0.0,0.0,0.0,0.2768501702913138,-0.6134732065736687,-0.17685096029317696,0.4339163068951921,-1.271637927205952,-0.46490766153079,0.5165675830445019,-1.794168838661657,-0.7120621486741917,0.5739787670360542,-2.2511483389798155,-0.9711393149180593,0.1987157782111533,-0.8027455112866366,-0.9058229509860961,-0.18531953393721984,-1.6481278624440001,-1.2658940252891748,-0.3009793931943737,-2.0919895590240705,-1.4280033708971673,-0.3505786929055777,-2.2421022760646094,-1.4818158917684605,-0.10436529861222497,-0.2980601069010232,-0.9488245660393347,-0.5233401970650844,-1.3173795598568978,-1.2528027095631007,-0.6343287643195747,-1.9211283211189372,-1.2731648489828236,-0.6479351046341916,-2.1482837263724712,-1.2698071996510591,-0.37973503311944645,0.02659721856168964,-0.9672922249820524,-0.6293844559473486,-1.0150003701505013,-1.1911191809989776,-0.6573966586866525,-1.555936562636673,-1.0860971062526887,-0.6107014576032076,-1.7035512702984847,-0.982727684569968,-0.601289444269462,0.1686243117301466,-0.9876588845403442,-0.7621112736074837,-0.680961406685226,-1.1285687802601072,-0.7624027321424075,-1.1968719423873497,-1.0420778272020437,-0.7369369946672896,-1.407964583222374,-0.9511247741542862
unknown,0.0,0.0,0.0,0.4789826083496921,-0.37133158161415974,-0.24618155785782384,0.7220844216815718,-0.8716406568862216,-0.4998003796996334,0.7301214650622883,-1.4405128010787587,-0.7173917004289273,0.6323042546250119,-1.8896613901427342,-0.989711217615647,0.7072790128410452,-0.04131997386169032,-0.8772537675252949,0.6494523875080846,-1.3757575515338396,-1.1831296929591022,0.5430562001939694,-2.1204259579784543,-1.3267857053452798,0.45782934587254104,-2.5372576331064387,-1.4216486193432325,0.2275812665500119,0.22667194321261358,-0.9470092910186837,0.2056927779870999,-1.3851936225725856,-1.2692443316630788,0.1196405241316266,-2.3492924193681173,-1.400288560579361,0.07600014638785653,-2.95174479857904,-1.5211126112197146,-0.22930259732517533,0.27829043911346896,-0.9938683475025011,-0.2807760121829996,-1.3619824413004389,-1.3421062634893692,-0.2592272364623851,-2.293811642900168,-1.4163295019025013,-0.22688085991457843,-2.8492408008470433,-1.4658482287074865,-0.6368865835687496,0.1816727140996533,-1.0403854591279742,-0.6701860309684686,-1.060978114090013,-1.3297064099431015,-0.612091563709912,-1.7055495289073204,-1.353073943939315,-0.5266959689753582,-2.092511472492842,-1.3667257352861393
unknown,0.0,0.0,0.0,0.3910400832500412,-0.41746621076881735,-0.3332126721353377,0.607220017587379,-0.8640116688608096,-0.644530472120738,0.5695573987826354,-1.3380727823923264,-0.9101256532431817,0.4878688052293455,-1.7602404539502514,-1.1995359148114964,0.7249271433543123,-0.06790690235831015,-0.914384571226951,0.5806624628692709,-1.1972996488857413,-1.2904377687407138,0.37541021932516144,-1.8523548929746596,-1.4856340506795753,0.2451915091188512,-2.315424561055278,-1.5832570345952213,0.2844323228293929,0.1698032291942375,-0.9435386145172253,0.17531640431201007,-1.1432962482974014,-1.3201203701984907,0.07373172733899706,-1.9534377246255625,-1.4577368467650256,0.020784018400575012,-2.5235304488298667,-1.5440710712605525,-0.15162887770288916,0.24105529213825214,-0.963865309004678,-0.2452737846826606,-1.0663041291354125,-1.3088871734967884,-0.2470596274399777,-1.8031740514078742,-1.334194745136156,-0.23974386951510862,-2.2772294661990404,-1.3187888238984848,-0.5195773088817016,0.16450197598324667,-1.0014548236558636,-0.5223251702444264,-0.8015228438906741,-1.2309594814463307,-0.4320788495411447,-1.2965952130942395,-1.201599838289351,-0.34860334471672194,-1.6032280474725622,-1.1604384600378952
unknown,0.0,0.0,0.0,0.37956768715621947,-0.3960767258449189,-0.1744970788826037,0.5384459901021376,-1.1048855525317738,-0.3541772212277669,0.5082046855842747,-1.7258045627746297,-0.4705609885434093,0.3773327320577347,-2.1497077227721917,-0.6030040495467638,0.4060874046690808,-0.7469964463733263,-0.7798731453467415,0.36388225290353465,-1.7845722788840461,-1.0061733131944666,0.2521255194822986,-2.3522246290618094,-1.058032421191972,0.1394243172424044,-2.765131202199645,-1.0659795133458974,-0.0044008448354589304,-0.6238611946432099,-0.7815227715064235,-0.04975295979823803,-1.8636334701661381,-1.0131311303764536,-0.10394544103438096,-2.572100423313515,-1.0607491071869937,-0.15604386050952082,-3.0518967990744197,-1.079221674103441,-0.38394297780791947,-0.5989182393336369,-0.7517187370586249,-0.4332998477578939,-1.8083459576232437,-0.9550586434623441,-0.4163208192841145,-2.49373126695376,-1.0210623374972316,-0.4180322589423485,-2.966382831066387,-1.0548478173727158,-0.6884514660547819,-0.6357321489796612,-0.7086168579055648,-0.6161438311480093,-1.4963770290260003,-0.8769059206792229,-0.4972443580393413,-1.91229347061847,-0.9194331760245144,-0.422689336269012,-2.2052673528394378,-0.9389413780368139
unknown,0.0,0.0,0.0,0.33208629343785356,-0.40166139304943804,-0.17674356933584381,0.4524335521876279,-1.0787662763256347,-0.3754621904903659,0.4047018966715762,-1.653711497557698,-0.5072832565196581,0.2773858854977423,-2.069241744001125,-0.6509527604987412,0.3757275189644747,-0.6661628492156256,-0.8447883304742475,0.35172470321311583,-1.6565558091801893,-1.090217436446819,0.28053346019512926,-2.1341507491363534,-1.145157573375263,0.2079921768842264,-2.4749441253964233,-1.1471408288580511,-0.016318576612695677,-0.5436836164086918,-0.8391315923656445,-0.05773776241297741,-1.775306449249048,-1.0862734418985374,-0.09945202350004768,-2.4255749122589196,-1.1236791156803578,-0.14484165670249594,-2.873099885476245,-1.135221062677249,-0.37149002370404066,-0.539233238657469,-0.7985895233663529,-0.4008870172434476,-1.7400044859096708,-1.0029977321928218,-0.36077252398656495,-2.356381174624177,-1.0488281675646214,-0.35482850473562166,-2.7786417828917713,-1.0693236183142647,-0.645233288238834,-0.6006347213335179,-0.74540409241228,-0.5369576633935053,-1.4980887283224318,-0.8879257708460767,-0.3804597455755436,-1.8366701421338325,-0.8999615831775529,-0.28864283448551553,-2.038090359402274,-0.9014922271812197
unknown,0.0,0.0,0.0,-0.2385427380876229,-0.1969734810129612,-0.2127847436390898,-0.36381980806498915,-0.38534114757980664,-0.4191077508952572,-0.36073398042182264,-0.65247079857088,-0.5732645229343428,-0.2928856207551117,-0.8736021793944067,-0.7304296124576838,-0.4042213102063392,0.5234948660571419,-0.7384888466452717,-0.410630841497606,-0.24555121151592949,-0.9797585330509463,-0.35390409623113245,-0.7313620475861444,-1.07403287584595,-0.31241429314381836,-1.0633591973363408,-1.1149594546437476,-0.2212992790047415,0.6561446343161301,-0.7214574470959,-0.2523429480735506,-0.26432422059989225,-0.9556276038599393,-0.20497743757938217,-0.8522540835890047,-0.9957381999268183,-0.17883537489211607,-1.234649359173083,-1.0279646278546846,-0.02917054739155165,0.5694100375590221,-0.6891803581394039,-0.08888058335115886,-0.2943442210182557,-0.8949344159238626,-0.07652658172209152,-0.7895680462929012,-0.8834601181516522,-0.08558239245128946,-1.0898574665846212,-0.8597503922850096,0.1487281451726584,0.3282460468245898,-0.6631645228112422,0.09231751500569348,-0.31654419963601527,-0.8100397742713119,0.07411356169655718,-0.6988058370150745,-0.8055391432494645,0.03266652283484921,-0.9495218006871573,-0.7987850076231646
unknown,0.0,0.0,0.0,0.5282018262957586,-0.3321966915338069,-0.2579274720066357,0.7825164914559242,-0.8294013179938319,-0.5175818196584291,0.777729852895728,-1.4167484670248922,-0.7360437266836565,0.6576209094867943,-1.9064896477567883,-1.0066511956210749,0.6804906677569507,-0.001949866607475616,-0.89388365380158,0.7219504164012921,-1.12797984821807,-1.206811510321615,0.6892513427013636,-1.8459746857103132,-1.3407876968047339,0.6271916319639176,-2.395990408042908,-1.4205495460339317,0.20983593615439533,0.21180094735688046,-0.9545204233524479,0.15129829029385067,-1.2375159712359831,-1.2929392954093455,0.049110608735712914,-2.197735354384855,-1.4078886646059736,-0.021565903293555552,-2.856132424365887,-1.5146940278362326,-0.2468341817626511,0.19405242854291188,-0.9970142638747831,-0.31446142424047163,-1.2357364813223646,-1.3813140414644651,-0.3521463825786903,-2.134910841599428,-1.4663297636733326,-0.3973884938266591,-2.7182257422092038,-1.5097558250087928,-0.6527490825796696,0.014179127077662489,-1.0359193086484562,-0.6614908267803206,-1.079275777204644,-1.3719730209066014,-0.6246411875105957,-1.7396302860906565,-1.4136479884440858,-0.5814421767831299,-2.1837180851663565,-1.4302335680053313
unknown,0.0,0.0,0.0,0.379083889513214,-0.3852361419737962,-0.17107640291331905,0.4032476461638803,-1.0507861228887767,-0.3342771182218047,0.20272968254643445,-1.5932950478942804,-0.44070600146051037,-0.03781343393049856,-1.9345244295118458,-0.5456868848097383,0.28109652616599023,-0.8392403701002507,-0.6475906792576167,0.26034105291518006,-1.7901979321067738,-0.8464187629685894,0.22505452354902375,-2.1911254697114084,-0.8976705143999184,0.16737355562821812,-2.4784218827281204,-0.9059706642637784,-0.10127556244618943,-0.7680991215166941,-0.6322713025090501,-0.1256917528410078,-1.9333988887723836,-0.8398865763303682,-0.14968094513978594,-2.537321378281714,-0.8902331317311135,-0.1991123212545292,-2.9755286735057638,-0.9078279776254122,-0.4421190199328646,-0.7883588548270114,-0.5950151481578024,-0.4324566548671582,-1.9326903628735435,-0.7831155821409537,-0.3889208189308086,-2.550807900644422,-0.8677566165551313,-0.4059830581485334,-3.0048532027360264,-0.9107445856959101,-0.6737348241787576,-0.8682482875158142,-0.5463274889172495,-0.5080875160303227,-1.7373197657498463,-0.6706333163247921,-0.3457714775970873,-2.0352269530970166,-0.6974769352746046,-0.2762460902119729,-2.220920067653945,-0.7095258688570569
unknown,0.0,0.0,0.0,-0.35668839336571445,-0.13594685157039765,-0.25396254878829483,-0.5345999735482106,-0.40184093415515926,-0.46126656202133215,-0.5235009672009153,-0.8793562125162868,-0.5978561732588308,-0.4524959113521996,-1.2701562114326883,-0.7207837607182251,-0.39736203418114857,0.6347702492916313,-0.7729201478039519,-0.4111696997691353,-0.27230948167132923,-1.000804634823051,-0.43774797110268643,-0.8684186915804043,-1.0728645828523131,-0.44513148716309303,-1.2607131597557912,-1.09488553169884,-0.036818143472345195,0.6885138670012094,-0.7242879808876375,-0.08922586052067973,-0.4598001431137352,-0.9419758839344665,-0.22961607997127967,-1.0614656179008766,-0.9362459360605456,-0.3287628192811155,-1.3413763159984087,-0.9290240379939914,0.2638989820339087,0.5145142642810647,-0.6587446586375652,0.16455920269203925,-0.5507702582095758,-0.8434954376747577,-0.022616442873916214,-1.0250584799912403,-0.7935114602044496,-0.18119591237585927,-1.2239098655166794,-0.7410803423555286,0.47898535245122975,0.2270187899798384,-0.6021326198475974,0.3960120797813091,-0.5053613029819765,-0.7118085924706183,0.23129112651297795,-0.8807934061613722,-0.6827864953194438,0.06548458822933688,-1.1128195697194012,-0.6605475146510219
unknown,0.0,0.0,0.0,0.25217755395322816,-0.4727987533208809,-0.13775710568424243,0.1921640622034577,-1.068739812622359,-0.28719400419482,-0.033004803390176425,-1.5059695350827917,-0.39164107249363805,-0.2705078799215307,-1.789026024548978,-0.49087233477628767,0.2068538897603352,-0.9232134868247245,-0.6451446830889693,0.0671739522666087,-1.7370776447150278,-0.8710098408720285,-0.021234521182670118,-2.178254113362285,-0.95924826753887,-0.11082797472591455,-2.5412762503842186,-0.996609552481766,-0.12799722654820786,-0.7581250496351388,-0.6394240526533899,-0.27533537155938076,-1.7080714256725076,-0.8428000044484036,-0.32737887190204173,-2.279356645176417,-0.8690876768355544,-0.3873453066805717,-2.7194314270852202,-0.8905732104717669,-0.4624884954296176,-0.6502588960402447,-0.6070604948619495,-0.5555598869381835,-1.6684303311296318,-0.7371256488187761,-0.40072735306345486,-1.6870633818915297,-0.6247885167625291,-0.30272127061357124,-1.5115438988631116,-0.5287824185007566,-0.7171915240532724,-0.6117446523915668,-0.5821781147522993,-0.7335356432087334,-1.4184677261649545,-0.644850388287548,-0.5871851913104964,-1.5516777075754469,-0.5600717184835032,-0.5092789782608044,-1.5108226941595004,-0.48588218832674995
unknown,0.0,0.0,0.0,0.24349789349354353,-0.5082218920932694,-0.1700620346366035,0.18662252486030775,-1.122541902677044,-0.32149545062562823,-0.03520012220142109,-1.5594176698756097,-0.4249504331779877,-0.2847133193903985,-1.809387856970318,-0.5215352814016934,0.09513567753303263,-0.8787143688193667,-0.6748488437417958,-0.06987894677630493,-1.7620477536166574,-0.8937762508772173,-0.1564530893219731,-2.2027045109826378,-0.9568256670678777,-0.2588517416060858,-2.56458836124078,-0.9763936330382665,-0.25020412541764186,-0.7146324596417257,-0.653221511625582,-0.39769464262722143,-1.7449672178824618,-0.8588423474491348,-0.44631279863690904,-2.3120883995543475,-0.8684612254247587,-0.5238266415889581,-2.7407008778092887,-0.8747584450537279,-0.571837418771029,-0.60855105103143,-0.608672844396927,-0.6716126198622427,-1.6710781530358687,-0.760869408210522,-0.46918837146377623,-1.6659598660916837,-0.6648363974512365,-0.340073152524629,-1.4808903473708512,-0.575118771986148,-0.803621939417683,-0.5891675899883551,-0.5728447091976305,-0.8144507013334792,-1.4229875742847313,-0.6559073083942627,-0.6376459906362901,-1.499192729800369,-0.5882487502458023,-0.5360446021821753,-1.4026708917499535,-0.525708510689027
unknown,0.0,0.0,0.0,0.25916351699074136,-0.5986393980468117,-0.32642108506713136,0.3418171902413261,-1.228009388985282,-0.638949354162364,0.19322897492730476,-1.7328890590711372,-0.8775185244942082,-0.05474508579530006,-1.861107277916649,-1.1020957945778178,0.3275788762996952,-0.3582342561501693,-1.0579999504151314,-0.11673791859956956,-1.1824242204597075,-1.430738419837006,-0.38487574648421063,-1.760157425841179,-1.5533024679836422,-0.5173968791536098,-2.144725344757639,-1.583706884964842,-0.07301882201918675,0.01644436096411166,-0.9971949832522286,-0.5256906333361475,-1.0263007502212216,-1.3318214428222572,-0.748536259621763,-1.7810654381768705,-1.3409008396789408,-0.7805864167964588,-2.2228856453542405,-1.3310590009450898,-0.4541272443195569,0.23931091345876637,-0.9180152881609455,-0.8363650753512604,-0.7516876253917103,-1.177175772367768,-0.8875084269646825,-1.2913963925569893,-1.140960617217889,-0.7861069933637143,-1.5357817600685666,-1.0916526306124814,-0.7850985927107381,0.3090236977281508,-0.8561438425330229,-1.1236979992142968,-0.37038116230144735,-1.039751158838976,-1.1494175232370456,-0.8229137688365387,-1.0366024467549577,-1.0210573701041374,-1.1110118640822695,-1.0091914633211378